passport,destination,requirement,max_stay_days
AD,AE,visa_free,30
AD,AF,visa_required,
AD,AG,visa_free,180
AD,AL,visa_free,90
AD,AM,visa_free,180
AD,AO,visa_required,
AD,AR,visa_free,90
AD,AT,visa_free,90
AD,AU,eta,
AD,AZ,e_visa,
AD,BA,visa_free,90
AD,BB,visa_free,90
AD,BD,visa_on_arrival,
AD,BE,visa_free,90
AD,BF,e_visa,
AD,BG,visa_free,90
AD,BH,visa_on_arrival,
AD,BI,visa_on_arrival,
AD,BJ,e_visa,
AD,BN,visa_required,
AD,BO,visa_free,90
AD,BR,visa_free,90
AD,BS,visa_free,90
AD,BT,e_visa,
AD,BW,e_visa,
AD,BY,visa_free,30
AD,BZ,visa_free,
AD,CA,eta,
AD,CD,e_visa,
AD,CF,visa_required,
AD,CG,visa_required,
AD,CH,visa_free,90
AD,CI,eta,
AD,CL,visa_free,90
AD,CM,e_visa,
AD,CN,visa_free,30
AD,CO,visa_free,90
AD,CR,visa_free,180
AD,CU,e_visa,
AD,CV,visa_free,30
AD,CY,visa_free,90
AD,CZ,visa_free,90
AD,DE,visa_free,90
AD,DJ,visa_on_arrival,
AD,DK,visa_free,90
AD,DM,visa_free,21
AD,DO,visa_free,
AD,DZ,visa_required,
AD,EC,visa_free,90
AD,EE,visa_free,90
AD,EG,visa_on_arrival,
AD,ER,visa_required,
AD,ES,visa_free,90
AD,ET,e_visa,
AD,FI,visa_free,90
AD,FJ,visa_required,
AD,FM,visa_free,30
AD,FR,visa_free,90
AD,GA,e_visa,
AD,GB,visa_free,180
AD,GD,visa_required,
AD,GE,visa_free,360
AD,GH,visa_on_arrival,
AD,GM,visa_free,90
AD,GN,e_visa,
AD,GQ,e_visa,
AD,GR,visa_free,90
AD,GT,visa_free,90
AD,GW,visa_on_arrival,
AD,GY,visa_required,
AD,HK,visa_free,90
AD,HN,visa_free,90
AD,HR,visa_free,90
AD,HT,visa_free,90
AD,HU,visa_free,90
AD,ID,visa_on_arrival,
AD,IE,visa_free,90
AD,IL,visa_free,90
AD,IN,e_visa,
AD,IQ,e_visa,
AD,IR,visa_on_arrival,
AD,IS,visa_free,90
AD,IT,visa_free,90
AD,JM,visa_on_arrival,
AD,JO,visa_on_arrival,
AD,JP,visa_free,90
AD,KE,eta,
AD,KG,visa_free,60
AD,KH,visa_on_arrival,
AD,KI,visa_required,
AD,KM,visa_on_arrival,
AD,KN,e_visa,
AD,KP,visa_required,
AD,KR,eta,
AD,KW,visa_on_arrival,
AD,KZ,visa_free,90
AD,LA,visa_on_arrival,
AD,LB,visa_on_arrival,
AD,LC,visa_free,42
AD,LI,visa_free,90
AD,LK,visa_on_arrival,
AD,LR,visa_required,
AD,LS,e_visa,
AD,LT,visa_free,90
AD,LU,visa_free,90
AD,LV,visa_free,90
AD,LY,e_visa,
AD,MA,visa_free,90
AD,MC,visa_free,90
AD,MD,visa_free,90
AD,ME,visa_free,90
AD,MG,visa_on_arrival,
AD,MH,visa_on_arrival,
AD,MK,visa_free,90
AD,ML,visa_required,
AD,MM,visa_required,
AD,MN,e_visa,
AD,MO,visa_free,90
AD,MR,visa_on_arrival,
AD,MT,visa_free,90
AD,MU,visa_on_arrival,
AD,MV,visa_on_arrival,
AD,MW,visa_on_arrival,
AD,MX,visa_free,180
AD,MY,visa_free,30
AD,MZ,visa_on_arrival,
AD,NA,visa_required,
AD,NE,visa_required,
AD,NG,e_visa,
AD,NI,visa_free,90
AD,NL,visa_free,90
AD,NO,visa_free,90
AD,NP,visa_on_arrival,
AD,NR,visa_required,
AD,NZ,eta,
AD,OM,visa_on_arrival,
AD,PA,visa_free,90
AD,PE,visa_free,180
AD,PG,eta,
AD,PH,visa_free,30
AD,PK,e_visa,
AD,PL,visa_free,90
AD,PS,visa_free,
AD,PT,visa_free,90
AD,PW,visa_on_arrival,
AD,PY,visa_free,90
AD,QA,visa_on_arrival,
AD,RO,visa_free,90
AD,RS,visa_free,90
AD,RU,visa_free,90
AD,RW,visa_free,30
AD,SA,visa_on_arrival,
AD,SB,visa_on_arrival,
AD,SC,visa_free,90
AD,SD,visa_required,
AD,SE,visa_free,90
AD,SG,visa_free,30
AD,SI,visa_free,90
AD,SK,visa_free,90
AD,SL,e_visa,
AD,SM,visa_free,90
AD,SN,visa_on_arrival,
AD,SO,e_visa,
AD,SR,visa_required,
AD,SS,e_visa,
AD,ST,visa_free,15
AD,SV,visa_free,180
AD,SY,e_visa,
AD,SZ,visa_free,30
AD,TD,visa_required,
AD,TG,e_visa,
AD,TH,visa_free,60
AD,TJ,visa_free,30
AD,TL,visa_on_arrival,
AD,TM,visa_required,
AD,TN,visa_free,90
AD,TO,visa_required,
AD,TR,visa_free,90
AD,TT,visa_required,
AD,TV,visa_on_arrival,
AD,TW,visa_free,90
AD,TZ,visa_on_arrival,
AD,UA,visa_free,90
AD,UG,e_visa,
AD,US,eta,
AD,UY,visa_free,90
AD,UZ,visa_free,30
AD,VA,visa_free,90
AD,VC,visa_free,90
AD,VE,visa_free,90
AD,VN,e_visa,
AD,VU,visa_free,120
AD,WS,visa_on_arrival,
AD,XK,visa_free,90
AD,YE,visa_required,
AD,ZA,visa_free,90
AD,ZM,visa_on_arrival,
AD,ZW,visa_on_arrival,
AE,AD,visa_free,90
AE,AF,visa_required,
AE,AG,visa_free,90
AE,AL,visa_free,90
AE,AM,visa_free,180
AE,AO,visa_free,30
AE,AR,visa_free,90
AE,AT,visa_free,90
AE,AU,e_visa,
AE,AZ,visa_free,90
AE,BA,visa_free,90
AE,BB,visa_free,90
AE,BD,visa_on_arrival,
AE,BE,visa_free,90
AE,BF,visa_free,
AE,BG,visa_free,90
AE,BH,visa_free,
AE,BI,visa_on_arrival,
AE,BJ,e_visa,
AE,BN,visa_free,30
AE,BO,visa_on_arrival,
AE,BR,visa_free,90
AE,BS,visa_free,90
AE,BT,e_visa,
AE,BW,visa_free,90
AE,BY,visa_free,90
AE,BZ,visa_required,
AE,CA,eta,
AE,CD,e_visa,
AE,CF,visa_on_arrival,
AE,CG,visa_on_arrival,
AE,CH,visa_free,90
AE,CI,eta,
AE,CL,visa_free,90
AE,CM,e_visa,
AE,CN,visa_free,30
AE,CO,visa_free,90
AE,CR,visa_free,180
AE,CU,visa_free,90
AE,CV,visa_on_arrival,
AE,CY,visa_free,90
AE,CZ,visa_free,90
AE,DE,visa_free,90
AE,DJ,visa_on_arrival,
AE,DK,visa_free,90
AE,DM,visa_free,180
AE,DO,visa_free,
AE,DZ,visa_required,
AE,EC,visa_free,90
AE,EE,visa_free,90
AE,EG,visa_free,180
AE,ER,visa_required,
AE,ES,visa_free,90
AE,ET,visa_on_arrival,
AE,FI,visa_free,90
AE,FJ,visa_free,120
AE,FM,visa_free,30
AE,FR,visa_free,90
AE,GA,e_visa,
AE,GB,eta,
AE,GD,visa_free,90
AE,GE,visa_free,90
AE,GH,visa_on_arrival,
AE,GM,visa_free,90
AE,GN,visa_on_arrival,
AE,GQ,visa_free,90
AE,GR,visa_free,90
AE,GT,visa_free,90
AE,GW,visa_on_arrival,
AE,GY,visa_on_arrival,
AE,HK,visa_free,30
AE,HN,visa_free,90
AE,HR,visa_free,90
AE,HT,visa_free,90
AE,HU,visa_free,90
AE,ID,visa_on_arrival,
AE,IE,visa_free,90
AE,IL,visa_free,90
AE,IN,visa_on_arrival,
AE,IQ,visa_on_arrival,
AE,IR,visa_free,15
AE,IS,visa_free,90
AE,IT,visa_free,90
AE,JM,visa_on_arrival,
AE,JO,visa_free,90
AE,JP,visa_free,30
AE,KE,eta,
AE,KG,visa_free,60
AE,KH,visa_on_arrival,
AE,KI,visa_free,90
AE,KM,visa_on_arrival,
AE,KN,visa_free,90
AE,KP,visa_required,
AE,KR,visa_free,90
AE,KW,visa_free,
AE,KZ,visa_free,30
AE,LA,visa_on_arrival,
AE,LB,visa_free,180
AE,LC,visa_free,60
AE,LI,visa_free,90
AE,LK,visa_on_arrival,
AE,LR,visa_required,
AE,LS,e_visa,
AE,LT,visa_free,90
AE,LU,visa_free,90
AE,LV,visa_free,90
AE,LY,e_visa,
AE,MA,visa_free,90
AE,MC,visa_free,90
AE,MD,visa_free,90
AE,ME,visa_free,90
AE,MG,visa_on_arrival,
AE,MH,visa_on_arrival,
AE,MK,visa_free,90
AE,ML,visa_free,90
AE,MM,visa_required,
AE,MN,visa_free,30
AE,MO,visa_free,90
AE,MR,visa_on_arrival,
AE,MT,visa_free,90
AE,MU,visa_free,90
AE,MV,visa_on_arrival,
AE,MW,e_visa,
AE,MX,visa_free,180
AE,MY,visa_free,90
AE,MZ,visa_free,30
AE,NA,visa_on_arrival,
AE,NE,visa_required,
AE,NG,e_visa,
AE,NI,visa_free,90
AE,NL,visa_free,90
AE,NO,visa_free,90
AE,NP,visa_on_arrival,
AE,NR,visa_free,
AE,NZ,eta,
AE,OM,visa_free,
AE,PA,visa_free,90
AE,PE,visa_free,90
AE,PG,e_visa,
AE,PH,visa_free,30
AE,PK,visa_free,90
AE,PL,visa_free,90
AE,PS,visa_free,
AE,PT,visa_free,90
AE,PW,visa_on_arrival,
AE,PY,visa_free,90
AE,QA,visa_free,
AE,RO,visa_free,90
AE,RS,visa_free,90
AE,RU,visa_free,90
AE,RW,visa_on_arrival,
AE,SA,visa_free,
AE,SB,visa_free,90
AE,SC,visa_free,90
AE,SD,visa_free,
AE,SE,visa_free,90
AE,SG,visa_free,30
AE,SI,visa_free,90
AE,SK,visa_free,90
AE,SL,visa_on_arrival,
AE,SM,visa_free,90
AE,SN,visa_free,90
AE,SO,visa_on_arrival,
AE,SR,visa_required,
AE,SS,e_visa,
AE,ST,visa_free,15
AE,SV,visa_free,180
AE,SY,visa_free,
AE,SZ,visa_required,
AE,TD,visa_free,
AE,TG,e_visa,
AE,TH,visa_free,60
AE,TJ,visa_free,30
AE,TL,visa_on_arrival,
AE,TM,visa_required,
AE,TN,visa_free,90
AE,TO,visa_free,60
AE,TR,visa_free,90
AE,TT,visa_required,
AE,TV,visa_on_arrival,
AE,TW,e_visa,
AE,TZ,visa_on_arrival,
AE,UA,visa_free,90
AE,UG,e_visa,
AE,US,visa_required,
AE,UY,visa_free,90
AE,UZ,visa_free,30
AE,VA,visa_free,90
AE,VC,visa_free,90
AE,VE,visa_required,
AE,VN,e_visa,
AE,VU,visa_free,120
AE,WS,visa_on_arrival,
AE,XK,visa_free,90
AE,YE,visa_on_arrival,
AE,ZA,visa_free,90
AE,ZM,visa_free,90
AE,ZW,visa_on_arrival,
AF,AD,visa_required,
AF,AE,e_visa,
AF,AG,e_visa,
AF,AL,e_visa,
AF,AM,visa_required,
AF,AO,visa_required,
AF,AR,visa_required,
AF,AT,visa_required,
AF,AU,e_visa,
AF,AZ,visa_required,
AF,BA,visa_required,
AF,BB,visa_required,
AF,BD,visa_on_arrival,
AF,BE,visa_required,
AF,BF,e_visa,
AF,BG,visa_required,
AF,BH,e_visa,
AF,BI,visa_on_arrival,
AF,BJ,e_visa,
AF,BN,visa_required,
AF,BO,visa_on_arrival,
AF,BR,visa_required,
AF,BS,e_visa,
AF,BT,e_visa,
AF,BW,e_visa,
AF,BY,visa_required,
AF,BZ,visa_required,
AF,CA,visa_required,
AF,CD,e_visa,
AF,CF,visa_required,
AF,CG,visa_required,
AF,CH,visa_required,
AF,CI,eta,
AF,CL,visa_required,
AF,CM,e_visa,
AF,CN,visa_required,
AF,CO,e_visa,
AF,CR,visa_required,
AF,CU,visa_required,
AF,CV,visa_on_arrival,
AF,CY,visa_required,
AF,CZ,visa_required,
AF,DE,visa_required,
AF,DJ,visa_on_arrival,
AF,DK,visa_required,
AF,DM,visa_free,21
AF,DO,visa_required,
AF,DZ,visa_required,
AF,EC,e_visa,
AF,EE,visa_required,
AF,EG,visa_required,
AF,ER,visa_required,
AF,ES,visa_required,
AF,ET,e_visa,
AF,FI,visa_required,
AF,FJ,visa_required,
AF,FM,visa_free,30
AF,FR,visa_required,
AF,GA,e_visa,
AF,GB,visa_required,
AF,GD,visa_required,
AF,GE,e_visa,
AF,GH,visa_on_arrival,
AF,GM,visa_required,
AF,GN,e_visa,
AF,GQ,e_visa,
AF,GR,visa_required,
AF,GT,visa_required,
AF,GW,visa_on_arrival,
AF,GY,visa_required,
AF,HK,e_visa,
AF,HN,visa_required,
AF,HR,visa_required,
AF,HT,visa_free,90
AF,HU,visa_required,
AF,ID,e_visa,
AF,IE,visa_required,
AF,IL,visa_required,
AF,IN,e_visa,
AF,IQ,e_visa,
AF,IR,visa_required,
AF,IS,visa_required,
AF,IT,visa_required,
AF,JM,visa_required,
AF,JO,visa_required,
AF,JP,visa_required,
AF,KE,eta,
AF,KG,e_visa,
AF,KH,visa_on_arrival,
AF,KI,visa_required,
AF,KM,visa_on_arrival,
AF,KN,e_visa,
AF,KP,visa_required,
AF,KR,e_visa,
AF,KW,visa_required,
AF,KZ,visa_required,
AF,LA,visa_required,
AF,LB,visa_required,
AF,LC,visa_required,
AF,LI,visa_required,
AF,LK,visa_on_arrival,
AF,LR,visa_required,
AF,LS,e_visa,
AF,LT,visa_required,
AF,LU,visa_required,
AF,LV,visa_required,
AF,LY,e_visa,
AF,MA,visa_required,
AF,MC,visa_required,
AF,MD,e_visa,
AF,ME,visa_required,
AF,MG,visa_on_arrival,
AF,MH,visa_required,
AF,MK,visa_required,
AF,ML,visa_required,
AF,MM,visa_required,
AF,MN,visa_required,
AF,MO,visa_on_arrival,
AF,MR,visa_on_arrival,
AF,MT,visa_required,
AF,MU,visa_required,
AF,MV,visa_on_arrival,
AF,MW,e_visa,
AF,MX,visa_required,
AF,MY,e_visa,
AF,MZ,visa_on_arrival,
AF,NA,visa_required,
AF,NE,visa_required,
AF,NG,e_visa,
AF,NI,visa_required,
AF,NL,visa_required,
AF,NO,visa_required,
AF,NP,visa_required,
AF,NR,visa_required,
AF,NZ,visa_required,
AF,OM,e_visa,
AF,PA,visa_required,
AF,PE,visa_required,
AF,PG,e_visa,
AF,PH,visa_required,
AF,PK,e_visa,
AF,PL,visa_required,
AF,PS,visa_required,
AF,PT,visa_required,
AF,PW,visa_on_arrival,
AF,PY,visa_required,
AF,QA,e_visa,
AF,RO,visa_required,
AF,RS,visa_required,
AF,RU,visa_required,
AF,RW,visa_on_arrival,
AF,SA,visa_required,
AF,SB,visa_required,
AF,SC,visa_free,90
AF,SD,visa_required,
AF,SE,visa_required,
AF,SG,e_visa,
AF,SI,visa_required,
AF,SK,visa_required,
AF,SL,e_visa,
AF,SM,visa_required,
AF,SN,visa_required,
AF,SO,e_visa,
AF,SR,e_visa,
AF,SS,e_visa,
AF,ST,e_visa,
AF,SV,e_visa,
AF,SY,visa_required,
AF,SZ,visa_required,
AF,TD,visa_required,
AF,TG,e_visa,
AF,TH,visa_required,
AF,TJ,e_visa,
AF,TL,visa_on_arrival,
AF,TM,visa_required,
AF,TN,visa_required,
AF,TO,visa_required,
AF,TR,visa_required,
AF,TT,visa_required,
AF,TV,visa_on_arrival,
AF,TW,visa_required,
AF,TZ,e_visa,
AF,UA,visa_required,
AF,UG,e_visa,
AF,US,visa_required,
AF,UY,visa_required,
AF,UZ,visa_required,
AF,VA,visa_required,
AF,VC,visa_required,
AF,VE,visa_required,
AF,VN,e_visa,
AF,VU,visa_required,
AF,WS,visa_on_arrival,
AF,XK,visa_required,
AF,YE,visa_required,
AF,ZA,visa_required,
AF,ZM,e_visa,
AF,ZW,e_visa,
AG,AD,visa_free,90
AG,AE,e_visa,
AG,AF,visa_required,
AG,AL,visa_free,90
AG,AM,visa_on_arrival,
AG,AO,visa_free,30
AG,AR,visa_required,
AG,AT,visa_free,90
AG,AU,e_visa,
AG,AZ,visa_required,
AG,BA,visa_free,90
AG,BB,visa_free,
AG,BD,visa_on_arrival,
AG,BE,visa_free,90
AG,BF,e_visa,
AG,BG,visa_free,90
AG,BH,e_visa,
AG,BI,visa_on_arrival,
AG,BJ,e_visa,
AG,BN,visa_required,
AG,BO,visa_on_arrival,
AG,BR,visa_free,90
AG,BS,visa_free,240
AG,BT,e_visa,
AG,BW,visa_free,90
AG,BY,visa_free,30
AG,BZ,visa_free,
AG,CA,visa_required,
AG,CD,e_visa,
AG,CF,visa_required,
AG,CG,visa_required,
AG,CH,visa_free,90
AG,CI,eta,
AG,CL,visa_free,90
AG,CM,e_visa,
AG,CN,visa_free,30
AG,CO,visa_free,90
AG,CR,visa_free,30
AG,CU,visa_free,30
AG,CV,visa_on_arrival,
AG,CY,visa_free,90
AG,CZ,visa_free,90
AG,DE,visa_free,90
AG,DJ,visa_on_arrival,
AG,DK,visa_free,90
AG,DM,visa_free,
AG,DO,visa_free,
AG,DZ,visa_required,
AG,EC,visa_free,90
AG,EE,visa_free,90
AG,EG,visa_on_arrival,
AG,ER,visa_required,
AG,ES,visa_free,90
AG,ET,e_visa,
AG,FI,visa_free,90
AG,FJ,visa_free,120
AG,FM,visa_free,30
AG,FR,visa_free,90
AG,GA,e_visa,
AG,GB,eta,
AG,GD,visa_free,
AG,GE,visa_free,360
AG,GH,visa_on_arrival,
AG,GM,visa_free,90
AG,GN,e_visa,
AG,GQ,e_visa,
AG,GR,visa_free,90
AG,GT,visa_free,90
AG,GW,visa_on_arrival,
AG,GY,visa_free,180
AG,HK,visa_free,90
AG,HN,visa_free,90
AG,HR,visa_free,90
AG,HT,visa_free,90
AG,HU,visa_free,90
AG,ID,e_visa,
AG,IE,visa_free,90
AG,IL,visa_required,
AG,IN,e_visa,
AG,IQ,e_visa,
AG,IR,visa_on_arrival,
AG,IS,visa_free,90
AG,IT,visa_free,90
AG,JM,visa_free,
AG,JO,visa_on_arrival,
AG,JP,visa_required,
AG,KE,eta,
AG,KG,e_visa,
AG,KH,visa_on_arrival,
AG,KI,visa_free,90
AG,KM,visa_on_arrival,
AG,KN,visa_free,
AG,KP,visa_required,
AG,KR,eta,
AG,KW,visa_required,
AG,KZ,e_visa,
AG,LA,visa_on_arrival,
AG,LB,visa_on_arrival,
AG,LC,visa_free,
AG,LI,visa_free,90
AG,LK,visa_on_arrival,
AG,LR,visa_required,
AG,LS,visa_free,90
AG,LT,visa_free,90
AG,LU,visa_free,90
AG,LV,visa_free,90
AG,LY,e_visa,
AG,MA,visa_required,
AG,MC,visa_free,90
AG,MD,visa_free,90
AG,ME,visa_free,90
AG,MG,visa_on_arrival,
AG,MH,visa_required,
AG,MK,visa_free,90
AG,ML,visa_required,
AG,MM,visa_required,
AG,MN,e_visa,
AG,MO,visa_on_arrival,
AG,MR,visa_on_arrival,
AG,MT,visa_free,90
AG,MU,visa_free,90
AG,MV,visa_on_arrival,
AG,MW,visa_free,90
AG,MX,visa_required,
AG,MY,visa_free,30
AG,MZ,visa_on_arrival,
AG,NA,visa_required,
AG,NE,visa_required,
AG,NG,e_visa,
AG,NI,visa_free,90
AG,NL,visa_free,90
AG,NO,visa_free,90
AG,NP,visa_on_arrival,
AG,NR,visa_required,
AG,NZ,visa_required,
AG,OM,e_visa,
AG,PA,visa_free,90
AG,PE,visa_free,180
AG,PG,eta,
AG,PH,visa_free,30
AG,PK,e_visa,
AG,PL,visa_free,90
AG,PS,visa_free,
AG,PT,visa_free,90
AG,PW,visa_on_arrival,
AG,PY,visa_required,
AG,QA,visa_on_arrival,
AG,RO,visa_free,90
AG,RS,visa_free,90
AG,RU,visa_free,90
AG,RW,visa_free,30
AG,SA,visa_required,
AG,SB,visa_on_arrival,
AG,SC,visa_free,90
AG,SD,visa_required,
AG,SE,visa_free,90
AG,SG,visa_free,30
AG,SI,visa_free,90
AG,SK,visa_free,90
AG,SL,visa_on_arrival,
AG,SM,visa_free,90
AG,SN,visa_required,
AG,SO,e_visa,
AG,SR,visa_free,180
AG,SS,e_visa,
AG,ST,e_visa,
AG,SV,visa_free,180
AG,SY,e_visa,
AG,SZ,visa_free,30
AG,TD,visa_required,
AG,TG,e_visa,
AG,TH,e_visa,
AG,TJ,e_visa,
AG,TL,visa_on_arrival,
AG,TM,visa_required,
AG,TN,visa_free,90
AG,TO,visa_required,
AG,TR,visa_on_arrival,
AG,TT,visa_free,
AG,TV,visa_on_arrival,
AG,TW,visa_required,
AG,TZ,visa_free,90
AG,UA,visa_free,90
AG,UG,visa_free,90
AG,US,visa_required,
AG,UY,visa_required,
AG,UZ,visa_free,30
AG,VA,visa_free,90
AG,VC,visa_free,
AG,VE,visa_free,90
AG,VN,e_visa,
AG,VU,visa_free,120
AG,WS,visa_on_arrival,
AG,XK,visa_free,90
AG,YE,visa_required,
AG,ZA,visa_free,30
AG,ZM,visa_free,90
AG,ZW,visa_free,90
AL,AD,visa_free,90
AL,AE,visa_free,180
AL,AF,visa_required,
AL,AG,visa_free,180
AL,AM,visa_free,180
AL,AO,visa_required,
AL,AR,visa_required,
AL,AT,visa_free,90
AL,AU,e_visa,
AL,AZ,visa_free,90
AL,BA,visa_free,90
AL,BB,visa_free,28
AL,BD,visa_on_arrival,
AL,BE,visa_free,90
AL,BF,e_visa,
AL,BG,visa_free,90
AL,BH,e_visa,
AL,BI,visa_on_arrival,
AL,BJ,e_visa,
AL,BN,visa_required,
AL,BO,visa_on_arrival,
AL,BR,visa_free,90
AL,BS,e_visa,
AL,BT,e_visa,
AL,BW,e_visa,
AL,BY,visa_free,30
AL,BZ,visa_required,
AL,CA,visa_required,
AL,CD,e_visa,
AL,CF,visa_required,
AL,CG,visa_required,
AL,CH,visa_free,90
AL,CI,eta,
AL,CL,visa_free,90
AL,CM,e_visa,
AL,CN,visa_free,90
AL,CO,visa_free,90
AL,CR,visa_required,
AL,CU,e_visa,
AL,CV,visa_on_arrival,
AL,CY,visa_free,90
AL,CZ,visa_free,90
AL,DE,visa_free,90
AL,DJ,visa_on_arrival,
AL,DK,visa_free,90
AL,DM,visa_free,21
AL,DO,visa_free,
AL,DZ,visa_required,
AL,EC,e_visa,
AL,EE,visa_free,90
AL,EG,visa_on_arrival,
AL,ER,visa_required,
AL,ES,visa_free,90
AL,ET,e_visa,
AL,FI,visa_free,90
AL,FJ,visa_required,
AL,FM,visa_free,30
AL,FR,visa_free,90
AL,GA,e_visa,
AL,GB,visa_required,
AL,GD,visa_required,
AL,GE,visa_free,360
AL,GH,visa_on_arrival,
AL,GM,visa_free,90
AL,GN,e_visa,
AL,GQ,e_visa,
AL,GR,visa_free,90
AL,GT,visa_required,
AL,GW,visa_on_arrival,
AL,GY,visa_free,90
AL,HK,visa_free,14
AL,HN,visa_required,
AL,HR,visa_free,90
AL,HT,visa_free,90
AL,HU,visa_free,90
AL,ID,visa_on_arrival,
AL,IE,visa_required,
AL,IL,visa_free,90
AL,IN,e_visa,
AL,IQ,e_visa,
AL,IR,visa_on_arrival,
AL,IS,visa_free,90
AL,IT,visa_free,90
AL,JM,visa_on_arrival,
AL,JO,visa_on_arrival,
AL,JP,visa_required,
AL,KE,eta,
AL,KG,visa_free,60
AL,KH,visa_on_arrival,
AL,KI,visa_required,
AL,KM,visa_on_arrival,
AL,KN,e_visa,
AL,KP,visa_required,
AL,KR,eta,
AL,KW,visa_required,
AL,KZ,visa_free,90
AL,LA,visa_on_arrival,
AL,LB,visa_required,
AL,LC,visa_required,
AL,LI,visa_free,90
AL,LK,visa_on_arrival,
AL,LR,visa_required,
AL,LS,e_visa,
AL,LT,visa_free,90
AL,LU,visa_free,90
AL,LV,visa_free,90
AL,LY,e_visa,
AL,MA,visa_required,
AL,MC,visa_free,90
AL,MD,visa_free,90
AL,ME,visa_free,90
AL,MG,visa_on_arrival,
AL,MH,visa_required,
AL,MK,visa_free,90
AL,ML,visa_required,
AL,MM,e_visa,
AL,MN,e_visa,
AL,MO,visa_free,90
AL,MR,visa_on_arrival,
AL,MT,visa_free,90
AL,MU,visa_on_arrival,
AL,MV,visa_on_arrival,
AL,MW,visa_on_arrival,
AL,MX,visa_required,
AL,MY,visa_free,90
AL,MZ,visa_on_arrival,
AL,NA,visa_required,
AL,NE,visa_required,
AL,NG,e_visa,
AL,NI,visa_required,
AL,NL,visa_free,90
AL,NO,visa_free,90
AL,NP,visa_on_arrival,
AL,NR,visa_required,
AL,NZ,visa_required,
AL,OM,e_visa,
AL,PA,visa_required,
AL,PE,visa_required,
AL,PG,e_visa,
AL,PH,visa_required,
AL,PK,e_visa,
AL,PL,visa_free,90
AL,PS,visa_free,
AL,PT,visa_free,90
AL,PW,visa_on_arrival,
AL,PY,visa_required,
AL,QA,e_visa,
AL,RO,visa_free,90
AL,RS,visa_free,90
AL,RU,visa_required,
AL,RW,visa_free,30
AL,SA,visa_on_arrival,
AL,SB,visa_required,
AL,SC,visa_free,90
AL,SD,visa_required,
AL,SE,visa_free,90
AL,SG,visa_free,30
AL,SI,visa_free,90
AL,SK,visa_free,90
AL,SL,e_visa,
AL,SM,visa_free,90
AL,SN,visa_required,
AL,SO,e_visa,
AL,SR,visa_required,
AL,SS,e_visa,
AL,ST,e_visa,
AL,SV,visa_free,180
AL,SY,e_visa,
AL,SZ,visa_required,
AL,TD,visa_required,
AL,TG,e_visa,
AL,TH,visa_free,60
AL,TJ,e_visa,
AL,TL,visa_on_arrival,
AL,TM,visa_required,
AL,TN,visa_required,
AL,TO,visa_required,
AL,TR,visa_free,90
AL,TT,visa_free,30
AL,TV,visa_on_arrival,
AL,TW,visa_free,90
AL,TZ,visa_on_arrival,
AL,UA,visa_free,90
AL,UG,e_visa,
AL,US,visa_required,
AL,UY,visa_required,
AL,UZ,e_visa,
AL,VA,visa_free,90
AL,VC,visa_free,90
AL,VE,visa_required,
AL,VN,e_visa,
AL,VU,visa_required,
AL,WS,visa_on_arrival,
AL,XK,visa_free,90
AL,YE,visa_required,
AL,ZA,e_visa,
AL,ZM,visa_on_arrival,
AL,ZW,visa_on_arrival,
AM,AD,visa_required,
AM,AE,visa_free,90
AM,AF,visa_required,
AM,AG,visa_free,180
AM,AL,visa_free,90
AM,AO,visa_required,
AM,AR,visa_free,90
AM,AT,visa_required,
AM,AU,e_visa,
AM,AZ,no_admission,
AM,BA,visa_required,
AM,BB,visa_free,28
AM,BD,visa_on_arrival,
AM,BE,visa_required,
AM,BF,e_visa,
AM,BG,visa_required,
AM,BH,e_visa,
AM,BI,visa_on_arrival,
AM,BJ,e_visa,
AM,BN,visa_required,
AM,BO,visa_on_arrival,
AM,BR,visa_free,90
AM,BS,visa_free,90
AM,BT,e_visa,
AM,BW,e_visa,
AM,BY,visa_free,
AM,BZ,visa_required,
AM,CA,visa_required,
AM,CD,e_visa,
AM,CF,visa_required,
AM,CG,visa_required,
AM,CH,visa_required,
AM,CI,eta,
AM,CL,visa_required,
AM,CM,e_visa,
AM,CN,visa_free,90
AM,CO,e_visa,
AM,CR,visa_required,
AM,CU,e_visa,
AM,CV,visa_on_arrival,
AM,CY,visa_required,
AM,CZ,visa_required,
AM,DE,visa_required,
AM,DJ,visa_on_arrival,
AM,DK,visa_required,
AM,DM,visa_free,21
AM,DO,visa_required,
AM,DZ,visa_required,
AM,EC,visa_free,90
AM,EE,visa_required,
AM,EG,visa_on_arrival,
AM,ER,visa_required,
AM,ES,visa_required,
AM,ET,e_visa,
AM,FI,visa_required,
AM,FJ,visa_required,
AM,FM,visa_free,30
AM,FR,visa_required,
AM,GA,e_visa,
AM,GB,visa_required,
AM,GD,visa_required,
AM,GE,visa_free,360
AM,GH,visa_on_arrival,
AM,GM,visa_free,90
AM,GN,e_visa,
AM,GQ,e_visa,
AM,GR,visa_required,
AM,GT,visa_required,
AM,GW,visa_on_arrival,
AM,GY,visa_required,
AM,HK,visa_free,30
AM,HN,visa_required,
AM,HR,visa_required,
AM,HT,visa_free,90
AM,HU,visa_required,
AM,ID,visa_on_arrival,
AM,IE,visa_required,
AM,IL,visa_required,
AM,IN,e_visa,
AM,IQ,e_visa,
AM,IR,visa_free,90
AM,IS,visa_required,
AM,IT,visa_required,
AM,JM,visa_on_arrival,
AM,JO,visa_on_arrival,
AM,JP,visa_required,
AM,KE,eta,
AM,KG,visa_free,
AM,KH,visa_on_arrival,
AM,KI,visa_required,
AM,KM,visa_on_arrival,
AM,KN,e_visa,
AM,KP,visa_required,
AM,KR,e_visa,
AM,KW,visa_required,
AM,KZ,visa_free,90
AM,LA,visa_on_arrival,
AM,LB,visa_on_arrival,
AM,LC,visa_required,
AM,LI,visa_required,
AM,LK,visa_on_arrival,
AM,LR,visa_required,
AM,LS,e_visa,
AM,LT,visa_required,
AM,LU,visa_required,
AM,LV,visa_required,
AM,LY,e_visa,
AM,MA,visa_required,
AM,MC,visa_required,
AM,MD,visa_free,90
AM,ME,visa_required,
AM,MG,visa_on_arrival,
AM,MH,visa_required,
AM,MK,visa_required,
AM,ML,visa_required,
AM,MM,visa_required,
AM,MN,e_visa,
AM,MO,visa_free,90
AM,MR,visa_on_arrival,
AM,MT,visa_required,
AM,MU,visa_on_arrival,
AM,MV,visa_on_arrival,
AM,MW,visa_on_arrival,
AM,MX,visa_required,
AM,MY,visa_free,30
AM,MZ,visa_on_arrival,
AM,NA,visa_free,90
AM,NE,visa_required,
AM,NG,e_visa,
AM,NI,visa_required,
AM,NL,visa_required,
AM,NO,visa_required,
AM,NP,visa_on_arrival,
AM,NR,visa_required,
AM,NZ,visa_required,
AM,OM,e_visa,
AM,PA,visa_free,90
AM,PE,visa_required,
AM,PG,e_visa,
AM,PH,visa_required,
AM,PK,visa_required,
AM,PL,visa_required,
AM,PS,visa_free,
AM,PT,visa_required,
AM,PW,visa_on_arrival,
AM,PY,visa_required,
AM,QA,visa_on_arrival,
AM,RO,visa_required,
AM,RS,visa_free,90
AM,RU,visa_free,90
AM,RW,visa_free,30
AM,SA,visa_required,
AM,SB,visa_required,
AM,SC,visa_free,90
AM,SD,visa_required,
AM,SE,visa_required,
AM,SG,e_visa,
AM,SI,visa_required,
AM,SK,visa_required,
AM,SL,visa_on_arrival,
AM,SM,visa_required,
AM,SN,visa_on_arrival,
AM,SO,e_visa,
AM,SR,visa_required,
AM,SS,e_visa,
AM,ST,e_visa,
AM,SV,e_visa,
AM,SY,e_visa,
AM,SZ,visa_required,
AM,TD,visa_required,
AM,TG,e_visa,
AM,TH,visa_on_arrival,
AM,TJ,visa_free,90
AM,TL,visa_on_arrival,
AM,TM,visa_required,
AM,TN,visa_required,
AM,TO,visa_required,
AM,TR,visa_on_arrival,
AM,TT,visa_required,
AM,TV,visa_on_arrival,
AM,TW,visa_required,
AM,TZ,visa_on_arrival,
AM,UA,visa_free,
AM,UG,e_visa,
AM,US,visa_required,
AM,UY,visa_free,90
AM,UZ,visa_free,
AM,VA,visa_required,
AM,VC,visa_free,90
AM,VE,visa_required,
AM,VN,e_visa,
AM,VU,visa_required,
AM,WS,visa_on_arrival,
AM,XK,visa_required,
AM,YE,visa_required,
AM,ZA,visa_required,
AM,ZM,e_visa,
AM,ZW,visa_on_arrival,
AO,AD,visa_required,
AO,AE,e_visa,
AO,AF,visa_required,
AO,AG,e_visa,
AO,AL,e_visa,
AO,AM,visa_required,
AO,AR,visa_required,
AO,AT,visa_required,
AO,AU,e_visa,
AO,AZ,visa_required,
AO,BA,visa_required,
AO,BB,visa_free,90
AO,BD,visa_on_arrival,
AO,BE,visa_required,
AO,BF,e_visa,
AO,BG,visa_required,
AO,BH,e_visa,
AO,BI,visa_on_arrival,
AO,BJ,visa_free,90
AO,BN,visa_required,
AO,BO,visa_on_arrival,
AO,BR,visa_required,
AO,BS,e_visa,
AO,BT,e_visa,
AO,BW,visa_free,90
AO,BY,visa_required,
AO,BZ,visa_required,
AO,CA,visa_required,
AO,CD,e_visa,
AO,CF,visa_required,
AO,CG,visa_required,
AO,CH,visa_required,
AO,CI,eta,
AO,CL,visa_required,
AO,CM,e_visa,
AO,CN,visa_required,
AO,CO,e_visa,
AO,CR,visa_required,
AO,CU,e_visa,
AO,CV,visa_free,
AO,CY,visa_required,
AO,CZ,visa_required,
AO,DE,visa_required,
AO,DJ,visa_on_arrival,
AO,DK,visa_required,
AO,DM,visa_free,21
AO,DO,visa_required,
AO,DZ,visa_required,
AO,EC,e_visa,
AO,EE,visa_required,
AO,EG,visa_required,
AO,ER,visa_required,
AO,ES,visa_required,
AO,ET,visa_on_arrival,
AO,FI,visa_required,
AO,FJ,visa_required,
AO,FM,visa_free,30
AO,FR,visa_required,
AO,GA,e_visa,
AO,GB,visa_required,
AO,GD,visa_required,
AO,GE,e_visa,
AO,GH,visa_on_arrival,
AO,GM,visa_free,90
AO,GN,e_visa,
AO,GQ,e_visa,
AO,GR,visa_required,
AO,GT,visa_required,
AO,GW,visa_on_arrival,
AO,GY,visa_required,
AO,HK,e_visa,
AO,HN,visa_required,
AO,HR,visa_required,
AO,HT,visa_free,90
AO,HU,visa_required,
AO,ID,e_visa,
AO,IE,visa_required,
AO,IL,visa_required,
AO,IN,e_visa,
AO,IQ,e_visa,
AO,IR,visa_on_arrival,
AO,IS,visa_required,
AO,IT,visa_required,
AO,JM,visa_required,
AO,JO,visa_required,
AO,JP,visa_required,
AO,KE,eta,
AO,KG,e_visa,
AO,KH,visa_on_arrival,
AO,KI,visa_required,
AO,KM,visa_on_arrival,
AO,KN,e_visa,
AO,KP,visa_required,
AO,KR,e_visa,
AO,KW,visa_required,
AO,KZ,e_visa,
AO,LA,visa_on_arrival,
AO,LB,visa_required,
AO,LC,visa_required,
AO,LI,visa_required,
AO,LK,visa_on_arrival,
AO,LR,visa_required,
AO,LS,e_visa,
AO,LT,visa_required,
AO,LU,visa_required,
AO,LV,visa_required,
AO,LY,e_visa,
AO,MA,visa_required,
AO,MC,visa_required,
AO,MD,e_visa,
AO,ME,visa_required,
AO,MG,visa_on_arrival,
AO,MH,visa_required,
AO,MK,visa_required,
AO,ML,visa_required,
AO,MM,visa_required,
AO,MN,e_visa,
AO,MO,visa_on_arrival,
AO,MR,visa_on_arrival,
AO,MT,visa_required,
AO,MU,visa_free,90
AO,MV,visa_on_arrival,
AO,MW,e_visa,
AO,MX,visa_required,
AO,MY,e_visa,
AO,MZ,visa_free,30
AO,NA,visa_free,90
AO,NE,visa_required,
AO,NG,visa_on_arrival,
AO,NI,visa_on_arrival,
AO,NL,visa_required,
AO,NO,visa_required,
AO,NP,visa_on_arrival,
AO,NR,visa_required,
AO,NZ,visa_required,
AO,OM,e_visa,
AO,PA,visa_required,
AO,PE,visa_required,
AO,PG,e_visa,
AO,PH,visa_free,30
AO,PK,eta,
AO,PL,visa_required,
AO,PS,visa_required,
AO,PT,visa_required,
AO,PW,visa_on_arrival,
AO,PY,visa_required,
AO,QA,e_visa,
AO,RO,visa_required,
AO,RS,visa_required,
AO,RU,visa_required,
AO,RW,visa_free,90
AO,SA,visa_required,
AO,SB,visa_required,
AO,SC,visa_free,90
AO,SD,visa_required,
AO,SE,visa_required,
AO,SG,visa_free,30
AO,SI,visa_required,
AO,SK,visa_required,
AO,SL,e_visa,
AO,SM,visa_required,
AO,SN,visa_on_arrival,
AO,SO,e_visa,
AO,SR,e_visa,
AO,SS,e_visa,
AO,ST,visa_free,
AO,SV,e_visa,
AO,SY,e_visa,
AO,SZ,visa_required,
AO,TD,visa_required,
AO,TG,e_visa,
AO,TH,visa_required,
AO,TJ,e_visa,
AO,TL,visa_on_arrival,
AO,TM,visa_required,
AO,TN,visa_free,90
AO,TO,visa_required,
AO,TR,visa_required,
AO,TT,visa_required,
AO,TV,visa_on_arrival,
AO,TW,visa_required,
AO,TZ,visa_on_arrival,
AO,UA,visa_required,
AO,UG,visa_free,90
AO,US,visa_required,
AO,UY,visa_required,
AO,UZ,e_visa,
AO,VA,visa_required,
AO,VC,visa_free,90
AO,VE,visa_required,
AO,VN,e_visa,
AO,VU,visa_required,
AO,WS,visa_on_arrival,
AO,XK,visa_required,
AO,YE,visa_required,
AO,ZA,visa_free,30
AO,ZM,visa_free,90
AO,ZW,visa_free,90
AR,AD,visa_free,90
AR,AE,visa_free,90
AR,AF,visa_required,
AR,AG,visa_free,180
AR,AL,visa_free,90
AR,AM,visa_free,180
AR,AO,visa_free,30
AR,AT,visa_free,90
AR,AU,e_visa,
AR,AZ,e_visa,
AR,BA,visa_free,90
AR,BB,visa_free,90
AR,BD,visa_on_arrival,
AR,BE,visa_free,90
AR,BF,visa_on_arrival,
AR,BG,visa_free,90
AR,BH,visa_on_arrival,
AR,BI,visa_on_arrival,
AR,BJ,e_visa,
AR,BN,visa_required,
AR,BO,visa_free,90
AR,BR,visa_free,90
AR,BS,visa_free,90
AR,BT,e_visa,
AR,BW,visa_free,90
AR,BY,visa_free,90
AR,BZ,visa_free,90
AR,CA,visa_required,
AR,CD,e_visa,
AR,CF,visa_required,
AR,CG,visa_required,
AR,CH,visa_free,90
AR,CI,eta,
AR,CL,visa_free,90
AR,CM,e_visa,
AR,CN,visa_required,
AR,CO,visa_free,90
AR,CR,visa_free,180
AR,CU,e_visa,
AR,CV,visa_on_arrival,
AR,CY,visa_free,90
AR,CZ,visa_free,90
AR,DE,visa_free,90
AR,DJ,visa_on_arrival,
AR,DK,visa_free,90
AR,DM,visa_free,180
AR,DO,visa_free,
AR,DZ,visa_required,
AR,EC,visa_free,90
AR,EE,visa_free,90
AR,EG,visa_on_arrival,
AR,ER,visa_required,
AR,ES,visa_free,90
AR,ET,visa_on_arrival,
AR,FI,visa_free,90
AR,FJ,visa_free,120
AR,FM,visa_free,30
AR,FR,visa_free,90
AR,GA,e_visa,
AR,GB,eta,
AR,GD,visa_free,30
AR,GE,visa_free,360
AR,GH,visa_on_arrival,
AR,GM,visa_required,
AR,GN,e_visa,
AR,GQ,e_visa,
AR,GR,visa_free,90
AR,GT,visa_free,90
AR,GW,visa_on_arrival,
AR,GY,visa_free,90
AR,HK,visa_free,90
AR,HN,visa_free,90
AR,HR,visa_free,90
AR,HT,visa_free,90
AR,HU,visa_free,90
AR,ID,visa_on_arrival,
AR,IE,visa_free,90
AR,IL,visa_free,90
AR,IN,e_visa,
AR,IQ,e_visa,
AR,IR,visa_on_arrival,
AR,IS,visa_free,90
AR,IT,visa_free,90
AR,JM,visa_free,30
AR,JO,visa_on_arrival,
AR,JP,visa_free,90
AR,KE,eta,
AR,KG,visa_free,60
AR,KH,visa_on_arrival,
AR,KI,visa_free,90
AR,KM,visa_on_arrival,
AR,KN,visa_free,90
AR,KP,visa_required,
AR,KR,eta,
AR,KW,visa_required,
AR,KZ,visa_free,30
AR,LA,visa_on_arrival,
AR,LB,visa_on_arrival,
AR,LC,visa_free,42
AR,LI,visa_free,90
AR,LK,visa_on_arrival,
AR,LR,visa_required,
AR,LS,e_visa,
AR,LT,visa_free,90
AR,LU,visa_free,90
AR,LV,visa_free,90
AR,LY,e_visa,
AR,MA,visa_free,90
AR,MC,visa_free,90
AR,MD,visa_free,90
AR,ME,visa_free,90
AR,MG,visa_on_arrival,
AR,MH,visa_on_arrival,
AR,MK,visa_free,90
AR,ML,visa_required,
AR,MM,e_visa,
AR,MN,visa_free,90
AR,MO,visa_free,30
AR,MR,visa_on_arrival,
AR,MT,visa_free,90
AR,MU,visa_free,90
AR,MV,visa_on_arrival,
AR,MW,visa_on_arrival,
AR,MX,visa_free,180
AR,MY,visa_free,90
AR,MZ,visa_on_arrival,
AR,NA,visa_on_arrival,
AR,NE,visa_required,
AR,NG,e_visa,
AR,NI,visa_free,90
AR,NL,visa_free,90
AR,NO,visa_free,90
AR,NP,visa_on_arrival,
AR,NR,visa_required,
AR,NZ,eta,
AR,OM,visa_on_arrival,
AR,PA,visa_free,90
AR,PE,visa_free,180
AR,PG,eta,
AR,PH,visa_free,30
AR,PK,eta,
AR,PL,visa_free,90
AR,PS,visa_free,
AR,PT,visa_free,90
AR,PW,visa_on_arrival,
AR,PY,visa_free,90
AR,QA,visa_on_arrival,
AR,RO,visa_free,90
AR,RS,visa_free,90
AR,RU,visa_free,90
AR,RW,visa_on_arrival,
AR,SA,visa_required,
AR,SB,visa_on_arrival,
AR,SC,visa_free,90
AR,SD,visa_required,
AR,SE,visa_free,90
AR,SG,visa_free,30
AR,SI,visa_free,90
AR,SK,visa_free,90
AR,SL,e_visa,
AR,SM,visa_free,90
AR,SN,visa_on_arrival,
AR,SO,e_visa,
AR,SR,visa_free,180
AR,SS,e_visa,
AR,ST,e_visa,
AR,SV,visa_free,180
AR,SY,e_visa,
AR,SZ,visa_free,30
AR,TD,visa_required,
AR,TG,e_visa,
AR,TH,visa_free,90
AR,TJ,visa_free,30
AR,TL,visa_on_arrival,
AR,TM,visa_required,
AR,TN,visa_free,90
AR,TO,visa_required,
AR,TR,visa_free,90
AR,TT,visa_free,90
AR,TV,visa_on_arrival,
AR,TW,visa_required,
AR,TZ,visa_on_arrival,
AR,UA,visa_free,90
AR,UG,e_visa,
AR,US,visa_required,
AR,UY,visa_free,90
AR,UZ,visa_free,30
AR,VA,visa_free,90
AR,VC,visa_free,90
AR,VE,visa_free,90
AR,VN,e_visa,
AR,VU,visa_free,120
AR,WS,visa_on_arrival,
AR,XK,visa_free,90
AR,YE,visa_required,
AR,ZA,visa_free,90
AR,ZM,visa_on_arrival,
AR,ZW,visa_on_arrival,
AT,AD,visa_free,
AT,AE,visa_free,90
AT,AF,visa_required,
AT,AG,visa_free,180
AT,AL,visa_free,90
AT,AM,visa_free,180
AT,AO,visa_free,30
AT,AR,visa_free,90
AT,AU,eta,
AT,AZ,e_visa,
AT,BA,visa_free,90
AT,BB,visa_free,90
AT,BD,visa_on_arrival,
AT,BE,freedom_of_movement,
AT,BF,visa_on_arrival,
AT,BG,freedom_of_movement,
AT,BH,visa_on_arrival,
AT,BI,visa_on_arrival,
AT,BJ,e_visa,
AT,BN,visa_free,90
AT,BO,visa_free,90
AT,BR,visa_free,90
AT,BS,visa_free,90
AT,BT,e_visa,
AT,BW,visa_free,90
AT,BY,visa_free,30
AT,BZ,visa_free,
AT,CA,eta,
AT,CD,e_visa,
AT,CF,visa_required,
AT,CG,visa_required,
AT,CH,freedom_of_movement,
AT,CI,eta,
AT,CL,visa_free,90
AT,CM,e_visa,
AT,CN,visa_free,30
AT,CO,visa_free,90
AT,CR,visa_free,180
AT,CU,e_visa,
AT,CV,visa_free,30
AT,CY,freedom_of_movement,
AT,CZ,freedom_of_movement,
AT,DE,freedom_of_movement,
AT,DJ,visa_on_arrival,
AT,DK,freedom_of_movement,
AT,DM,visa_free,180
AT,DO,visa_free,
AT,DZ,visa_required,
AT,EC,visa_free,90
AT,EE,freedom_of_movement,
AT,EG,visa_on_arrival,
AT,ER,visa_required,
AT,ES,freedom_of_movement,
AT,ET,visa_on_arrival,
AT,FI,freedom_of_movement,
AT,FJ,visa_free,120
AT,FM,visa_free,90
AT,FR,freedom_of_movement,
AT,GA,e_visa,
AT,GB,visa_free,180
AT,GD,visa_free,90
AT,GE,visa_free,360
AT,GH,visa_on_arrival,
AT,GM,visa_free,90
AT,GN,e_visa,
AT,GQ,e_visa,
AT,GR,freedom_of_movement,
AT,GT,visa_free,90
AT,GW,visa_on_arrival,
AT,GY,visa_free,90
AT,HK,visa_free,90
AT,HN,visa_free,90
AT,HR,freedom_of_movement,
AT,HT,visa_free,90
AT,HU,freedom_of_movement,
AT,ID,visa_on_arrival,
AT,IE,freedom_of_movement,
AT,IL,visa_free,90
AT,IN,e_visa,
AT,IQ,visa_on_arrival,
AT,IR,visa_on_arrival,
AT,IS,freedom_of_movement,
AT,IT,freedom_of_movement,
AT,JM,visa_free,90
AT,JO,visa_on_arrival,
AT,JP,visa_free,90
AT,KE,eta,
AT,KG,visa_free,60
AT,KH,visa_on_arrival,
AT,KI,visa_free,90
AT,KM,visa_on_arrival,
AT,KN,visa_free,90
AT,KP,visa_required,
AT,KR,visa_free,90
AT,KW,visa_on_arrival,
AT,KZ,visa_free,30
AT,LA,visa_free,15
AT,LB,visa_on_arrival,
AT,LC,visa_free,90
AT,LI,freedom_of_movement,
AT,LK,visa_on_arrival,
AT,LR,visa_required,
AT,LS,visa_free,
AT,LT,freedom_of_movement,
AT,LU,freedom_of_movement,
AT,LV,freedom_of_movement,
AT,LY,e_visa,
AT,MA,visa_free,90
AT,MC,visa_free,
AT,MD,visa_free,90
AT,ME,visa_free,90
AT,MG,visa_on_arrival,
AT,MH,visa_free,90
AT,MK,visa_free,90
AT,ML,visa_required,
AT,MM,e_visa,
AT,MN,visa_free,30
AT,MO,visa_free,90
AT,MR,visa_on_arrival,
AT,MT,freedom_of_movement,
AT,MU,visa_free,90
AT,MV,visa_on_arrival,
AT,MW,visa_on_arrival,
AT,MX,visa_free,180
AT,MY,visa_free,90
AT,MZ,visa_on_arrival,
AT,NA,visa_free,90
AT,NE,visa_required,
AT,NG,e_visa,
AT,NI,visa_free,90
AT,NL,freedom_of_movement,
AT,NO,freedom_of_movement,
AT,NP,visa_on_arrival,
AT,NR,visa_required,
AT,NZ,eta,
AT,OM,visa_on_arrival,
AT,PA,visa_free,90
AT,PE,visa_free,90
AT,PG,eta,
AT,PH,visa_free,30
AT,PK,eta,
AT,PL,freedom_of_movement,
AT,PS,visa_free,
AT,PT,freedom_of_movement,
AT,PW,visa_free,90
AT,PY,visa_free,90
AT,QA,visa_on_arrival,
AT,RO,freedom_of_movement,
AT,RS,visa_free,90
AT,RU,e_visa,
AT,RW,visa_on_arrival,
AT,SA,visa_on_arrival,
AT,SB,visa_free,90
AT,SC,visa_free,90
AT,SD,visa_required,
AT,SE,freedom_of_movement,
AT,SG,visa_free,90
AT,SI,freedom_of_movement,
AT,SK,freedom_of_movement,
AT,SL,visa_on_arrival,
AT,SM,visa_free,
AT,SN,visa_free,90
AT,SO,visa_on_arrival,
AT,SR,visa_required,
AT,SS,e_visa,
AT,ST,visa_free,15
AT,SV,visa_free,180
AT,SY,e_visa,
AT,SZ,visa_free,30
AT,TD,visa_required,
AT,TG,e_visa,
AT,TH,visa_free,60
AT,TJ,visa_free,30
AT,TL,visa_free,90
AT,TM,visa_required,
AT,TN,visa_free,90
AT,TO,visa_free,90
AT,TR,visa_free,90
AT,TT,visa_free,90
AT,TV,visa_free,90
AT,TW,visa_free,90
AT,TZ,visa_on_arrival,
AT,UA,visa_free,90
AT,UG,e_visa,
AT,US,eta,
AT,UY,visa_free,90
AT,UZ,visa_free,30
AT,VA,visa_free,
AT,VC,visa_free,90
AT,VE,visa_free,90
AT,VN,e_visa,
AT,VU,visa_free,120
AT,WS,visa_free,90
AT,XK,visa_free,90
AT,YE,visa_required,
AT,ZA,visa_free,90
AT,ZM,visa_free,90
AT,ZW,visa_on_arrival,
AU,AD,visa_free,90
AU,AE,visa_free,30
AU,AF,visa_required,
AU,AG,visa_free,180
AU,AL,visa_free,90
AU,AM,visa_free,180
AU,AO,visa_free,30
AU,AR,visa_free,90
AU,AT,visa_free,90
AU,AZ,e_visa,
AU,BA,visa_free,90
AU,BB,visa_free,180
AU,BD,visa_on_arrival,
AU,BE,visa_free,90
AU,BF,visa_on_arrival,
AU,BG,visa_free,90
AU,BH,visa_on_arrival,
AU,BI,visa_on_arrival,
AU,BJ,e_visa,
AU,BN,visa_on_arrival,
AU,BO,visa_free,90
AU,BR,visa_free,90
AU,BS,visa_free,90
AU,BT,e_visa,
AU,BW,visa_free,90
AU,BY,visa_free,30
AU,BZ,visa_free,
AU,CA,eta,
AU,CD,e_visa,
AU,CF,visa_required,
AU,CG,visa_required,
AU,CH,visa_free,90
AU,CI,eta,
AU,CL,e_visa,
AU,CM,e_visa,
AU,CN,visa_free,30
AU,CO,visa_free,90
AU,CR,visa_free,180
AU,CU,e_visa,
AU,CV,visa_on_arrival,
AU,CY,visa_free,90
AU,CZ,visa_free,90
AU,DE,visa_free,90
AU,DJ,visa_on_arrival,
AU,DK,visa_free,90
AU,DM,visa_free,180
AU,DO,visa_free,
AU,DZ,visa_required,
AU,EC,visa_free,90
AU,EE,visa_free,90
AU,EG,visa_on_arrival,
AU,ER,visa_required,
AU,ES,visa_free,90
AU,ET,visa_on_arrival,
AU,FI,visa_free,90
AU,FJ,visa_free,120
AU,FM,visa_free,30
AU,FR,visa_free,90
AU,GA,e_visa,
AU,GB,eta,
AU,GD,visa_free,90
AU,GE,visa_free,360
AU,GH,visa_on_arrival,
AU,GM,visa_free,90
AU,GN,e_visa,
AU,GQ,e_visa,
AU,GR,visa_free,90
AU,GT,visa_free,90
AU,GW,visa_on_arrival,
AU,GY,visa_free,90
AU,HK,visa_free,90
AU,HN,visa_free,90
AU,HR,visa_free,90
AU,HT,visa_free,90
AU,HU,visa_free,90
AU,ID,visa_on_arrival,
AU,IE,visa_free,90
AU,IL,visa_free,90
AU,IN,e_visa,
AU,IQ,visa_on_arrival,
AU,IR,visa_on_arrival,
AU,IS,visa_free,90
AU,IT,visa_free,90
AU,JM,visa_free,
AU,JO,visa_on_arrival,
AU,JP,visa_free,90
AU,KE,eta,
AU,KG,visa_free,60
AU,KH,visa_on_arrival,
AU,KI,visa_free,90
AU,KM,visa_on_arrival,
AU,KN,visa_free,90
AU,KP,visa_required,
AU,KR,visa_free,90
AU,KW,visa_on_arrival,
AU,KZ,visa_free,30
AU,LA,visa_on_arrival,
AU,LB,visa_on_arrival,
AU,LC,visa_free,42
AU,LI,visa_free,90
AU,LK,visa_on_arrival,
AU,LR,visa_required,
AU,LS,visa_free,
AU,LT,visa_free,90
AU,LU,visa_free,90
AU,LV,visa_free,90
AU,LY,e_visa,
AU,MA,visa_free,90
AU,MC,visa_free,90
AU,MD,visa_free,90
AU,ME,visa_free,90
AU,MG,visa_on_arrival,
AU,MH,visa_on_arrival,
AU,MK,visa_free,90
AU,ML,visa_required,
AU,MM,e_visa,
AU,MN,visa_free,30
AU,MO,visa_free,30
AU,MR,visa_on_arrival,
AU,MT,visa_free,90
AU,MU,visa_free,90
AU,MV,visa_on_arrival,
AU,MW,visa_free,30
AU,MX,visa_free,180
AU,MY,visa_free,
AU,MZ,visa_on_arrival,
AU,NA,visa_free,90
AU,NE,visa_required,
AU,NG,e_visa,
AU,NI,visa_free,90
AU,NL,visa_free,90
AU,NO,visa_free,90
AU,NP,visa_on_arrival,
AU,NR,visa_required,
AU,NZ,visa_free,
AU,OM,visa_on_arrival,
AU,PA,visa_free,90
AU,PE,visa_free,180
AU,PG,eta,
AU,PH,visa_free,30
AU,PK,eta,
AU,PL,visa_free,90
AU,PS,visa_free,
AU,PT,visa_free,90
AU,PW,visa_on_arrival,
AU,PY,visa_free,90
AU,QA,visa_on_arrival,
AU,RO,visa_free,90
AU,RS,visa_free,90
AU,RU,visa_required,
AU,RW,visa_free,30
AU,SA,visa_on_arrival,
AU,SB,visa_on_arrival,
AU,SC,visa_free,90
AU,SD,visa_required,
AU,SE,visa_free,90
AU,SG,visa_free,
AU,SI,visa_free,90
AU,SK,visa_free,90
AU,SL,visa_on_arrival,
AU,SM,visa_free,90
AU,SN,visa_on_arrival,
AU,SO,e_visa,
AU,SR,visa_required,
AU,SS,e_visa,
AU,ST,e_visa,
AU,SV,visa_free,180
AU,SY,e_visa,
AU,SZ,visa_free,30
AU,TD,visa_required,
AU,TG,e_visa,
AU,TH,visa_free,60
AU,TJ,visa_free,30
AU,TL,visa_on_arrival,
AU,TM,visa_required,
AU,TN,visa_free,90
AU,TO,visa_on_arrival,
AU,TR,visa_on_arrival,
AU,TT,visa_on_arrival,
AU,TV,visa_on_arrival,
AU,TW,visa_free,90
AU,TZ,visa_on_arrival,
AU,UA,visa_free,90
AU,UG,e_visa,
AU,US,eta,
AU,UY,visa_free,90
AU,UZ,visa_free,30
AU,VA,visa_free,90
AU,VC,visa_free,90
AU,VE,visa_free,90
AU,VN,e_visa,
AU,VU,visa_free,120
AU,WS,visa_on_arrival,
AU,XK,visa_free,90
AU,YE,visa_required,
AU,ZA,visa_free,90
AU,ZM,visa_free,90
AU,ZW,visa_on_arrival,
AZ,AD,visa_required,
AZ,AE,visa_free,90
AZ,AF,visa_required,
AZ,AG,visa_free,180
AZ,AL,visa_free,90
AZ,AM,visa_free,
AZ,AO,visa_required,
AZ,AR,visa_required,
AZ,AT,visa_required,
AZ,AU,e_visa,
AZ,BA,visa_free,90
AZ,BB,visa_free,28
AZ,BD,visa_on_arrival,
AZ,BE,visa_required,
AZ,BF,e_visa,
AZ,BG,visa_required,
AZ,BH,e_visa,
AZ,BI,visa_on_arrival,
AZ,BJ,e_visa,
AZ,BN,visa_required,
AZ,BO,visa_on_arrival,
AZ,BR,visa_required,
AZ,BS,visa_free,90
AZ,BT,e_visa,
AZ,BW,e_visa,
AZ,BY,visa_free,
AZ,BZ,visa_required,
AZ,CA,visa_required,
AZ,CD,e_visa,
AZ,CF,visa_required,
AZ,CG,visa_required,
AZ,CH,visa_required,
AZ,CI,eta,
AZ,CL,visa_required,
AZ,CM,e_visa,
AZ,CN,visa_required,
AZ,CO,visa_free,90
AZ,CR,visa_required,
AZ,CU,e_visa,
AZ,CV,visa_on_arrival,
AZ,CY,visa_required,
AZ,CZ,visa_required,
AZ,DE,visa_required,
AZ,DJ,visa_on_arrival,
AZ,DK,visa_required,
AZ,DM,visa_free,21
AZ,DO,visa_required,
AZ,DZ,visa_required,
AZ,EC,visa_free,90
AZ,EE,visa_required,
AZ,EG,visa_on_arrival,
AZ,ER,visa_required,
AZ,ES,visa_required,
AZ,ET,e_visa,
AZ,FI,visa_required,
AZ,FJ,visa_required,
AZ,FM,visa_free,30
AZ,FR,visa_required,
AZ,GA,e_visa,
AZ,GB,visa_required,
AZ,GD,visa_free,
AZ,GE,visa_free,360
AZ,GH,visa_on_arrival,
AZ,GM,visa_free,90
AZ,GN,e_visa,
AZ,GQ,e_visa,
AZ,GR,visa_required,
AZ,GT,visa_required,
AZ,GW,visa_on_arrival,
AZ,GY,visa_required,
AZ,HK,e_visa,
AZ,HN,visa_required,
AZ,HR,visa_required,
AZ,HT,visa_free,90
AZ,HU,visa_required,
AZ,ID,visa_on_arrival,
AZ,IE,visa_required,
AZ,IL,visa_required,
AZ,IN,e_visa,
AZ,IQ,e_visa,
AZ,IR,visa_free,14
AZ,IS,visa_required,
AZ,IT,visa_required,
AZ,JM,visa_on_arrival,
AZ,JO,visa_on_arrival,
AZ,JP,visa_required,
AZ,KE,eta,
AZ,KG,visa_free,30
AZ,KH,visa_on_arrival,
AZ,KI,visa_required,
AZ,KM,visa_on_arrival,
AZ,KN,e_visa,
AZ,KP,visa_required,
AZ,KR,e_visa,
AZ,KW,visa_required,
AZ,KZ,visa_free,30
AZ,LA,visa_on_arrival,
AZ,LB,visa_on_arrival,
AZ,LC,visa_required,
AZ,LI,visa_required,
AZ,LK,visa_on_arrival,
AZ,LR,visa_required,
AZ,LS,e_visa,
AZ,LT,visa_required,
AZ,LU,visa_required,
AZ,LV,visa_required,
AZ,LY,e_visa,
AZ,MA,visa_free,90
AZ,MC,visa_required,
AZ,MD,visa_free,90
AZ,ME,visa_free,90
AZ,MG,visa_on_arrival,
AZ,MH,visa_on_arrival,
AZ,MK,visa_required,
AZ,ML,visa_required,
AZ,MM,visa_required,
AZ,MN,visa_required,
AZ,MO,visa_on_arrival,
AZ,MR,visa_on_arrival,
AZ,MT,visa_required,
AZ,MU,visa_on_arrival,
AZ,MV,visa_on_arrival,
AZ,MW,visa_on_arrival,
AZ,MX,visa_required,
AZ,MY,visa_free,30
AZ,MZ,visa_on_arrival,
AZ,NA,visa_free,90
AZ,NE,visa_required,
AZ,NG,e_visa,
AZ,NI,visa_on_arrival,
AZ,NL,visa_required,
AZ,NO,visa_required,
AZ,NP,visa_on_arrival,
AZ,NR,visa_required,
AZ,NZ,visa_required,
AZ,OM,e_visa,
AZ,PA,visa_required,
AZ,PE,visa_required,
AZ,PG,e_visa,
AZ,PH,visa_required,
AZ,PK,eta,
AZ,PL,visa_required,
AZ,PS,visa_free,
AZ,PT,visa_required,
AZ,PW,visa_on_arrival,
AZ,PY,visa_required,
AZ,QA,visa_on_arrival,
AZ,RO,visa_required,
AZ,RS,visa_free,90
AZ,RU,visa_free,90
AZ,RW,visa_on_arrival,
AZ,SA,visa_on_arrival,
AZ,SB,visa_required,
AZ,SC,visa_free,90
AZ,SD,visa_required,
AZ,SE,visa_required,
AZ,SG,e_visa,
AZ,SI,visa_required,
AZ,SK,visa_required,
AZ,SL,visa_on_arrival,
AZ,SM,visa_required,
AZ,SN,visa_required,
AZ,SO,e_visa,
AZ,SR,visa_required,
AZ,SS,e_visa,
AZ,ST,e_visa,
AZ,SV,e_visa,
AZ,SY,visa_on_arrival,
AZ,SZ,visa_required,
AZ,TD,visa_required,
AZ,TG,e_visa,
AZ,TH,e_visa,
AZ,TJ,visa_free,90
AZ,TL,visa_on_arrival,
AZ,TM,visa_required,
AZ,TN,visa_required,
AZ,TO,visa_required,
AZ,TR,visa_free,90
AZ,TT,visa_required,
AZ,TV,visa_on_arrival,
AZ,TW,visa_required,
AZ,TZ,visa_on_arrival,
AZ,UA,visa_free,
AZ,UG,e_visa,
AZ,US,visa_required,
AZ,UY,visa_required,
AZ,UZ,visa_free,
AZ,VA,visa_required,
AZ,VC,visa_free,90
AZ,VE,visa_required,
AZ,VN,e_visa,
AZ,VU,visa_free,120
AZ,WS,visa_on_arrival,
AZ,XK,visa_required,
AZ,YE,visa_required,
AZ,ZA,visa_required,
AZ,ZM,e_visa,
AZ,ZW,visa_on_arrival,
BA,AD,visa_free,90
BA,AE,visa_on_arrival,
BA,AF,visa_required,
BA,AG,e_visa,
BA,AL,visa_free,90
BA,AM,visa_on_arrival,
BA,AO,visa_required,
BA,AR,visa_free,90
BA,AT,visa_free,90
BA,AU,e_visa,
BA,AZ,visa_free,90
BA,BB,visa_required,
BA,BD,visa_on_arrival,
BA,BE,visa_free,90
BA,BF,e_visa,
BA,BG,visa_free,90
BA,BH,e_visa,
BA,BI,visa_on_arrival,
BA,BJ,e_visa,
BA,BN,visa_required,
BA,BO,visa_on_arrival,
BA,BR,visa_free,90
BA,BS,e_visa,
BA,BT,e_visa,
BA,BW,e_visa,
BA,BY,visa_free,30
BA,BZ,visa_required,
BA,CA,visa_required,
BA,CD,e_visa,
BA,CF,visa_required,
BA,CG,visa_required,
BA,CH,visa_free,90
BA,CI,eta,
BA,CL,visa_free,90
BA,CM,e_visa,
BA,CN,visa_free,90
BA,CO,visa_free,90
BA,CR,visa_required,
BA,CU,visa_free,90
BA,CV,visa_on_arrival,
BA,CY,visa_free,90
BA,CZ,visa_free,90
BA,DE,visa_free,90
BA,DJ,visa_on_arrival,
BA,DK,visa_free,90
BA,DM,visa_free,21
BA,DO,visa_free,
BA,DZ,visa_required,
BA,EC,visa_free,90
BA,EE,visa_free,90
BA,EG,e_visa,
BA,ER,visa_required,
BA,ES,visa_free,90
BA,ET,visa_on_arrival,
BA,FI,visa_free,90
BA,FJ,visa_required,
BA,FM,visa_free,30
BA,FR,visa_free,90
BA,GA,e_visa,
BA,GB,visa_required,
BA,GD,visa_free,
BA,GE,visa_free,360
BA,GH,visa_on_arrival,
BA,GM,visa_free,90
BA,GN,e_visa,
BA,GQ,e_visa,
BA,GR,visa_free,90
BA,GT,visa_required,
BA,GW,visa_on_arrival,
BA,GY,visa_required,
BA,HK,visa_free,14
BA,HN,visa_required,
BA,HR,visa_free,90
BA,HT,visa_free,90
BA,HU,visa_free,90
BA,ID,visa_on_arrival,
BA,IE,visa_required,
BA,IL,visa_required,
BA,IN,e_visa,
BA,IQ,e_visa,
BA,IR,visa_free,15
BA,IS,visa_free,90
BA,IT,visa_free,90
BA,JM,visa_on_arrival,
BA,JO,visa_on_arrival,
BA,JP,visa_required,
BA,KE,eta,
BA,KG,visa_free,60
BA,KH,visa_on_arrival,
BA,KI,visa_required,
BA,KM,visa_on_arrival,
BA,KN,e_visa,
BA,KP,visa_required,
BA,KR,eta,
BA,KW,visa_required,
BA,KZ,e_visa,
BA,LA,visa_on_arrival,
BA,LB,visa_required,
BA,LC,visa_free,42
BA,LI,visa_free,90
BA,LK,visa_on_arrival,
BA,LR,visa_required,
BA,LS,e_visa,
BA,LT,visa_free,90
BA,LU,visa_free,90
BA,LV,visa_free,90
BA,LY,e_visa,
BA,MA,visa_required,
BA,MC,visa_free,90
BA,MD,visa_free,90
BA,ME,visa_free,90
BA,MG,visa_on_arrival,
BA,MH,visa_on_arrival,
BA,MK,visa_free,90
BA,ML,visa_required,
BA,MM,e_visa,
BA,MN,e_visa,
BA,MO,visa_free,90
BA,MR,visa_on_arrival,
BA,MT,visa_free,90
BA,MU,visa_on_arrival,
BA,MV,visa_on_arrival,
BA,MW,visa_on_arrival,
BA,MX,visa_required,
BA,MY,visa_free,90
BA,MZ,visa_on_arrival,
BA,NA,visa_required,
BA,NE,visa_required,
BA,NG,e_visa,
BA,NI,visa_required,
BA,NL,visa_free,90
BA,NO,visa_free,90
BA,NP,visa_on_arrival,
BA,NR,visa_required,
BA,NZ,visa_required,
BA,OM,e_visa,
BA,PA,visa_free,90
BA,PE,visa_required,
BA,PG,e_visa,
BA,PH,visa_required,
BA,PK,e_visa,
BA,PL,visa_free,90
BA,PS,visa_free,
BA,PT,visa_free,90
BA,PW,visa_on_arrival,
BA,PY,visa_required,
BA,QA,visa_on_arrival,
BA,RO,visa_free,90
BA,RS,visa_free,90
BA,RU,visa_free,30
BA,RW,visa_on_arrival,
BA,SA,visa_required,
BA,SB,visa_required,
BA,SC,visa_free,90
BA,SD,visa_required,
BA,SE,visa_free,90
BA,SG,visa_free,30
BA,SI,visa_free,90
BA,SK,visa_free,90
BA,SL,e_visa,
BA,SM,visa_free,90
BA,SN,visa_required,
BA,SO,e_visa,
BA,SR,visa_required,
BA,SS,e_visa,
BA,ST,e_visa,
BA,SV,e_visa,
BA,SY,e_visa,
BA,SZ,visa_free,30
BA,TD,visa_required,
BA,TG,e_visa,
BA,TH,e_visa,
BA,TJ,visa_free,30
BA,TL,visa_on_arrival,
BA,TM,visa_required,
BA,TN,visa_free,90
BA,TO,visa_required,
BA,TR,visa_free,90
BA,TT,visa_free,30
BA,TV,visa_on_arrival,
BA,TW,e_visa,
BA,TZ,visa_on_arrival,
BA,UA,visa_free,30
BA,UG,e_visa,
BA,US,visa_required,
BA,UY,visa_required,
BA,UZ,visa_free,30
BA,VA,visa_free,90
BA,VC,visa_free,90
BA,VE,visa_required,
BA,VN,e_visa,
BA,VU,visa_required,
BA,WS,visa_on_arrival,
BA,XK,visa_required,
BA,YE,visa_required,
BA,ZA,visa_required,
BA,ZM,visa_on_arrival,
BA,ZW,visa_on_arrival,
BB,AD,visa_free,90
BB,AE,visa_free,90
BB,AF,visa_required,
BB,AG,visa_free,180
BB,AL,visa_free,90
BB,AM,visa_on_arrival,
BB,AO,visa_free,30
BB,AR,visa_free,90
BB,AT,visa_free,90
BB,AU,e_visa,
BB,AZ,e_visa,
BB,BA,visa_free,90
BB,BD,visa_free,90
BB,BE,visa_free,90
BB,BF,e_visa,
BB,BG,visa_free,90
BB,BH,e_visa,
BB,BI,visa_on_arrival,
BB,BJ,e_visa,
BB,BN,visa_required,
BB,BO,visa_on_arrival,
BB,BR,visa_free,90
BB,BS,visa_free,90
BB,BT,e_visa,
BB,BW,visa_free,90
BB,BY,visa_free,30
BB,BZ,visa_free,
BB,CA,eta,
BB,CD,e_visa,
BB,CF,visa_required,
BB,CG,visa_required,
BB,CH,visa_free,90
BB,CI,eta,
BB,CL,visa_free,90
BB,CM,e_visa,
BB,CN,visa_free,30
BB,CO,visa_free,90
BB,CR,visa_free,180
BB,CU,visa_free,28
BB,CV,visa_on_arrival,
BB,CY,visa_free,90
BB,CZ,visa_free,90
BB,DE,visa_free,90
BB,DJ,visa_on_arrival,
BB,DK,visa_free,90
BB,DM,visa_free,180
BB,DO,visa_free,
BB,DZ,visa_required,
BB,EC,visa_free,90
BB,EE,visa_free,90
BB,EG,visa_on_arrival,
BB,ER,visa_required,
BB,ES,visa_free,90
BB,ET,e_visa,
BB,FI,visa_free,90
BB,FJ,visa_free,120
BB,FM,visa_free,30
BB,FR,visa_free,90
BB,GA,e_visa,
BB,GB,eta,
BB,GD,visa_free,90
BB,GE,visa_free,360
BB,GH,visa_free,60
BB,GM,visa_free,90
BB,GN,e_visa,
BB,GQ,visa_free,
BB,GR,visa_free,90
BB,GT,visa_free,90
BB,GW,visa_on_arrival,
BB,GY,visa_free,180
BB,HK,visa_free,90
BB,HN,visa_free,90
BB,HR,visa_free,90
BB,HT,visa_free,90
BB,HU,visa_free,90
BB,ID,e_visa,
BB,IE,visa_free,90
BB,IL,visa_free,90
BB,IN,e_visa,
BB,IQ,e_visa,
BB,IR,visa_on_arrival,
BB,IS,visa_free,90
BB,IT,visa_free,90
BB,JM,visa_free,
BB,JO,visa_on_arrival,
BB,JP,visa_free,90
BB,KE,eta,
BB,KG,e_visa,
BB,KH,visa_on_arrival,
BB,KI,visa_free,90
BB,KM,visa_on_arrival,
BB,KN,visa_free,180
BB,KP,visa_required,
BB,KR,eta,
BB,KW,visa_required,
BB,KZ,e_visa,
BB,LA,visa_on_arrival,
BB,LB,visa_on_arrival,
BB,LC,visa_free,42
BB,LI,visa_free,90
BB,LK,visa_on_arrival,
BB,LR,visa_required,
BB,LS,visa_free,90
BB,LT,visa_free,90
BB,LU,visa_free,90
BB,LV,visa_free,90
BB,LY,e_visa,
BB,MA,visa_required,
BB,MC,visa_free,90
BB,MD,visa_free,90
BB,ME,visa_free,90
BB,MG,visa_on_arrival,
BB,MH,visa_on_arrival,
BB,MK,visa_free,90
BB,ML,visa_required,
BB,MM,visa_required,
BB,MN,e_visa,
BB,MO,visa_on_arrival,
BB,MR,visa_on_arrival,
BB,MT,visa_free,90
BB,MU,visa_free,90
BB,MV,visa_on_arrival,
BB,MW,visa_free,90
BB,MX,visa_free,180
BB,MY,visa_free,30
BB,MZ,visa_on_arrival,
BB,NA,visa_required,
BB,NE,visa_required,
BB,NG,e_visa,
BB,NI,visa_free,90
BB,NL,visa_free,90
BB,NO,visa_free,90
BB,NP,visa_on_arrival,
BB,NR,visa_required,
BB,NZ,visa_required,
BB,OM,e_visa,
BB,PA,visa_free,90
BB,PE,visa_free,180
BB,PG,eta,
BB,PH,visa_free,30
BB,PK,eta,
BB,PL,visa_free,90
BB,PS,visa_free,
BB,PT,visa_free,90
BB,PW,visa_on_arrival,
BB,PY,visa_required,
BB,QA,e_visa,
BB,RO,visa_free,90
BB,RS,visa_free,30
BB,RU,e_visa,
BB,RW,visa_free,30
BB,SA,visa_on_arrival,
BB,SB,visa_on_arrival,
BB,SC,visa_free,90
BB,SD,visa_required,
BB,SE,visa_free,90
BB,SG,visa_free,30
BB,SI,visa_free,90
BB,SK,visa_free,90
BB,SL,visa_on_arrival,
BB,SM,visa_free,90
BB,SN,visa_on_arrival,
BB,SO,e_visa,
BB,SR,visa_free,180
BB,SS,e_visa,
BB,ST,e_visa,
BB,SV,visa_free,180
BB,SY,e_visa,
BB,SZ,visa_free,30
BB,TD,visa_required,
BB,TG,e_visa,
BB,TH,e_visa,
BB,TJ,e_visa,
BB,TL,visa_on_arrival,
BB,TM,visa_required,
BB,TN,visa_free,90
BB,TO,visa_on_arrival,
BB,TR,visa_on_arrival,
BB,TT,visa_free,
BB,TV,visa_on_arrival,
BB,TW,visa_required,
BB,TZ,visa_free,90
BB,UA,visa_required,
BB,UG,visa_free,90
BB,US,visa_required,
BB,UY,visa_free,90
BB,UZ,visa_free,30
BB,VA,visa_free,90
BB,VC,visa_free,180
BB,VE,visa_free,90
BB,VN,e_visa,
BB,VU,visa_free,120
BB,WS,visa_on_arrival,
BB,XK,visa_free,90
BB,YE,visa_required,
BB,ZA,visa_free,30
BB,ZM,visa_free,90
BB,ZW,visa_free,90
BD,AD,visa_required,
BD,AE,e_visa,
BD,AF,visa_required,
BD,AG,e_visa,
BD,AL,e_visa,
BD,AM,visa_required,
BD,AO,visa_required,
BD,AR,visa_required,
BD,AT,visa_required,
BD,AU,e_visa,
BD,AZ,visa_required,
BD,BA,visa_required,
BD,BB,visa_free,180
BD,BE,visa_required,
BD,BF,e_visa,
BD,BG,visa_required,
BD,BH,e_visa,
BD,BI,visa_on_arrival,
BD,BJ,e_visa,
BD,BN,visa_required,
BD,BO,visa_on_arrival,
BD,BR,visa_required,
BD,BS,visa_free,90
BD,BT,visa_free,14
BD,BW,e_visa,
BD,BY,visa_required,
BD,BZ,visa_required,
BD,CA,visa_required,
BD,CD,e_visa,
BD,CF,visa_required,
BD,CG,visa_required,
BD,CH,visa_required,
BD,CI,eta,
BD,CL,visa_required,
BD,CM,e_visa,
BD,CN,visa_required,
BD,CO,e_visa,
BD,CR,visa_required,
BD,CU,visa_required,
BD,CV,visa_on_arrival,
BD,CY,visa_required,
BD,CZ,visa_required,
BD,DE,visa_required,
BD,DJ,visa_on_arrival,
BD,DK,visa_required,
BD,DM,visa_free,180
BD,DO,visa_required,
BD,DZ,visa_required,
BD,EC,e_visa,
BD,EE,visa_required,
BD,EG,visa_required,
BD,ER,visa_required,
BD,ES,visa_required,
BD,ET,e_visa,
BD,FI,visa_required,
BD,FJ,visa_free,120
BD,FM,visa_free,30
BD,FR,visa_required,
BD,GA,e_visa,
BD,GB,visa_required,
BD,GD,visa_free,90
BD,GE,e_visa,
BD,GH,visa_on_arrival,
BD,GM,visa_free,90
BD,GN,e_visa,
BD,GQ,e_visa,
BD,GR,visa_required,
BD,GT,visa_required,
BD,GW,visa_on_arrival,
BD,GY,visa_required,
BD,HK,e_visa,
BD,HN,visa_required,
BD,HR,visa_required,
BD,HT,visa_free,90
BD,HU,visa_required,
BD,ID,e_visa,
BD,IE,visa_required,
BD,IL,visa_required,
BD,IN,visa_required,
BD,IQ,no_admission,
BD,IR,visa_required,
BD,IS,visa_required,
BD,IT,visa_required,
BD,JM,visa_free,
BD,JO,visa_required,
BD,JP,visa_required,
BD,KE,eta,
BD,KG,e_visa,
BD,KH,visa_on_arrival,
BD,KI,visa_free,90
BD,KM,visa_on_arrival,
BD,KN,visa_free,90
BD,KP,visa_required,
BD,KR,e_visa,
BD,KW,visa_required,
BD,KZ,e_visa,
BD,LA,visa_required,
BD,LB,visa_required,
BD,LC,visa_required,
BD,LI,visa_required,
BD,LK,visa_on_arrival,
BD,LR,visa_required,
BD,LS,visa_required,
BD,LT,visa_required,
BD,LU,visa_required,
BD,LV,visa_required,
BD,LY,no_admission,
BD,MA,visa_required,
BD,MC,visa_required,
BD,MD,e_visa,
BD,ME,visa_required,
BD,MG,visa_on_arrival,
BD,MH,visa_required,
BD,MK,visa_required,
BD,ML,visa_required,
BD,MM,e_visa,
BD,MN,visa_required,
BD,MO,visa_required,
BD,MR,visa_on_arrival,
BD,MT,visa_required,
BD,MU,visa_required,
BD,MV,visa_on_arrival,
BD,MW,e_visa,
BD,MX,visa_required,
BD,MY,e_visa,
BD,MZ,e_visa,
BD,NA,visa_required,
BD,NE,visa_required,
BD,NG,e_visa,
BD,NI,visa_required,
BD,NL,visa_required,
BD,NO,visa_required,
BD,NP,visa_on_arrival,
BD,NR,visa_required,
BD,NZ,visa_required,
BD,OM,e_visa,
BD,PA,visa_required,
BD,PE,visa_required,
BD,PG,e_visa,
BD,PH,visa_required,
BD,PK,e_visa,
BD,PL,visa_required,
BD,PS,visa_required,
BD,PT,visa_required,
BD,PW,visa_required,
BD,PY,visa_required,
BD,QA,e_visa,
BD,RO,visa_required,
BD,RS,visa_required,
BD,RU,visa_required,
BD,RW,visa_free,30
BD,SA,visa_required,
BD,SB,visa_required,
BD,SC,visa_free,90
BD,SD,visa_required,
BD,SE,visa_required,
BD,SG,e_visa,
BD,SI,visa_required,
BD,SK,visa_required,
BD,SL,visa_on_arrival,
BD,SM,visa_required,
BD,SN,visa_required,
BD,SO,e_visa,
BD,SR,e_visa,
BD,SS,e_visa,
BD,ST,e_visa,
BD,SV,e_visa,
BD,SY,e_visa,
BD,SZ,visa_required,
BD,TD,visa_required,
BD,TG,e_visa,
BD,TH,visa_required,
BD,TJ,e_visa,
BD,TL,visa_on_arrival,
BD,TM,visa_required,
BD,TN,visa_required,
BD,TO,visa_required,
BD,TR,visa_required,
BD,TT,visa_free,
BD,TV,visa_on_arrival,
BD,TW,visa_required,
BD,TZ,e_visa,
BD,UA,visa_required,
BD,UG,e_visa,
BD,US,visa_required,
BD,UY,visa_required,
BD,UZ,e_visa,
BD,VA,visa_required,
BD,VC,visa_free,90
BD,VE,visa_required,
BD,VN,e_visa,
BD,VU,visa_free,120
BD,WS,visa_on_arrival,
BD,XK,visa_required,
BD,YE,visa_required,
BD,ZA,visa_required,
BD,ZM,e_visa,
BD,ZW,e_visa,
BE,AD,visa_free,
BE,AE,visa_free,90
BE,AF,visa_required,
BE,AG,visa_free,180
BE,AL,visa_free,90
BE,AM,visa_free,180
BE,AO,visa_free,30
BE,AR,visa_free,90
BE,AT,freedom_of_movement,
BE,AU,eta,
BE,AZ,e_visa,
BE,BA,visa_free,90
BE,BB,visa_free,90
BE,BD,visa_on_arrival,
BE,BF,visa_on_arrival,
BE,BG,freedom_of_movement,
BE,BH,visa_on_arrival,
BE,BI,visa_on_arrival,
BE,BJ,e_visa,
BE,BN,visa_free,90
BE,BO,visa_free,90
BE,BR,visa_free,90
BE,BS,visa_free,240
BE,BT,e_visa,
BE,BW,visa_free,90
BE,BY,visa_free,30
BE,BZ,visa_free,
BE,CA,eta,
BE,CD,e_visa,
BE,CF,visa_required,
BE,CG,visa_required,
BE,CH,freedom_of_movement,
BE,CI,eta,
BE,CL,visa_free,90
BE,CM,e_visa,
BE,CN,visa_free,30
BE,CO,visa_free,90
BE,CR,visa_free,180
BE,CU,e_visa,
BE,CV,visa_free,30
BE,CY,freedom_of_movement,
BE,CZ,freedom_of_movement,
BE,DE,freedom_of_movement,
BE,DJ,visa_on_arrival,
BE,DK,freedom_of_movement,
BE,DM,visa_free,180
BE,DO,visa_free,
BE,DZ,visa_required,
BE,EC,visa_free,90
BE,EE,freedom_of_movement,
BE,EG,visa_on_arrival,
BE,ER,visa_required,
BE,ES,freedom_of_movement,
BE,ET,visa_on_arrival,
BE,FI,freedom_of_movement,
BE,FJ,visa_free,120
BE,FM,visa_free,90
BE,FR,freedom_of_movement,
BE,GA,e_visa,
BE,GB,visa_free,180
BE,GD,visa_free,90
BE,GE,visa_free,360
BE,GH,visa_on_arrival,
BE,GM,visa_free,90
BE,GN,e_visa,
BE,GQ,e_visa,
BE,GR,freedom_of_movement,
BE,GT,visa_free,90
BE,GW,visa_on_arrival,
BE,GY,visa_free,90
BE,HK,visa_free,90
BE,HN,visa_free,90
BE,HR,freedom_of_movement,
BE,HT,visa_free,90
BE,HU,freedom_of_movement,
BE,ID,visa_on_arrival,
BE,IE,freedom_of_movement,
BE,IL,visa_free,90
BE,IN,e_visa,
BE,IQ,visa_on_arrival,
BE,IR,visa_on_arrival,
BE,IS,freedom_of_movement,
BE,IT,freedom_of_movement,
BE,JM,visa_free,90
BE,JO,visa_on_arrival,
BE,JP,visa_free,90
BE,KE,eta,
BE,KG,visa_free,60
BE,KH,visa_on_arrival,
BE,KI,visa_free,90
BE,KM,visa_on_arrival,
BE,KN,visa_free,90
BE,KP,visa_required,
BE,KR,visa_free,90
BE,KW,visa_on_arrival,
BE,KZ,visa_free,30
BE,LA,visa_on_arrival,
BE,LB,visa_on_arrival,
BE,LC,visa_free,90
BE,LI,freedom_of_movement,
BE,LK,visa_on_arrival,
BE,LR,visa_required,
BE,LS,visa_free,14
BE,LT,freedom_of_movement,
BE,LU,freedom_of_movement,
BE,LV,freedom_of_movement,
BE,LY,e_visa,
BE,MA,visa_free,90
BE,MC,visa_free,
BE,MD,visa_free,90
BE,ME,visa_free,90
BE,MG,visa_on_arrival,
BE,MH,visa_free,90
BE,MK,visa_free,90
BE,ML,visa_required,
BE,MM,e_visa,
BE,MN,visa_free,30
BE,MO,visa_free,90
BE,MR,visa_on_arrival,
BE,MT,freedom_of_movement,
BE,MU,visa_free,90
BE,MV,visa_on_arrival,
BE,MW,visa_free,30
BE,MX,visa_free,180
BE,MY,visa_free,90
BE,MZ,visa_free,30
BE,NA,visa_free,90
BE,NE,visa_required,
BE,NG,e_visa,
BE,NI,visa_free,90
BE,NL,freedom_of_movement,
BE,NO,freedom_of_movement,
BE,NP,visa_on_arrival,
BE,NR,visa_required,
BE,NZ,eta,
BE,OM,visa_on_arrival,
BE,PA,visa_free,90
BE,PE,visa_free,90
BE,PG,eta,
BE,PH,visa_free,30
BE,PK,e_visa,
BE,PL,freedom_of_movement,
BE,PS,visa_free,
BE,PT,freedom_of_movement,
BE,PW,visa_free,90
BE,PY,visa_free,90
BE,QA,visa_on_arrival,
BE,RO,freedom_of_movement,
BE,RS,visa_free,90
BE,RU,e_visa,
BE,RW,visa_free,30
BE,SA,visa_on_arrival,
BE,SB,visa_free,90
BE,SC,visa_free,90
BE,SD,visa_required,
BE,SE,freedom_of_movement,
BE,SG,visa_free,90
BE,SI,freedom_of_movement,
BE,SK,freedom_of_movement,
BE,SL,visa_on_arrival,
BE,SM,visa_free,
BE,SN,visa_free,90
BE,SO,visa_on_arrival,
BE,SR,visa_required,
BE,SS,e_visa,
BE,ST,visa_free,15
BE,SV,visa_free,180
BE,SY,e_visa,
BE,SZ,visa_free,30
BE,TD,visa_required,
BE,TG,e_visa,
BE,TH,visa_free,60
BE,TJ,visa_free,30
BE,TL,visa_free,90
BE,TM,visa_required,
BE,TN,visa_free,90
BE,TO,visa_free,90
BE,TR,visa_free,90
BE,TT,visa_free,90
BE,TV,visa_free,90
BE,TW,visa_free,90
BE,TZ,visa_on_arrival,
BE,UA,visa_free,90
BE,UG,e_visa,
BE,US,eta,
BE,UY,visa_free,90
BE,UZ,visa_free,30
BE,VA,visa_free,
BE,VC,visa_free,90
BE,VE,visa_free,90
BE,VN,e_visa,
BE,VU,visa_free,150
BE,WS,visa_free,90
BE,XK,visa_free,90
BE,YE,visa_required,
BE,ZA,visa_free,90
BE,ZM,visa_free,90
BE,ZW,visa_on_arrival,
BF,AD,visa_required,
BF,AE,e_visa,
BF,AF,visa_required,
BF,AG,e_visa,
BF,AL,e_visa,
BF,AM,visa_required,
BF,AO,visa_required,
BF,AR,visa_required,
BF,AT,visa_required,
BF,AU,e_visa,
BF,AZ,visa_required,
BF,BA,visa_required,
BF,BB,visa_free,90
BF,BD,visa_free,90
BF,BE,visa_required,
BF,BG,visa_required,
BF,BH,e_visa,
BF,BI,visa_on_arrival,
BF,BJ,visa_free,90
BF,BN,visa_required,
BF,BO,visa_on_arrival,
BF,BR,visa_required,
BF,BS,e_visa,
BF,BT,e_visa,
BF,BW,e_visa,
BF,BY,visa_required,
BF,BZ,visa_required,
BF,CA,visa_required,
BF,CD,e_visa,
BF,CF,visa_free,90
BF,CG,visa_on_arrival,
BF,CH,visa_required,
BF,CI,visa_free,90
BF,CL,visa_required,
BF,CM,e_visa,
BF,CN,visa_required,
BF,CO,e_visa,
BF,CR,visa_required,
BF,CU,e_visa,
BF,CV,visa_free,
BF,CY,visa_required,
BF,CZ,visa_required,
BF,DE,visa_required,
BF,DJ,visa_on_arrival,
BF,DK,visa_required,
BF,DM,visa_free,21
BF,DO,visa_required,
BF,DZ,visa_required,
BF,EC,visa_free,90
BF,EE,visa_required,
BF,EG,visa_required,
BF,ER,visa_required,
BF,ES,visa_required,
BF,ET,visa_on_arrival,
BF,FI,visa_required,
BF,FJ,visa_required,
BF,FM,visa_free,30
BF,FR,visa_required,
BF,GA,e_visa,
BF,GB,visa_required,
BF,GD,visa_required,
BF,GE,e_visa,
BF,GH,visa_free,90
BF,GM,visa_free,90
BF,GN,visa_free,
BF,GQ,e_visa,
BF,GR,visa_required,
BF,GT,visa_required,
BF,GW,visa_free,
BF,GY,visa_required,
BF,HK,visa_free,14
BF,HN,visa_required,
BF,HR,visa_required,
BF,HT,visa_free,90
BF,HU,visa_required,
BF,ID,e_visa,
BF,IE,visa_required,
BF,IL,visa_required,
BF,IN,visa_required,
BF,IQ,e_visa,
BF,IR,visa_on_arrival,
BF,IS,visa_required,
BF,IT,visa_required,
BF,JM,visa_required,
BF,JO,visa_required,
BF,JP,visa_required,
BF,KE,eta,
BF,KG,e_visa,
BF,KH,visa_on_arrival,
BF,KI,visa_required,
BF,KM,visa_on_arrival,
BF,KN,e_visa,
BF,KP,visa_required,
BF,KR,e_visa,
BF,KW,visa_required,
BF,KZ,e_visa,
BF,LA,visa_on_arrival,
BF,LB,visa_required,
BF,LC,visa_on_arrival,
BF,LI,visa_required,
BF,LK,visa_on_arrival,
BF,LR,visa_free,
BF,LS,e_visa,
BF,LT,visa_required,
BF,LU,visa_required,
BF,LV,visa_required,
BF,LY,e_visa,
BF,MA,visa_free,90
BF,MC,visa_required,
BF,MD,e_visa,
BF,ME,visa_required,
BF,MG,visa_on_arrival,
BF,MH,visa_required,
BF,MK,visa_required,
BF,ML,visa_free,
BF,MM,visa_required,
BF,MN,visa_required,
BF,MO,visa_on_arrival,
BF,MR,visa_on_arrival,
BF,MT,visa_required,
BF,MU,visa_on_arrival,
BF,MV,visa_on_arrival,
BF,MW,e_visa,
BF,MX,visa_required,
BF,MY,e_visa,
BF,MZ,visa_on_arrival,
BF,NA,visa_on_arrival,
BF,NE,visa_free,
BF,NG,visa_free,
BF,NI,visa_on_arrival,
BF,NL,visa_required,
BF,NO,visa_required,
BF,NP,visa_on_arrival,
BF,NR,visa_required,
BF,NZ,visa_required,
BF,OM,e_visa,
BF,PA,visa_required,
BF,PE,visa_required,
BF,PG,e_visa,
BF,PH,visa_free,30
BF,PK,e_visa,
BF,PL,visa_required,
BF,PS,visa_required,
BF,PT,visa_required,
BF,PW,visa_on_arrival,
BF,PY,visa_required,
BF,QA,e_visa,
BF,RO,visa_required,
BF,RS,visa_required,
BF,RU,visa_required,
BF,RW,visa_free,30
BF,SA,visa_required,
BF,SB,visa_required,
BF,SC,visa_free,90
BF,SD,visa_required,
BF,SE,visa_required,
BF,SG,visa_free,30
BF,SI,visa_required,
BF,SK,visa_required,
BF,SL,visa_free,
BF,SM,visa_required,
BF,SN,visa_free,90
BF,SO,e_visa,
BF,SR,visa_required,
BF,SS,e_visa,
BF,ST,e_visa,
BF,SV,e_visa,
BF,SY,e_visa,
BF,SZ,visa_required,
BF,TD,visa_free,90
BF,TG,visa_free,
BF,TH,visa_required,
BF,TJ,e_visa,
BF,TL,visa_on_arrival,
BF,TM,visa_required,
BF,TN,visa_free,90
BF,TO,visa_required,
BF,TR,visa_required,
BF,TT,visa_required,
BF,TV,visa_on_arrival,
BF,TW,e_visa,
BF,TZ,visa_on_arrival,
BF,UA,visa_required,
BF,UG,e_visa,
BF,US,visa_required,
BF,UY,visa_required,
BF,UZ,visa_required,
BF,VA,visa_required,
BF,VC,visa_free,30
BF,VE,visa_required,
BF,VN,e_visa,
BF,VU,visa_required,
BF,WS,visa_on_arrival,
BF,XK,visa_required,
BF,YE,visa_required,
BF,ZA,visa_required,
BF,ZM,e_visa,
BF,ZW,e_visa,
BG,AD,visa_free,
BG,AE,visa_free,90
BG,AF,visa_required,
BG,AG,visa_free,180
BG,AL,visa_free,90
BG,AM,visa_free,180
BG,AO,visa_free,30
BG,AR,visa_free,90
BG,AT,freedom_of_movement,
BG,AU,eta,
BG,AZ,e_visa,
BG,BA,visa_free,90
BG,BB,visa_free,90
BG,BD,visa_on_arrival,
BG,BE,freedom_of_movement,
BG,BF,visa_on_arrival,
BG,BH,visa_on_arrival,
BG,BI,visa_on_arrival,
BG,BJ,e_visa,
BG,BN,visa_free,90
BG,BO,visa_on_arrival,
BG,BR,visa_free,90
BG,BS,visa_free,90
BG,BT,e_visa,
BG,BW,visa_free,90
BG,BY,visa_free,30
BG,BZ,visa_free,
BG,CA,eta,
BG,CD,e_visa,
BG,CF,visa_required,
BG,CG,visa_required,
BG,CH,freedom_of_movement,
BG,CI,eta,
BG,CL,visa_free,90
BG,CM,e_visa,
BG,CN,visa_free,30
BG,CO,visa_free,90
BG,CR,visa_free,180
BG,CU,e_visa,
BG,CV,visa_free,30
BG,CY,freedom_of_movement,
BG,CZ,freedom_of_movement,
BG,DE,freedom_of_movement,
BG,DJ,visa_on_arrival,
BG,DK,freedom_of_movement,
BG,DM,visa_free,180
BG,DO,visa_free,
BG,DZ,visa_required,
BG,EC,visa_free,90
BG,EE,freedom_of_movement,
BG,EG,visa_on_arrival,
BG,ER,visa_required,
BG,ES,freedom_of_movement,
BG,ET,visa_on_arrival,
BG,FI,freedom_of_movement,
BG,FJ,visa_free,120
BG,FM,visa_free,90
BG,FR,freedom_of_movement,
BG,GA,e_visa,
BG,GB,visa_free,180
BG,GD,visa_free,90
BG,GE,visa_free,360
BG,GH,visa_on_arrival,
BG,GM,visa_free,90
BG,GN,e_visa,
BG,GQ,e_visa,
BG,GR,freedom_of_movement,
BG,GT,visa_free,90
BG,GW,visa_on_arrival,
BG,GY,visa_required,
BG,HK,visa_free,90
BG,HN,visa_free,90
BG,HR,freedom_of_movement,
BG,HT,visa_free,90
BG,HU,freedom_of_movement,
BG,ID,visa_on_arrival,
BG,IE,freedom_of_movement,
BG,IL,visa_free,90
BG,IN,e_visa,
BG,IQ,visa_on_arrival,
BG,IR,visa_on_arrival,
BG,IS,freedom_of_movement,
BG,IT,freedom_of_movement,
BG,JM,visa_on_arrival,
BG,JO,visa_on_arrival,
BG,JP,visa_free,90
BG,KE,eta,
BG,KG,visa_free,60
BG,KH,visa_on_arrival,
BG,KI,visa_free,90
BG,KM,visa_on_arrival,
BG,KN,visa_free,90
BG,KP,visa_required,
BG,KR,visa_free,90
BG,KW,visa_on_arrival,
BG,KZ,visa_free,30
BG,LA,visa_on_arrival,
BG,LB,visa_on_arrival,
BG,LC,visa_free,90
BG,LI,freedom_of_movement,
BG,LK,visa_on_arrival,
BG,LR,visa_required,
BG,LS,e_visa,
BG,LT,freedom_of_movement,
BG,LU,freedom_of_movement,
BG,LV,freedom_of_movement,
BG,LY,e_visa,
BG,MA,visa_free,90
BG,MC,visa_free,
BG,MD,visa_free,90
BG,ME,visa_free,90
BG,MG,visa_on_arrival,
BG,MH,visa_free,90
BG,MK,visa_free,90
BG,ML,visa_required,
BG,MM,e_visa,
BG,MN,visa_free,30
BG,MO,visa_free,90
BG,MR,visa_on_arrival,
BG,MT,freedom_of_movement,
BG,MU,visa_free,90
BG,MV,visa_on_arrival,
BG,MW,visa_on_arrival,
BG,MX,visa_free,180
BG,MY,visa_free,90
BG,MZ,visa_on_arrival,
BG,NA,visa_on_arrival,
BG,NE,visa_required,
BG,NG,e_visa,
BG,NI,visa_free,90
BG,NL,freedom_of_movement,
BG,NO,freedom_of_movement,
BG,NP,visa_on_arrival,
BG,NR,visa_required,
BG,NZ,eta,
BG,OM,visa_on_arrival,
BG,PA,visa_free,90
BG,PE,visa_free,90
BG,PG,eta,
BG,PH,visa_free,30
BG,PK,e_visa,
BG,PL,freedom_of_movement,
BG,PS,visa_free,
BG,PT,freedom_of_movement,
BG,PW,visa_free,90
BG,PY,visa_free,90
BG,QA,visa_on_arrival,
BG,RO,freedom_of_movement,
BG,RS,visa_free,90
BG,RU,e_visa,
BG,RW,visa_free,30
BG,SA,visa_on_arrival,
BG,SB,visa_free,90
BG,SC,visa_free,90
BG,SD,visa_required,
BG,SE,freedom_of_movement,
BG,SG,visa_free,90
BG,SI,freedom_of_movement,
BG,SK,freedom_of_movement,
BG,SL,visa_on_arrival,
BG,SM,visa_free,
BG,SN,visa_free,90
BG,SO,visa_on_arrival,
BG,SR,visa_required,
BG,SS,e_visa,
BG,ST,visa_free,15
BG,SV,visa_free,180
BG,SY,e_visa,
BG,SZ,visa_required,
BG,TD,visa_required,
BG,TG,e_visa,
BG,TH,visa_free,60
BG,TJ,visa_free,30
BG,TL,visa_free,90
BG,TM,visa_required,
BG,TN,visa_free,60
BG,TO,visa_free,90
BG,TR,visa_free,90
BG,TT,visa_free,90
BG,TV,visa_free,90
BG,TW,visa_free,90
BG,TZ,visa_on_arrival,
BG,UA,visa_free,90
BG,UG,e_visa,
BG,US,visa_required,
BG,UY,visa_free,90
BG,UZ,visa_free,30
BG,VA,visa_free,
BG,VC,visa_free,90
BG,VE,visa_free,90
BG,VN,e_visa,
BG,VU,visa_free,120
BG,WS,visa_free,90
BG,XK,visa_free,90
BG,YE,visa_required,
BG,ZA,e_visa,
BG,ZM,visa_free,90
BG,ZW,visa_on_arrival,
BH,AD,visa_required,
BH,AE,visa_free,
BH,AF,visa_required,
BH,AG,e_visa,
BH,AL,visa_free,90
BH,AM,e_visa,
BH,AO,visa_required,
BH,AR,visa_required,
BH,AT,visa_required,
BH,AU,e_visa,
BH,AZ,visa_on_arrival,
BH,BA,visa_required,
BH,BB,visa_free,90
BH,BD,visa_on_arrival,
BH,BE,visa_required,
BH,BF,e_visa,
BH,BG,visa_required,
BH,BI,visa_on_arrival,
BH,BJ,e_visa,
BH,BN,visa_on_arrival,
BH,BO,visa_on_arrival,
BH,BR,visa_required,
BH,BS,visa_free,90
BH,BT,e_visa,
BH,BW,visa_free,90
BH,BY,visa_free,30
BH,BZ,visa_required,
BH,CA,visa_required,
BH,CD,e_visa,
BH,CF,visa_required,
BH,CG,visa_required,
BH,CH,visa_required,
BH,CI,eta,
BH,CL,visa_required,
BH,CM,e_visa,
BH,CN,visa_required,
BH,CO,e_visa,
BH,CR,visa_required,
BH,CU,e_visa,
BH,CV,visa_on_arrival,
BH,CY,visa_required,
BH,CZ,visa_required,
BH,DE,visa_required,
BH,DJ,visa_on_arrival,
BH,DK,visa_required,
BH,DM,visa_free,21
BH,DO,visa_free,
BH,DZ,visa_required,
BH,EC,visa_free,90
BH,EE,visa_required,
BH,EG,visa_free,180
BH,ER,visa_required,
BH,ES,visa_required,
BH,ET,visa_on_arrival,
BH,FI,visa_required,
BH,FJ,visa_required,
BH,FM,visa_free,30
BH,FR,visa_required,
BH,GA,e_visa,
BH,GB,eta,
BH,GD,visa_required,
BH,GE,visa_free,360
BH,GH,visa_on_arrival,
BH,GM,visa_required,
BH,GN,e_visa,
BH,GQ,e_visa,
BH,GR,visa_required,
BH,GT,visa_free,90
BH,GW,visa_on_arrival,
BH,GY,visa_required,
BH,HK,visa_free,30
BH,HN,visa_free,90
BH,HR,visa_required,
BH,HT,visa_free,90
BH,HU,visa_required,
BH,ID,visa_on_arrival,
BH,IE,visa_required,
BH,IL,visa_required,
BH,IN,visa_required,
BH,IQ,visa_on_arrival,
BH,IR,visa_free,15
BH,IS,visa_required,
BH,IT,visa_required,
BH,JM,visa_required,
BH,JO,visa_free,90
BH,JP,visa_required,
BH,KE,eta,
BH,KG,visa_free,60
BH,KH,visa_on_arrival,
BH,KI,visa_required,
BH,KM,visa_on_arrival,
BH,KN,visa_free,90
BH,KP,visa_required,
BH,KR,visa_free,30
BH,KW,visa_free,
BH,KZ,visa_free,30
BH,LA,visa_on_arrival,
BH,LB,visa_free,180
BH,LC,visa_required,
BH,LI,visa_required,
BH,LK,visa_on_arrival,
BH,LR,visa_required,
BH,LS,e_visa,
BH,LT,visa_required,
BH,LU,visa_required,
BH,LV,visa_required,
BH,LY,e_visa,
BH,MA,visa_free,90
BH,MC,visa_required,
BH,MD,e_visa,
BH,ME,visa_required,
BH,MG,visa_on_arrival,
BH,MH,visa_required,
BH,MK,visa_required,
BH,ML,visa_required,
BH,MM,visa_required,
BH,MN,visa_required,
BH,MO,visa_on_arrival,
BH,MR,visa_on_arrival,
BH,MT,visa_required,
BH,MU,visa_free,90
BH,MV,visa_on_arrival,
BH,MW,visa_on_arrival,
BH,MX,visa_required,
BH,MY,visa_free,90
BH,MZ,visa_on_arrival,
BH,NA,visa_required,
BH,NE,visa_required,
BH,NG,e_visa,
BH,NI,visa_free,90
BH,NL,visa_required,
BH,NO,visa_required,
BH,NP,visa_on_arrival,
BH,NR,visa_required,
BH,NZ,eta,
BH,OM,visa_free,
BH,PA,visa_required,
BH,PE,visa_required,
BH,PG,e_visa,
BH,PH,visa_free,30
BH,PK,visa_free,90
BH,PL,visa_required,
BH,PS,visa_free,
BH,PT,visa_required,
BH,PW,visa_on_arrival,
BH,PY,visa_required,
BH,QA,visa_free,
BH,RO,visa_required,
BH,RS,visa_free,90
BH,RU,e_visa,
BH,RW,visa_on_arrival,
BH,SA,visa_free,
BH,SB,visa_required,
BH,SC,visa_free,90
BH,SD,visa_required,
BH,SE,visa_required,
BH,SG,visa_free,30
BH,SI,visa_required,
BH,SK,visa_required,
BH,SL,visa_on_arrival,
BH,SM,visa_required,
BH,SN,visa_on_arrival,
BH,SO,visa_on_arrival,
BH,SR,visa_required,
BH,SS,e_visa,
BH,ST,e_visa,
BH,SV,visa_free,180
BH,SY,visa_free,
BH,SZ,visa_required,
BH,TD,visa_required,
BH,TG,e_visa,
BH,TH,visa_free,60
BH,TJ,visa_free,30
BH,TL,visa_on_arrival,
BH,TM,visa_required,
BH,TN,visa_free,90
BH,TO,visa_required,
BH,TR,visa_free,90
BH,TT,visa_required,
BH,TV,visa_on_arrival,
BH,TW,e_visa,
BH,TZ,visa_on_arrival,
BH,UA,visa_free,90
BH,UG,e_visa,
BH,US,visa_required,
BH,UY,visa_required,
BH,UZ,visa_free,10
BH,VA,visa_required,
BH,VC,visa_free,90
BH,VE,visa_required,
BH,VN,e_visa,
BH,VU,visa_free,120
BH,WS,visa_on_arrival,
BH,XK,visa_free,90
BH,YE,visa_on_arrival,
BH,ZA,visa_required,
BH,ZM,visa_free,90
BH,ZW,visa_on_arrival,
BI,AD,visa_required,
BI,AE,e_visa,
BI,AF,visa_required,
BI,AG,e_visa,
BI,AL,e_visa,
BI,AM,visa_required,
BI,AO,visa_required,
BI,AR,visa_required,
BI,AT,visa_required,
BI,AU,e_visa,
BI,AZ,visa_required,
BI,BA,visa_required,
BI,BB,visa_free,90
BI,BD,visa_on_arrival,
BI,BE,visa_required,
BI,BF,e_visa,
BI,BG,visa_required,
BI,BH,e_visa,
BI,BJ,visa_free,90
BI,BN,visa_required,
BI,BO,visa_on_arrival,
BI,BR,visa_required,
BI,BS,e_visa,
BI,BT,e_visa,
BI,BW,e_visa,
BI,BY,visa_required,
BI,BZ,visa_required,
BI,CA,visa_required,
BI,CD,visa_free,
BI,CF,visa_free,90
BI,CG,visa_required,
BI,CH,visa_required,
BI,CI,eta,
BI,CL,visa_required,
BI,CM,e_visa,
BI,CN,visa_required,
BI,CO,e_visa,
BI,CR,visa_required,
BI,CU,e_visa,
BI,CV,visa_on_arrival,
BI,CY,visa_required,
BI,CZ,visa_required,
BI,DE,visa_required,
BI,DJ,visa_on_arrival,
BI,DK,visa_required,
BI,DM,visa_free,21
BI,DO,visa_required,
BI,DZ,visa_required,
BI,EC,visa_free,90
BI,EE,visa_required,
BI,EG,visa_required,
BI,ER,visa_required,
BI,ES,visa_required,
BI,ET,visa_on_arrival,
BI,FI,visa_required,
BI,FJ,visa_required,
BI,FM,visa_free,30
BI,FR,visa_required,
BI,GA,e_visa,
BI,GB,visa_required,
BI,GD,visa_required,
BI,GE,e_visa,
BI,GH,visa_on_arrival,
BI,GM,visa_free,90
BI,GN,e_visa,
BI,GQ,e_visa,
BI,GR,visa_required,
BI,GT,visa_required,
BI,GW,visa_on_arrival,
BI,GY,visa_required,
BI,HK,e_visa,
BI,HN,visa_required,
BI,HR,visa_required,
BI,HT,visa_free,90
BI,HU,visa_required,
BI,ID,e_visa,
BI,IE,visa_required,
BI,IL,visa_required,
BI,IN,e_visa,
BI,IQ,e_visa,
BI,IR,visa_on_arrival,
BI,IS,visa_required,
BI,IT,visa_required,
BI,JM,visa_required,
BI,JO,visa_required,
BI,JP,visa_required,
BI,KE,visa_free,
BI,KG,e_visa,
BI,KH,visa_on_arrival,
BI,KI,visa_required,
BI,KM,visa_on_arrival,
BI,KN,e_visa,
BI,KP,visa_required,
BI,KR,e_visa,
BI,KW,visa_required,
BI,KZ,e_visa,
BI,LA,visa_required,
BI,LB,visa_required,
BI,LC,visa_on_arrival,
BI,LI,visa_required,
BI,LK,visa_on_arrival,
BI,LR,visa_required,
BI,LS,e_visa,
BI,LT,visa_required,
BI,LU,visa_required,
BI,LV,visa_required,
BI,LY,e_visa,
BI,MA,visa_required,
BI,MC,visa_required,
BI,MD,e_visa,
BI,ME,visa_required,
BI,MG,visa_required,
BI,MH,visa_required,
BI,MK,visa_required,
BI,ML,visa_required,
BI,MM,visa_required,
BI,MN,e_visa,
BI,MO,visa_on_arrival,
BI,MR,visa_on_arrival,
BI,MT,visa_required,
BI,MU,visa_free,90
BI,MV,visa_on_arrival,
BI,MW,e_visa,
BI,MX,visa_required,
BI,MY,e_visa,
BI,MZ,visa_on_arrival,
BI,NA,visa_on_arrival,
BI,NE,visa_required,
BI,NG,visa_on_arrival,
BI,NI,visa_on_arrival,
BI,NL,visa_required,
BI,NO,visa_required,
BI,NP,visa_on_arrival,
BI,NR,visa_required,
BI,NZ,visa_required,
BI,OM,e_visa,
BI,PA,visa_required,
BI,PE,visa_required,
BI,PG,e_visa,
BI,PH,visa_free,30
BI,PK,e_visa,
BI,PL,visa_required,
BI,PS,visa_required,
BI,PT,visa_required,
BI,PW,visa_on_arrival,
BI,PY,visa_required,
BI,QA,e_visa,
BI,RO,visa_required,
BI,RS,visa_required,
BI,RU,visa_required,
BI,RW,visa_free,180
BI,SA,visa_required,
BI,SB,visa_required,
BI,SC,visa_free,90
BI,SD,visa_required,
BI,SE,visa_required,
BI,SG,visa_free,30
BI,SI,visa_required,
BI,SK,visa_required,
BI,SL,e_visa,
BI,SM,visa_required,
BI,SN,visa_on_arrival,
BI,SO,e_visa,
BI,SR,visa_required,
BI,SS,visa_on_arrival,
BI,ST,e_visa,
BI,SV,e_visa,
BI,SY,e_visa,
BI,SZ,visa_required,
BI,TD,visa_required,
BI,TG,e_visa,
BI,TH,visa_required,
BI,TJ,e_visa,
BI,TL,visa_on_arrival,
BI,TM,visa_required,
BI,TN,visa_required,
BI,TO,visa_required,
BI,TR,visa_required,
BI,TT,visa_required,
BI,TV,visa_on_arrival,
BI,TW,visa_required,
BI,TZ,visa_free,90
BI,UA,visa_required,
BI,UG,visa_free,90
BI,US,visa_required,
BI,UY,visa_required,
BI,UZ,visa_required,
BI,VA,visa_required,
BI,VC,visa_free,90
BI,VE,visa_required,
BI,VN,e_visa,
BI,VU,visa_required,
BI,WS,visa_on_arrival,
BI,XK,visa_required,
BI,YE,visa_required,
BI,ZA,visa_required,
BI,ZM,visa_on_arrival,
BI,ZW,visa_on_arrival,
BJ,AD,visa_required,
BJ,AE,e_visa,
BJ,AF,visa_required,
BJ,AG,e_visa,
BJ,AL,e_visa,
BJ,AM,visa_required,
BJ,AO,visa_required,
BJ,AR,visa_required,
BJ,AT,visa_required,
BJ,AU,e_visa,
BJ,AZ,visa_required,
BJ,BA,visa_required,
BJ,BB,visa_free,90
BJ,BD,visa_on_arrival,
BJ,BE,visa_required,
BJ,BF,visa_free,
BJ,BG,visa_required,
BJ,BH,e_visa,
BJ,BI,visa_on_arrival,
BJ,BN,visa_required,
BJ,BO,visa_on_arrival,
BJ,BR,visa_required,
BJ,BS,visa_free,90
BJ,BT,e_visa,
BJ,BW,e_visa,
BJ,BY,visa_required,
BJ,BZ,visa_required,
BJ,CA,visa_required,
BJ,CD,e_visa,
BJ,CF,visa_free,90
BJ,CG,visa_on_arrival,
BJ,CH,visa_required,
BJ,CI,visa_free,90
BJ,CL,visa_required,
BJ,CM,e_visa,
BJ,CN,visa_required,
BJ,CO,e_visa,
BJ,CR,visa_required,
BJ,CU,visa_free,90
BJ,CV,visa_free,
BJ,CY,visa_required,
BJ,CZ,visa_required,
BJ,DE,visa_required,
BJ,DJ,visa_on_arrival,
BJ,DK,visa_required,
BJ,DM,visa_free,21
BJ,DO,visa_required,
BJ,DZ,visa_required,
BJ,EC,visa_free,90
BJ,EE,visa_required,
BJ,EG,visa_required,
BJ,ER,visa_required,
BJ,ES,visa_required,
BJ,ET,visa_on_arrival,
BJ,FI,visa_required,
BJ,FJ,visa_required,
BJ,FM,visa_free,30
BJ,FR,visa_required,
BJ,GA,e_visa,
BJ,GB,visa_required,
BJ,GD,visa_required,
BJ,GE,e_visa,
BJ,GH,visa_free,90
BJ,GM,visa_free,90
BJ,GN,visa_free,
BJ,GQ,e_visa,
BJ,GR,visa_required,
BJ,GT,visa_required,
BJ,GW,visa_free,
BJ,GY,visa_required,
BJ,HK,visa_free,14
BJ,HN,visa_required,
BJ,HR,visa_required,
BJ,HT,visa_free,90
BJ,HU,visa_required,
BJ,ID,e_visa,
BJ,IE,visa_required,
BJ,IL,visa_required,
BJ,IN,e_visa,
BJ,IQ,e_visa,
BJ,IR,visa_on_arrival,
BJ,IS,visa_required,
BJ,IT,visa_required,
BJ,JM,visa_required,
BJ,JO,visa_required,
BJ,JP,visa_required,
BJ,KE,eta,
BJ,KG,e_visa,
BJ,KH,visa_on_arrival,
BJ,KI,visa_required,
BJ,KM,visa_on_arrival,
BJ,KN,e_visa,
BJ,KP,visa_required,
BJ,KR,e_visa,
BJ,KW,visa_required,
BJ,KZ,e_visa,
BJ,LA,visa_on_arrival,
BJ,LB,visa_required,
BJ,LC,visa_on_arrival,
BJ,LI,visa_required,
BJ,LK,visa_on_arrival,
BJ,LR,visa_free,
BJ,LS,e_visa,
BJ,LT,visa_required,
BJ,LU,visa_required,
BJ,LV,visa_required,
BJ,LY,e_visa,
BJ,MA,visa_required,
BJ,MC,visa_required,
BJ,MD,e_visa,
BJ,ME,visa_required,
BJ,MG,visa_on_arrival,
BJ,MH,visa_required,
BJ,MK,visa_required,
BJ,ML,visa_free,
BJ,MM,visa_required,
BJ,MN,e_visa,
BJ,MO,visa_on_arrival,
BJ,MR,visa_on_arrival,
BJ,MT,visa_required,
BJ,MU,visa_free,90
BJ,MV,visa_on_arrival,
BJ,MW,visa_on_arrival,
BJ,MX,visa_required,
BJ,MY,visa_free,30
BJ,MZ,visa_on_arrival,
BJ,NA,visa_on_arrival,
BJ,NE,visa_free,
BJ,NG,visa_free,
BJ,NI,visa_on_arrival,
BJ,NL,visa_required,
BJ,NO,visa_required,
BJ,NP,visa_on_arrival,
BJ,NR,visa_required,
BJ,NZ,visa_required,
BJ,OM,e_visa,
BJ,PA,visa_required,
BJ,PE,visa_required,
BJ,PG,e_visa,
BJ,PH,visa_free,30
BJ,PK,e_visa,
BJ,PL,visa_required,
BJ,PS,visa_required,
BJ,PT,visa_required,
BJ,PW,visa_on_arrival,
BJ,PY,visa_required,
BJ,QA,e_visa,
BJ,RO,visa_required,
BJ,RS,visa_required,
BJ,RU,visa_required,
BJ,RW,visa_free,90
BJ,SA,visa_required,
BJ,SB,visa_required,
BJ,SC,visa_free,90
BJ,SD,visa_required,
BJ,SE,visa_required,
BJ,SG,visa_free,30
BJ,SI,visa_required,
BJ,SK,visa_required,
BJ,SL,visa_free,
BJ,SM,visa_required,
BJ,SN,visa_free,90
BJ,SO,e_visa,
BJ,SR,visa_required,
BJ,SS,e_visa,
BJ,ST,e_visa,
BJ,SV,e_visa,
BJ,SY,e_visa,
BJ,SZ,visa_required,
BJ,TD,visa_on_arrival,
BJ,TG,visa_free,
BJ,TH,visa_required,
BJ,TJ,e_visa,
BJ,TL,visa_on_arrival,
BJ,TM,visa_required,
BJ,TN,visa_free,90
BJ,TO,visa_required,
BJ,TR,visa_required,
BJ,TT,visa_required,
BJ,TV,visa_on_arrival,
BJ,TW,visa_required,
BJ,TZ,visa_on_arrival,
BJ,UA,visa_required,
BJ,UG,e_visa,
BJ,US,visa_required,
BJ,UY,visa_required,
BJ,UZ,visa_required,
BJ,VA,visa_required,
BJ,VC,visa_free,90
BJ,VE,visa_required,
BJ,VN,e_visa,
BJ,VU,visa_required,
BJ,WS,visa_on_arrival,
BJ,XK,visa_required,
BJ,YE,visa_required,
BJ,ZA,visa_free,30
BJ,ZM,e_visa,
BJ,ZW,e_visa,
BN,AD,visa_free,90
BN,AE,visa_free,30
BN,AF,visa_required,
BN,AG,visa_free,180
BN,AL,visa_free,90
BN,AM,e_visa,
BN,AO,visa_required,
BN,AR,visa_required,
BN,AT,visa_free,90
BN,AU,eta,
BN,AZ,e_visa,
BN,BA,visa_free,90
BN,BB,visa_free,180
BN,BD,visa_required,
BN,BE,visa_free,90
BN,BF,e_visa,
BN,BG,visa_free,90
BN,BH,visa_on_arrival,
BN,BI,visa_on_arrival,
BN,BJ,e_visa,
BN,BO,visa_on_arrival,
BN,BR,visa_required,
BN,BS,visa_free,90
BN,BT,e_visa,
BN,BW,visa_free,90
BN,BY,visa_required,
BN,BZ,visa_free,
BN,CA,eta,
BN,CD,e_visa,
BN,CF,visa_required,
BN,CG,visa_required,
BN,CH,visa_free,90
BN,CI,eta,
BN,CL,visa_required,
BN,CM,e_visa,
BN,CN,visa_free,15
BN,CO,visa_free,90
BN,CR,visa_free,30
BN,CU,e_visa,
BN,CV,visa_on_arrival,
BN,CY,visa_free,90
BN,CZ,visa_free,90
BN,DE,visa_free,90
BN,DJ,visa_on_arrival,
BN,DK,visa_free,90
BN,DM,visa_free,180
BN,DO,visa_free,
BN,DZ,visa_required,
BN,EC,visa_free,90
BN,EE,visa_free,90
BN,EG,visa_on_arrival,
BN,ER,visa_required,
BN,ES,visa_free,90
BN,ET,e_visa,
BN,FI,visa_free,90
BN,FJ,visa_free,120
BN,FM,visa_free,30
BN,FR,visa_free,90
BN,GA,e_visa,
BN,GB,eta,
BN,GD,visa_free,90
BN,GE,visa_free,360
BN,GH,visa_on_arrival,
BN,GM,visa_free,90
BN,GN,e_visa,
BN,GQ,e_visa,
BN,GR,visa_free,90
BN,GT,visa_free,90
BN,GW,visa_on_arrival,
BN,GY,visa_required,
BN,HK,visa_free,90
BN,HN,visa_free,90
BN,HR,visa_free,90
BN,HT,visa_free,90
BN,HU,visa_free,90
BN,ID,visa_free,30
BN,IE,visa_free,90
BN,IL,visa_required,
BN,IN,e_visa,
BN,IQ,e_visa,
BN,IR,visa_free,15
BN,IS,visa_free,90
BN,IT,visa_free,90
BN,JM,visa_free,
BN,JO,visa_on_arrival,
BN,JP,visa_free,14
BN,KE,eta,
BN,KG,visa_free,60
BN,KH,visa_free,14
BN,KI,visa_free,90
BN,KM,visa_on_arrival,
BN,KN,visa_free,90
BN,KP,visa_required,
BN,KR,visa_free,30
BN,KW,visa_on_arrival,
BN,KZ,e_visa,
BN,LA,visa_free,14
BN,LB,visa_required,
BN,LC,visa_free,42
BN,LI,visa_free,90
BN,LK,visa_on_arrival,
BN,LR,visa_required,
BN,LS,visa_free,90
BN,LT,visa_free,90
BN,LU,visa_free,90
BN,LV,visa_free,90
BN,LY,e_visa,
BN,MA,visa_required,
BN,MC,visa_free,90
BN,MD,visa_free,90
BN,ME,visa_free,90
BN,MG,visa_on_arrival,
BN,MH,visa_on_arrival,
BN,MK,visa_free,90
BN,ML,visa_required,
BN,MM,visa_free,14
BN,MN,e_visa,
BN,MO,visa_free,14
BN,MR,visa_on_arrival,
BN,MT,visa_free,90
BN,MU,visa_free,90
BN,MV,visa_on_arrival,
BN,MW,visa_free,90
BN,MX,visa_required,
BN,MY,visa_free,30
BN,MZ,visa_on_arrival,
BN,NA,visa_required,
BN,NE,visa_required,
BN,NG,e_visa,
BN,NI,visa_free,90
BN,NL,visa_free,90
BN,NO,visa_free,90
BN,NP,visa_on_arrival,
BN,NR,visa_required,
BN,NZ,eta,
BN,OM,visa_free,30
BN,PA,visa_free,90
BN,PE,visa_free,180
BN,PG,eta,
BN,PH,visa_free,30
BN,PK,eta,
BN,PL,visa_free,90
BN,PS,visa_free,
BN,PT,visa_free,90
BN,PW,visa_on_arrival,
BN,PY,visa_required,
BN,QA,visa_on_arrival,
BN,RO,visa_free,90
BN,RS,visa_required,
BN,RU,visa_free,14
BN,RW,visa_free,30
BN,SA,visa_on_arrival,
BN,SB,visa_on_arrival,
BN,SC,visa_free,90
BN,SD,visa_required,
BN,SE,visa_free,90
BN,SG,visa_free,30
BN,SI,visa_free,90
BN,SK,visa_free,90
BN,SL,visa_on_arrival,
BN,SM,visa_free,90
BN,SN,visa_on_arrival,
BN,SO,e_visa,
BN,SR,visa_required,
BN,SS,e_visa,
BN,ST,e_visa,
BN,SV,visa_free,180
BN,SY,e_visa,
BN,SZ,visa_free,30
BN,TD,visa_required,
BN,TG,e_visa,
BN,TH,visa_free,60
BN,TJ,visa_free,30
BN,TL,visa_on_arrival,
BN,TM,visa_required,
BN,TN,visa_free,90
BN,TO,visa_on_arrival,
BN,TR,visa_free,90
BN,TT,visa_free,
BN,TV,visa_on_arrival,
BN,TW,visa_free,14
BN,TZ,visa_free,90
BN,UA,visa_free,30
BN,UG,e_visa,
BN,US,eta,
BN,UY,visa_required,
BN,UZ,visa_free,30
BN,VA,visa_free,90
BN,VC,visa_free,90
BN,VE,visa_required,
BN,VN,visa_free,14
BN,VU,visa_free,120
BN,WS,visa_on_arrival,
BN,XK,visa_free,90
BN,YE,visa_required,
BN,ZA,visa_required,
BN,ZM,visa_on_arrival,
BN,ZW,visa_on_arrival,
BO,AD,visa_required,
BO,AE,e_visa,
BO,AF,visa_required,
BO,AG,visa_free,90
BO,AL,e_visa,
BO,AM,e_visa,
BO,AO,visa_required,
BO,AR,visa_free,90
BO,AT,visa_required,
BO,AU,e_visa,
BO,AZ,e_visa,
BO,BA,visa_required,
BO,BB,visa_free,90
BO,BD,visa_on_arrival,
BO,BE,visa_required,
BO,BF,e_visa,
BO,BG,visa_required,
BO,BH,visa_on_arrival,
BO,BI,visa_on_arrival,
BO,BJ,e_visa,
BO,BN,visa_required,
BO,BR,visa_free,90
BO,BS,visa_free,90
BO,BT,e_visa,
BO,BW,e_visa,
BO,BY,visa_required,
BO,BZ,visa_free,30
BO,CA,visa_required,
BO,CD,e_visa,
BO,CF,visa_required,
BO,CG,visa_required,
BO,CH,visa_required,
BO,CI,eta,
BO,CL,visa_free,90
BO,CM,e_visa,
BO,CN,visa_required,
BO,CO,visa_free,90
BO,CR,visa_free,30
BO,CU,e_visa,
BO,CV,visa_on_arrival,
BO,CY,visa_required,
BO,CZ,visa_required,
BO,DE,visa_required,
BO,DJ,visa_on_arrival,
BO,DK,visa_required,
BO,DM,visa_free,21
BO,DO,visa_free,
BO,DZ,visa_required,
BO,EC,visa_free,90
BO,EE,visa_required,
BO,EG,visa_on_arrival,
BO,ER,visa_required,
BO,ES,visa_required,
BO,ET,e_visa,
BO,FI,visa_required,
BO,FJ,visa_required,
BO,FM,visa_free,30
BO,FR,visa_required,
BO,GA,e_visa,
BO,GB,visa_required,
BO,GD,visa_required,
BO,GE,e_visa,
BO,GH,visa_on_arrival,
BO,GM,visa_free,90
BO,GN,e_visa,
BO,GQ,e_visa,
BO,GR,visa_required,
BO,GT,visa_required,
BO,GW,visa_on_arrival,
BO,GY,visa_required,
BO,HK,visa_free,30
BO,HN,visa_required,
BO,HR,visa_required,
BO,HT,visa_free,90
BO,HU,visa_required,
BO,ID,e_visa,
BO,IE,visa_required,
BO,IL,visa_required,
BO,IN,e_visa,
BO,IQ,e_visa,
BO,IR,visa_on_arrival,
BO,IS,visa_required,
BO,IT,visa_required,
BO,JM,visa_free,30
BO,JO,visa_on_arrival,
BO,JP,visa_required,
BO,KE,eta,
BO,KG,e_visa,
BO,KH,visa_on_arrival,
BO,KI,visa_free,90
BO,KM,visa_on_arrival,
BO,KN,visa_free,90
BO,KP,visa_required,
BO,KR,e_visa,
BO,KW,visa_required,
BO,KZ,e_visa,
BO,LA,visa_on_arrival,
BO,LB,visa_required,
BO,LC,visa_on_arrival,
BO,LI,visa_required,
BO,LK,visa_on_arrival,
BO,LR,visa_required,
BO,LS,e_visa,
BO,LT,visa_required,
BO,LU,visa_required,
BO,LV,visa_required,
BO,LY,e_visa,
BO,MA,visa_required,
BO,MC,visa_required,
BO,MD,e_visa,
BO,ME,visa_required,
BO,MG,visa_on_arrival,
BO,MH,visa_required,
BO,MK,visa_required,
BO,ML,visa_required,
BO,MM,e_visa,
BO,MN,e_visa,
BO,MO,visa_on_arrival,
BO,MR,visa_on_arrival,
BO,MT,visa_required,
BO,MU,visa_on_arrival,
BO,MV,visa_on_arrival,
BO,MW,visa_on_arrival,
BO,MX,visa_free,180
BO,MY,visa_free,30
BO,MZ,visa_on_arrival,
BO,NA,visa_required,
BO,NE,visa_required,
BO,NG,e_visa,
BO,NI,visa_on_arrival,
BO,NL,visa_required,
BO,NO,visa_required,
BO,NP,visa_on_arrival,
BO,NR,visa_required,
BO,NZ,visa_required,
BO,OM,visa_on_arrival,
BO,PA,visa_free,90
BO,PE,visa_free,180
BO,PG,e_visa,
BO,PH,visa_free,30
BO,PK,e_visa,
BO,PL,visa_required,
BO,PS,visa_free,
BO,PT,visa_required,
BO,PW,visa_on_arrival,
BO,PY,visa_free,90
BO,QA,visa_on_arrival,
BO,RO,visa_required,
BO,RS,visa_required,
BO,RU,visa_free,90
BO,RW,visa_on_arrival,
BO,SA,visa_required,
BO,SB,visa_required,
BO,SC,visa_free,90
BO,SD,visa_required,
BO,SE,visa_required,
BO,SG,visa_free,30
BO,SI,visa_required,
BO,SK,visa_required,
BO,SL,visa_on_arrival,
BO,SM,visa_required,
BO,SN,visa_required,
BO,SO,e_visa,
BO,SR,visa_required,
BO,SS,e_visa,
BO,ST,e_visa,
BO,SV,visa_free,90
BO,SY,e_visa,
BO,SZ,visa_required,
BO,TD,visa_required,
BO,TG,e_visa,
BO,TH,visa_on_arrival,
BO,TJ,e_visa,
BO,TL,visa_on_arrival,
BO,TM,visa_required,
BO,TN,visa_required,
BO,TO,visa_required,
BO,TR,visa_free,90
BO,TT,visa_required,
BO,TV,visa_on_arrival,
BO,TW,visa_required,
BO,TZ,visa_on_arrival,
BO,UA,visa_required,
BO,UG,e_visa,
BO,US,visa_required,
BO,UY,visa_free,90
BO,UZ,e_visa,
BO,VA,visa_required,
BO,VC,visa_free,90
BO,VE,visa_free,90
BO,VN,e_visa,
BO,VU,visa_required,
BO,WS,visa_on_arrival,
BO,XK,visa_required,
BO,YE,visa_required,
BO,ZA,visa_free,30
BO,ZM,visa_on_arrival,
BO,ZW,e_visa,
BR,AD,visa_free,90
BR,AE,visa_free,90
BR,AF,visa_required,
BR,AG,visa_free,180
BR,AL,visa_free,90
BR,AM,visa_free,180
BR,AO,visa_free,30
BR,AR,visa_free,90
BR,AT,visa_free,90
BR,AU,e_visa,
BR,AZ,e_visa,
BR,BA,visa_free,90
BR,BB,visa_free,180
BR,BD,visa_required,
BR,BE,visa_free,90
BR,BF,visa_on_arrival,
BR,BG,visa_free,90
BR,BH,visa_on_arrival,
BR,BI,visa_on_arrival,
BR,BJ,e_visa,
BR,BN,visa_required,
BR,BO,visa_free,90
BR,BS,visa_free,90
BR,BT,e_visa,
BR,BW,visa_free,90
BR,BY,visa_free,90
BR,BZ,visa_free,90
BR,CA,visa_required,
BR,CD,e_visa,
BR,CF,visa_required,
BR,CG,visa_required,
BR,CH,visa_free,90
BR,CI,eta,
BR,CL,visa_free,90
BR,CM,e_visa,
BR,CN,visa_required,
BR,CO,visa_free,90
BR,CR,visa_free,180
BR,CU,e_visa,
BR,CV,visa_free,30
BR,CY,visa_free,90
BR,CZ,visa_free,90
BR,DE,visa_free,90
BR,DJ,visa_on_arrival,
BR,DK,visa_free,90
BR,DM,visa_free,90
BR,DO,visa_free,
BR,DZ,visa_required,
BR,EC,visa_free,90
BR,EE,visa_free,90
BR,EG,visa_on_arrival,
BR,ER,visa_required,
BR,ES,visa_free,90
BR,ET,visa_on_arrival,
BR,FI,visa_free,90
BR,FJ,visa_free,120
BR,FM,visa_free,30
BR,FR,visa_free,90
BR,GA,e_visa,
BR,GB,eta,
BR,GD,visa_free,90
BR,GE,visa_free,360
BR,GH,visa_on_arrival,
BR,GM,visa_required,
BR,GN,e_visa,
BR,GQ,e_visa,
BR,GR,visa_free,90
BR,GT,visa_free,90
BR,GW,visa_on_arrival,
BR,GY,visa_free,90
BR,HK,visa_free,90
BR,HN,visa_free,90
BR,HR,visa_free,90
BR,HT,visa_free,90
BR,HU,visa_free,90
BR,ID,visa_on_arrival,
BR,IE,visa_free,90
BR,IL,visa_free,90
BR,IN,e_visa,
BR,IQ,e_visa,
BR,IR,visa_free,15
BR,IS,visa_free,90
BR,IT,visa_free,90
BR,JM,visa_free,90
BR,JO,visa_on_arrival,
BR,JP,visa_free,90
BR,KE,eta,
BR,KG,visa_free,60
BR,KH,visa_on_arrival,
BR,KI,visa_free,90
BR,KM,visa_on_arrival,
BR,KN,visa_free,90
BR,KP,visa_required,
BR,KR,eta,
BR,KW,visa_required,
BR,KZ,visa_free,30
BR,LA,visa_on_arrival,
BR,LB,visa_on_arrival,
BR,LC,visa_free,42
BR,LI,visa_free,90
BR,LK,visa_on_arrival,
BR,LR,visa_required,
BR,LS,e_visa,
BR,LT,visa_free,90
BR,LU,visa_free,90
BR,LV,visa_free,90
BR,LY,e_visa,
BR,MA,visa_free,90
BR,MC,visa_free,90
BR,MD,visa_free,90
BR,ME,visa_free,90
BR,MG,visa_on_arrival,
BR,MH,visa_on_arrival,
BR,MK,visa_free,90
BR,ML,visa_required,
BR,MM,e_visa,
BR,MN,visa_free,90
BR,MO,visa_free,90
BR,MR,visa_on_arrival,
BR,MT,visa_free,90
BR,MU,visa_free,90
BR,MV,visa_on_arrival,
BR,MW,visa_on_arrival,
BR,MX,visa_required,
BR,MY,visa_free,90
BR,MZ,visa_on_arrival,
BR,NA,visa_free,90
BR,NE,visa_required,
BR,NG,e_visa,
BR,NI,visa_free,90
BR,NL,visa_free,90
BR,NO,visa_free,90
BR,NP,visa_on_arrival,
BR,NR,visa_required,
BR,NZ,eta,
BR,OM,visa_on_arrival,
BR,PA,visa_free,90
BR,PE,visa_free,180
BR,PG,eta,
BR,PH,visa_free,60
BR,PK,e_visa,
BR,PL,visa_free,90
BR,PS,visa_free,
BR,PT,visa_free,90
BR,PW,visa_on_arrival,
BR,PY,visa_free,90
BR,QA,visa_on_arrival,
BR,RO,visa_free,90
BR,RS,visa_free,90
BR,RU,visa_free,90
BR,RW,visa_on_arrival,
BR,SA,visa_required,
BR,SB,visa_on_arrival,
BR,SC,visa_free,90
BR,SD,visa_required,
BR,SE,visa_free,90
BR,SG,visa_free,30
BR,SI,visa_free,90
BR,SK,visa_free,90
BR,SL,visa_on_arrival,
BR,SM,visa_free,90
BR,SN,visa_free,90
BR,SO,visa_on_arrival,
BR,SR,visa_free,180
BR,SS,e_visa,
BR,ST,visa_free,
BR,SV,visa_free,180
BR,SY,e_visa,
BR,SZ,visa_free,30
BR,TD,visa_required,
BR,TG,e_visa,
BR,TH,visa_free,90
BR,TJ,visa_free,30
BR,TL,visa_on_arrival,
BR,TM,visa_required,
BR,TN,visa_free,90
BR,TO,visa_on_arrival,
BR,TR,visa_free,90
BR,TT,visa_free,90
BR,TV,visa_on_arrival,
BR,TW,visa_required,
BR,TZ,visa_on_arrival,
BR,UA,visa_free,90
BR,UG,e_visa,
BR,US,visa_required,
BR,UY,visa_free,90
BR,UZ,visa_free,30
BR,VA,visa_free,90
BR,VC,visa_free,90
BR,VE,visa_free,90
BR,VN,e_visa,
BR,VU,visa_free,120
BR,WS,visa_on_arrival,
BR,XK,visa_free,90
BR,YE,visa_required,
BR,ZA,visa_free,90
BR,ZM,visa_on_arrival,
BR,ZW,visa_on_arrival,
BS,AD,visa_free,90
BS,AE,visa_free,90
BS,AF,visa_required,
BS,AG,visa_free,180
BS,AL,visa_free,90
BS,AM,visa_on_arrival,
BS,AO,visa_free,30
BS,AR,visa_required,
BS,AT,visa_free,90
BS,AU,e_visa,
BS,AZ,e_visa,
BS,BA,visa_free,90
BS,BB,visa_free,
BS,BD,visa_on_arrival,
BS,BE,visa_free,90
BS,BF,e_visa,
BS,BG,visa_free,90
BS,BH,e_visa,
BS,BI,visa_on_arrival,
BS,BJ,visa_free,90
BS,BN,visa_required,
BS,BO,visa_on_arrival,
BS,BR,visa_free,90
BS,BT,e_visa,
BS,BW,visa_free,90
BS,BY,visa_required,
BS,BZ,visa_free,
BS,CA,eta,
BS,CD,e_visa,
BS,CF,visa_required,
BS,CG,visa_required,
BS,CH,visa_free,90
BS,CI,eta,
BS,CL,visa_free,90
BS,CM,e_visa,
BS,CN,visa_free,30
BS,CO,visa_free,90
BS,CR,visa_free,180
BS,CU,e_visa,
BS,CV,visa_on_arrival,
BS,CY,visa_free,90
BS,CZ,visa_free,90
BS,DE,visa_free,90
BS,DJ,visa_on_arrival,
BS,DK,visa_free,90
BS,DM,visa_free,180
BS,DO,visa_free,
BS,DZ,visa_required,
BS,EC,visa_free,90
BS,EE,visa_free,90
BS,EG,visa_on_arrival,
BS,ER,visa_required,
BS,ES,visa_free,90
BS,ET,e_visa,
BS,FI,visa_free,90
BS,FJ,visa_free,120
BS,FM,visa_free,30
BS,FR,visa_free,90
BS,GA,e_visa,
BS,GB,eta,
BS,GD,visa_free,90
BS,GE,visa_free,360
BS,GH,visa_free,90
BS,GM,visa_free,90
BS,GN,e_visa,
BS,GQ,e_visa,
BS,GR,visa_free,90
BS,GT,visa_free,90
BS,GW,visa_on_arrival,
BS,GY,visa_free,90
BS,HK,visa_free,90
BS,HN,visa_free,90
BS,HR,visa_free,90
BS,HT,visa_free,90
BS,HU,visa_free,90
BS,ID,e_visa,
BS,IE,visa_free,90
BS,IL,visa_free,90
BS,IN,e_visa,
BS,IQ,e_visa,
BS,IR,visa_on_arrival,
BS,IS,visa_free,90
BS,IT,visa_free,90
BS,JM,visa_free,
BS,JO,visa_on_arrival,
BS,JP,visa_free,90
BS,KE,eta,
BS,KG,e_visa,
BS,KH,visa_on_arrival,
BS,KI,visa_free,90
BS,KM,visa_on_arrival,
BS,KN,visa_free,180
BS,KP,visa_required,
BS,KR,eta,
BS,KW,visa_required,
BS,KZ,e_visa,
BS,LA,visa_on_arrival,
BS,LB,visa_on_arrival,
BS,LC,visa_free,42
BS,LI,visa_free,90
BS,LK,visa_on_arrival,
BS,LR,visa_required,
BS,LS,visa_free,90
BS,LT,visa_free,90
BS,LU,visa_free,90
BS,LV,visa_free,90
BS,LY,e_visa,
BS,MA,visa_required,
BS,MC,visa_free,90
BS,MD,visa_free,90
BS,ME,visa_free,90
BS,MG,visa_on_arrival,
BS,MH,visa_required,
BS,MK,visa_free,90
BS,ML,visa_required,
BS,MM,visa_required,
BS,MN,e_visa,
BS,MO,visa_on_arrival,
BS,MR,visa_on_arrival,
BS,MT,visa_free,90
BS,MU,visa_free,90
BS,MV,visa_on_arrival,
BS,MW,visa_free,90
BS,MX,visa_free,180
BS,MY,visa_free,30
BS,MZ,visa_on_arrival,
BS,NA,visa_required,
BS,NE,visa_required,
BS,NG,e_visa,
BS,NI,visa_free,90
BS,NL,visa_free,90
BS,NO,visa_free,90
BS,NP,visa_on_arrival,
BS,NR,visa_required,
BS,NZ,visa_required,
BS,OM,e_visa,
BS,PA,visa_free,90
BS,PE,visa_free,180
BS,PG,eta,
BS,PH,visa_free,30
BS,PK,eta,
BS,PL,visa_free,90
BS,PS,visa_free,
BS,PT,visa_free,90
BS,PW,visa_on_arrival,
BS,PY,visa_free,90
BS,QA,visa_on_arrival,
BS,RO,visa_free,90
BS,RS,visa_free,30
BS,RU,visa_required,
BS,RW,visa_free,30
BS,SA,visa_on_arrival,
BS,SB,visa_on_arrival,
BS,SC,visa_free,90
BS,SD,visa_required,
BS,SE,visa_free,90
BS,SG,visa_free,30
BS,SI,visa_free,90
BS,SK,visa_free,90
BS,SL,visa_on_arrival,
BS,SM,visa_free,90
BS,SN,visa_on_arrival,
BS,SO,e_visa,
BS,SR,visa_free,180
BS,SS,e_visa,
BS,ST,e_visa,
BS,SV,visa_free,180
BS,SY,e_visa,
BS,SZ,visa_free,30
BS,TD,visa_required,
BS,TG,e_visa,
BS,TH,e_visa,
BS,TJ,visa_free,30
BS,TL,visa_on_arrival,
BS,TM,visa_required,
BS,TN,visa_required,
BS,TO,visa_on_arrival,
BS,TR,visa_on_arrival,
BS,TT,visa_free,
BS,TV,visa_on_arrival,
BS,TW,visa_required,
BS,TZ,visa_free,90
BS,UA,visa_required,
BS,UG,visa_free,90
BS,US,visa_required,
BS,UY,visa_free,90
BS,UZ,visa_free,30
BS,VA,visa_free,90
BS,VC,visa_free,180
BS,VE,visa_required,
BS,VN,e_visa,
BS,VU,visa_free,120
BS,WS,visa_on_arrival,
BS,XK,visa_free,90
BS,YE,visa_required,
BS,ZA,visa_free,30
BS,ZM,visa_free,90
BS,ZW,visa_free,90
BT,AD,visa_required,
BT,AE,e_visa,
BT,AF,visa_required,
BT,AG,e_visa,
BT,AL,e_visa,
BT,AM,e_visa,
BT,AO,visa_required,
BT,AR,visa_required,
BT,AT,visa_required,
BT,AU,e_visa,
BT,AZ,visa_required,
BT,BA,visa_required,
BT,BB,visa_free,90
BT,BD,visa_free,90
BT,BE,visa_required,
BT,BF,e_visa,
BT,BG,visa_required,
BT,BH,e_visa,
BT,BI,visa_on_arrival,
BT,BJ,e_visa,
BT,BN,visa_required,
BT,BO,visa_on_arrival,
BT,BR,visa_required,
BT,BS,e_visa,
BT,BW,e_visa,
BT,BY,visa_required,
BT,BZ,visa_required,
BT,CA,visa_required,
BT,CD,e_visa,
BT,CF,visa_required,
BT,CG,visa_required,
BT,CH,visa_required,
BT,CI,eta,
BT,CL,visa_required,
BT,CM,e_visa,
BT,CN,visa_required,
BT,CO,visa_free,90
BT,CR,visa_required,
BT,CU,e_visa,
BT,CV,visa_on_arrival,
BT,CY,visa_required,
BT,CZ,visa_required,
BT,DE,visa_required,
BT,DJ,visa_on_arrival,
BT,DK,visa_required,
BT,DM,visa_free,21
BT,DO,visa_required,
BT,DZ,visa_required,
BT,EC,visa_free,90
BT,EE,visa_required,
BT,EG,visa_on_arrival,
BT,ER,visa_required,
BT,ES,visa_required,
BT,ET,e_visa,
BT,FI,visa_required,
BT,FJ,visa_required,
BT,FM,visa_free,30
BT,FR,visa_required,
BT,GA,e_visa,
BT,GB,visa_required,
BT,GD,visa_required,
BT,GE,e_visa,
BT,GH,visa_on_arrival,
BT,GM,visa_free,90
BT,GN,e_visa,
BT,GQ,e_visa,
BT,GR,visa_required,
BT,GT,visa_required,
BT,GW,visa_on_arrival,
BT,GY,visa_required,
BT,HK,visa_free,14
BT,HN,visa_required,
BT,HR,visa_required,
BT,HT,visa_free,90
BT,HU,visa_required,
BT,ID,e_visa,
BT,IE,visa_required,
BT,IL,visa_required,
BT,IN,visa_free,
BT,IQ,e_visa,
BT,IR,visa_on_arrival,
BT,IS,visa_required,
BT,IT,visa_required,
BT,JM,visa_required,
BT,JO,visa_on_arrival,
BT,JP,visa_required,
BT,KE,eta,
BT,KG,e_visa,
BT,KH,visa_on_arrival,
BT,KI,visa_required,
BT,KM,visa_on_arrival,
BT,KN,e_visa,
BT,KP,visa_required,
BT,KR,e_visa,
BT,KW,visa_on_arrival,
BT,KZ,e_visa,
BT,LA,visa_on_arrival,
BT,LB,visa_on_arrival,
BT,LC,visa_on_arrival,
BT,LI,visa_required,
BT,LK,visa_on_arrival,
BT,LR,visa_required,
BT,LS,e_visa,
BT,LT,visa_required,
BT,LU,visa_required,
BT,LV,visa_required,
BT,LY,e_visa,
BT,MA,visa_required,
BT,MC,visa_required,
BT,MD,e_visa,
BT,ME,visa_required,
BT,MG,visa_on_arrival,
BT,MH,visa_required,
BT,MK,visa_required,
BT,ML,visa_required,
BT,MM,e_visa,
BT,MN,e_visa,
BT,MO,visa_on_arrival,
BT,MR,visa_on_arrival,
BT,MT,visa_required,
BT,MU,visa_on_arrival,
BT,MV,visa_on_arrival,
BT,MW,visa_on_arrival,
BT,MX,visa_required,
BT,MY,visa_required,
BT,MZ,visa_on_arrival,
BT,NA,visa_required,
BT,NE,visa_required,
BT,NG,e_visa,
BT,NI,visa_on_arrival,
BT,NL,visa_required,
BT,NO,visa_required,
BT,NP,visa_on_arrival,
BT,NR,visa_required,
BT,NZ,visa_required,
BT,OM,e_visa,
BT,PA,visa_free,90
BT,PE,visa_required,
BT,PG,e_visa,
BT,PH,visa_free,30
BT,PK,e_visa,
BT,PL,visa_required,
BT,PS,visa_free,
BT,PT,visa_required,
BT,PW,visa_on_arrival,
BT,PY,visa_required,
BT,QA,e_visa,
BT,RO,visa_required,
BT,RS,visa_required,
BT,RU,e_visa,
BT,RW,visa_on_arrival,
BT,SA,visa_required,
BT,SB,visa_required,
BT,SC,visa_free,90
BT,SD,visa_required,
BT,SE,visa_required,
BT,SG,visa_free,30
BT,SI,visa_required,
BT,SK,visa_required,
BT,SL,e_visa,
BT,SM,visa_required,
BT,SN,visa_required,
BT,SO,e_visa,
BT,SR,visa_required,
BT,SS,e_visa,
BT,ST,e_visa,
BT,SV,e_visa,
BT,SY,e_visa,
BT,SZ,visa_required,
BT,TD,visa_required,
BT,TG,e_visa,
BT,TH,visa_free,60
BT,TJ,e_visa,
BT,TL,visa_on_arrival,
BT,TM,visa_required,
BT,TN,visa_required,
BT,TO,visa_required,
BT,TR,visa_required,
BT,TT,visa_required,
BT,TV,visa_on_arrival,
BT,TW,visa_required,
BT,TZ,visa_on_arrival,
BT,UA,visa_required,
BT,UG,e_visa,
BT,US,visa_required,
BT,UY,visa_required,
BT,UZ,visa_required,
BT,VA,visa_required,
BT,VC,visa_free,90
BT,VE,visa_required,
BT,VN,e_visa,
BT,VU,visa_required,
BT,WS,visa_on_arrival,
BT,XK,visa_required,
BT,YE,visa_required,
BT,ZA,visa_required,
BT,ZM,visa_on_arrival,
BT,ZW,visa_on_arrival,
BW,AD,visa_required,
BW,AE,e_visa,
BW,AF,visa_required,
BW,AG,visa_free,180
BW,AL,e_visa,
BW,AM,visa_required,
BW,AO,visa_free,30
BW,AR,visa_required,
BW,AT,visa_required,
BW,AU,e_visa,
BW,AZ,visa_required,
BW,BA,visa_required,
BW,BB,visa_free,180
BW,BD,visa_free,90
BW,BE,visa_required,
BW,BF,e_visa,
BW,BG,visa_required,
BW,BH,e_visa,
BW,BI,visa_on_arrival,
BW,BJ,visa_free,90
BW,BN,visa_required,
BW,BO,visa_on_arrival,
BW,BR,visa_free,90
BW,BS,visa_free,90
BW,BT,e_visa,
BW,BY,visa_required,
BW,BZ,visa_free,
BW,CA,visa_required,
BW,CD,e_visa,
BW,CF,visa_required,
BW,CG,visa_required,
BW,CH,visa_required,
BW,CI,eta,
BW,CL,visa_required,
BW,CM,e_visa,
BW,CN,visa_required,
BW,CO,e_visa,
BW,CR,visa_required,
BW,CU,e_visa,
BW,CV,visa_on_arrival,
BW,CY,visa_required,
BW,CZ,visa_required,
BW,DE,visa_required,
BW,DJ,visa_on_arrival,
BW,DK,visa_required,
BW,DM,visa_free,180
BW,DO,visa_free,
BW,DZ,visa_required,
BW,EC,visa_free,90
BW,EE,visa_required,
BW,EG,visa_required,
BW,ER,visa_required,
BW,ES,visa_required,
BW,ET,visa_on_arrival,
BW,FI,visa_required,
BW,FJ,visa_free,120
BW,FM,visa_free,30
BW,FR,visa_required,
BW,GA,e_visa,
BW,GB,eta,
BW,GD,visa_free,90
BW,GE,visa_free,360
BW,GH,visa_free,60
BW,GM,visa_free,90
BW,GN,e_visa,
BW,GQ,e_visa,
BW,GR,visa_required,
BW,GT,visa_required,
BW,GW,visa_on_arrival,
BW,GY,visa_free,90
BW,HK,visa_free,90
BW,HN,visa_required,
BW,HR,visa_required,
BW,HT,visa_free,90
BW,HU,visa_required,
BW,ID,e_visa,
BW,IE,visa_required,
BW,IL,visa_free,90
BW,IN,e_visa,
BW,IQ,e_visa,
BW,IR,visa_on_arrival,
BW,IS,visa_required,
BW,IT,visa_required,
BW,JM,visa_free,
BW,JO,visa_required,
BW,JP,visa_required,
BW,KE,eta,
BW,KG,e_visa,
BW,KH,visa_on_arrival,
BW,KI,visa_free,90
BW,KM,visa_on_arrival,
BW,KN,visa_free,90
BW,KP,visa_required,
BW,KR,eta,
BW,KW,visa_required,
BW,KZ,e_visa,
BW,LA,visa_on_arrival,
BW,LB,visa_required,
BW,LC,visa_free,42
BW,LI,visa_required,
BW,LK,visa_on_arrival,
BW,LR,visa_required,
BW,LS,visa_free,
BW,LT,visa_required,
BW,LU,visa_required,
BW,LV,visa_required,
BW,LY,e_visa,
BW,MA,visa_required,
BW,MC,visa_required,
BW,MD,e_visa,
BW,ME,visa_required,
BW,MG,visa_on_arrival,
BW,MH,visa_required,
BW,MK,visa_required,
BW,ML,visa_required,
BW,MM,visa_required,
BW,MN,e_visa,
BW,MO,visa_on_arrival,
BW,MR,visa_on_arrival,
BW,MT,visa_required,
BW,MU,visa_free,90
BW,MV,visa_on_arrival,
BW,MW,visa_free,90
BW,MX,visa_required,
BW,MY,visa_free,30
BW,MZ,visa_free,
BW,NA,visa_free,90
BW,NE,visa_required,
BW,NG,visa_on_arrival,
BW,NI,visa_required,
BW,NL,visa_required,
BW,NO,visa_required,
BW,NP,visa_on_arrival,
BW,NR,visa_required,
BW,NZ,visa_required,
BW,OM,e_visa,
BW,PA,visa_free,90
BW,PE,visa_required,
BW,PG,eta,
BW,PH,visa_free,30
BW,PK,eta,
BW,PL,visa_required,
BW,PS,visa_required,
BW,PT,visa_required,
BW,PW,visa_on_arrival,
BW,PY,visa_required,
BW,QA,visa_on_arrival,
BW,RO,visa_required,
BW,RS,visa_required,
BW,RU,visa_free,30
BW,RW,visa_free,30
BW,SA,visa_required,
BW,SB,visa_required,
BW,SC,visa_free,90
BW,SD,visa_required,
BW,SE,visa_required,
BW,SG,visa_free,30
BW,SI,visa_required,
BW,SK,visa_required,
BW,SL,visa_on_arrival,
BW,SM,visa_required,
BW,SN,visa_on_arrival,
BW,SO,e_visa,
BW,SR,visa_required,
BW,SS,e_visa,
BW,ST,e_visa,
BW,SV,e_visa,
BW,SY,e_visa,
BW,SZ,visa_free,30
BW,TD,visa_required,
BW,TG,e_visa,
BW,TH,visa_required,
BW,TJ,e_visa,
BW,TL,visa_on_arrival,
BW,TM,visa_required,
BW,TN,visa_required,
BW,TO,visa_required,
BW,TR,visa_required,
BW,TT,visa_free,
BW,TV,visa_on_arrival,
BW,TW,visa_required,
BW,TZ,visa_free,90
BW,UA,visa_required,
BW,UG,visa_free,90
BW,US,visa_required,
BW,UY,visa_required,
BW,UZ,visa_required,
BW,VA,visa_required,
BW,VC,visa_free,90
BW,VE,visa_required,
BW,VN,e_visa,
BW,VU,visa_free,120
BW,WS,visa_on_arrival,
BW,XK,visa_free,90
BW,YE,visa_required,
BW,ZA,visa_free,90
BW,ZM,visa_free,90
BW,ZW,visa_free,90
BY,AD,visa_required,
BY,AE,visa_free,90
BY,AF,visa_required,
BY,AG,visa_free,180
BY,AL,visa_free,30
BY,AM,visa_free,
BY,AO,visa_required,
BY,AR,visa_free,90
BY,AT,visa_required,
BY,AU,e_visa,
BY,AZ,visa_free,90
BY,BA,visa_required,
BY,BB,visa_free,28
BY,BD,visa_on_arrival,
BY,BE,visa_required,
BY,BF,e_visa,
BY,BG,visa_required,
BY,BH,e_visa,
BY,BI,visa_on_arrival,
BY,BJ,e_visa,
BY,BN,visa_required,
BY,BO,visa_on_arrival,
BY,BR,visa_free,90
BY,BS,e_visa,
BY,BT,e_visa,
BY,BW,e_visa,
BY,BZ,visa_required,
BY,CA,visa_required,
BY,CD,e_visa,
BY,CF,visa_required,
BY,CG,visa_required,
BY,CH,visa_required,
BY,CI,eta,
BY,CL,visa_required,
BY,CM,e_visa,
BY,CN,visa_free,30
BY,CO,e_visa,
BY,CR,visa_required,
BY,CU,visa_free,30
BY,CV,visa_on_arrival,
BY,CY,visa_required,
BY,CZ,visa_required,
BY,DE,visa_required,
BY,DJ,visa_on_arrival,
BY,DK,visa_required,
BY,DM,visa_free,21
BY,DO,visa_required,
BY,DZ,visa_required,
BY,EC,visa_free,90
BY,EE,visa_required,
BY,EG,visa_on_arrival,
BY,ER,visa_required,
BY,ES,visa_required,
BY,ET,visa_on_arrival,
BY,FI,visa_required,
BY,FJ,visa_required,
BY,FM,visa_free,30
BY,FR,visa_required,
BY,GA,e_visa,
BY,GB,visa_required,
BY,GD,visa_free,
BY,GE,visa_free,360
BY,GH,visa_on_arrival,
BY,GM,visa_free,90
BY,GN,e_visa,
BY,GQ,e_visa,
BY,GR,visa_required,
BY,GT,visa_required,
BY,GW,visa_on_arrival,
BY,GY,visa_required,
BY,HK,visa_free,14
BY,HN,visa_required,
BY,HR,visa_required,
BY,HT,visa_free,90
BY,HU,visa_required,
BY,ID,visa_on_arrival,
BY,IE,visa_required,
BY,IL,visa_free,90
BY,IN,e_visa,
BY,IQ,e_visa,
BY,IR,visa_free,15
BY,IS,visa_required,
BY,IT,visa_required,
BY,JM,visa_on_arrival,
BY,JO,visa_on_arrival,
BY,JP,visa_required,
BY,KE,eta,
BY,KG,visa_free,
BY,KH,visa_on_arrival,
BY,KI,visa_required,
BY,KM,visa_on_arrival,
BY,KN,visa_free,30
BY,KP,visa_required,
BY,KR,e_visa,
BY,KW,visa_required,
BY,KZ,visa_free,90
BY,LA,visa_on_arrival,
BY,LB,visa_on_arrival,
BY,LC,visa_required,
BY,LI,visa_required,
BY,LK,visa_on_arrival,
BY,LR,visa_required,
BY,LS,e_visa,
BY,LT,visa_required,
BY,LU,visa_required,
BY,LV,visa_required,
BY,LY,e_visa,
BY,MA,visa_required,
BY,MC,visa_required,
BY,MD,visa_free,90
BY,ME,visa_free,30
BY,MG,visa_on_arrival,
BY,MH,visa_required,
BY,MK,visa_required,
BY,ML,visa_required,
BY,MM,e_visa,
BY,MN,visa_free,90
BY,MO,visa_free,30
BY,MR,visa_on_arrival,
BY,MT,visa_required,
BY,MU,visa_on_arrival,
BY,MV,visa_on_arrival,
BY,MW,visa_on_arrival,
BY,MX,visa_required,
BY,MY,visa_free,30
BY,MZ,visa_on_arrival,
BY,NA,visa_free,90
BY,NE,visa_required,
BY,NG,e_visa,
BY,NI,visa_free,90
BY,NL,visa_required,
BY,NO,visa_required,
BY,NP,visa_on_arrival,
BY,NR,visa_required,
BY,NZ,visa_required,
BY,OM,visa_free,14
BY,PA,visa_free,90
BY,PE,visa_free,180
BY,PG,e_visa,
BY,PH,visa_required,
BY,PK,e_visa,
BY,PL,visa_required,
BY,PS,visa_free,
BY,PT,visa_required,
BY,PW,visa_on_arrival,
BY,PY,visa_required,
BY,QA,visa_on_arrival,
BY,RO,visa_required,
BY,RS,visa_free,30
BY,RU,visa_free,90
BY,RW,visa_on_arrival,
BY,SA,visa_required,
BY,SB,visa_required,
BY,SC,visa_free,90
BY,SD,visa_required,
BY,SE,visa_required,
BY,SG,e_visa,
BY,SI,visa_required,
BY,SK,visa_required,
BY,SL,visa_on_arrival,
BY,SM,visa_required,
BY,SN,visa_required,
BY,SO,e_visa,
BY,SR,visa_required,
BY,SS,e_visa,
BY,ST,e_visa,
BY,SV,e_visa,
BY,SY,visa_on_arrival,
BY,SZ,visa_required,
BY,TD,visa_required,
BY,TG,e_visa,
BY,TH,visa_on_arrival,
BY,TJ,visa_free,90
BY,TL,visa_on_arrival,
BY,TM,visa_required,
BY,TN,visa_on_arrival,
BY,TO,visa_required,
BY,TR,visa_free,30
BY,TT,visa_required,
BY,TV,visa_on_arrival,
BY,TW,visa_required,
BY,TZ,visa_on_arrival,
BY,UA,visa_free,
BY,UG,e_visa,
BY,US,visa_required,
BY,UY,visa_required,
BY,UZ,visa_free,
BY,VA,visa_required,
BY,VC,visa_free,90
BY,VE,visa_free,90
BY,VN,visa_free,45
BY,VU,visa_required,
BY,WS,visa_on_arrival,
BY,XK,visa_required,
BY,YE,visa_required,
BY,ZA,e_visa,
BY,ZM,visa_on_arrival,
BY,ZW,visa_on_arrival,
BZ,AD,visa_required,
BZ,AE,e_visa,
BZ,AF,visa_required,
BZ,AG,visa_free,180
BZ,AL,e_visa,
BZ,AM,e_visa,
BZ,AO,visa_free,30
BZ,AR,visa_required,
BZ,AT,visa_required,
BZ,AU,e_visa,
BZ,AZ,visa_required,
BZ,BA,visa_required,
BZ,BB,visa_free,180
BZ,BD,visa_required,
BZ,BE,visa_required,
BZ,BF,e_visa,
BZ,BG,visa_required,
BZ,BH,e_visa,
BZ,BI,visa_on_arrival,
BZ,BJ,e_visa,
BZ,BN,visa_required,
BZ,BO,visa_on_arrival,
BZ,BR,visa_free,90
BZ,BS,visa_free,90
BZ,BT,e_visa,
BZ,BW,visa_free,90
BZ,BY,visa_required,
BZ,CA,visa_required,
BZ,CD,e_visa,
BZ,CF,visa_required,
BZ,CG,visa_required,
BZ,CH,visa_required,
BZ,CI,eta,
BZ,CL,visa_free,90
BZ,CM,e_visa,
BZ,CN,visa_required,
BZ,CO,visa_free,90
BZ,CR,visa_free,30
BZ,CU,e_visa,
BZ,CV,visa_on_arrival,
BZ,CY,visa_required,
BZ,CZ,visa_required,
BZ,DE,visa_required,
BZ,DJ,visa_on_arrival,
BZ,DK,visa_required,
BZ,DM,visa_free,180
BZ,DO,visa_free,
BZ,DZ,visa_required,
BZ,EC,visa_free,90
BZ,EE,visa_required,
BZ,EG,visa_on_arrival,
BZ,ER,visa_required,
BZ,ES,visa_required,
BZ,ET,e_visa,
BZ,FI,visa_required,
BZ,FJ,visa_free,120
BZ,FM,visa_free,30
BZ,FR,visa_required,
BZ,GA,e_visa,
BZ,GB,eta,
BZ,GD,visa_free,90
BZ,GE,visa_free,360
BZ,GH,visa_on_arrival,
BZ,GM,visa_free,90
BZ,GN,e_visa,
BZ,GQ,e_visa,
BZ,GR,visa_required,
BZ,GT,visa_free,90
BZ,GW,visa_on_arrival,
BZ,GY,visa_free,180
BZ,HK,visa_free,90
BZ,HN,visa_free,90
BZ,HR,visa_required,
BZ,HT,visa_free,90
BZ,HU,visa_required,
BZ,ID,e_visa,
BZ,IE,visa_free,90
BZ,IL,visa_free,90
BZ,IN,e_visa,
BZ,IQ,e_visa,
BZ,IR,visa_on_arrival,
BZ,IS,visa_required,
BZ,IT,visa_required,
BZ,JM,visa_free,
BZ,JO,visa_required,
BZ,JP,visa_required,
BZ,KE,eta,
BZ,KG,e_visa,
BZ,KH,visa_on_arrival,
BZ,KI,visa_free,90
BZ,KM,visa_on_arrival,
BZ,KN,visa_free,180
BZ,KP,visa_required,
BZ,KR,e_visa,
BZ,KW,visa_required,
BZ,KZ,e_visa,
BZ,LA,visa_on_arrival,
BZ,LB,visa_on_arrival,
BZ,LC,visa_free,42
BZ,LI,visa_required,
BZ,LK,visa_on_arrival,
BZ,LR,visa_required,
BZ,LS,visa_free,90
BZ,LT,visa_required,
BZ,LU,visa_required,
BZ,LV,visa_required,
BZ,LY,e_visa,
BZ,MA,visa_required,
BZ,MC,visa_required,
BZ,MD,e_visa,
BZ,ME,visa_required,
BZ,MG,visa_on_arrival,
BZ,MH,visa_on_arrival,
BZ,MK,visa_required,
BZ,ML,visa_required,
BZ,MM,visa_required,
BZ,MN,e_visa,
BZ,MO,visa_on_arrival,
BZ,MR,visa_on_arrival,
BZ,MT,visa_required,
BZ,MU,visa_free,90
BZ,MV,visa_on_arrival,
BZ,MW,visa_free,90
BZ,MX,visa_free,180
BZ,MY,visa_free,30
BZ,MZ,visa_on_arrival,
BZ,NA,visa_required,
BZ,NE,visa_required,
BZ,NG,e_visa,
BZ,NI,visa_free,90
BZ,NL,visa_required,
BZ,NO,visa_required,
BZ,NP,visa_on_arrival,
BZ,NR,visa_required,
BZ,NZ,visa_required,
BZ,OM,e_visa,
BZ,PA,visa_free,90
BZ,PE,visa_free,180
BZ,PG,eta,
BZ,PH,visa_free,30
BZ,PK,e_visa,
BZ,PL,visa_required,
BZ,PS,visa_free,
BZ,PT,visa_required,
BZ,PW,visa_on_arrival,
BZ,PY,visa_required,
BZ,QA,e_visa,
BZ,RO,visa_required,
BZ,RS,visa_required,
BZ,RU,visa_free,90
BZ,RW,visa_free,30
BZ,SA,visa_required,
BZ,SB,visa_on_arrival,
BZ,SC,visa_free,90
BZ,SD,visa_required,
BZ,SE,visa_required,
BZ,SG,visa_free,30
BZ,SI,visa_required,
BZ,SK,visa_required,
BZ,SL,visa_on_arrival,
BZ,SM,visa_required,
BZ,SN,visa_required,
BZ,SO,e_visa,
BZ,SR,visa_free,180
BZ,SS,e_visa,
BZ,ST,e_visa,
BZ,SV,visa_free,180
BZ,SY,e_visa,
BZ,SZ,visa_free,30
BZ,TD,visa_required,
BZ,TG,e_visa,
BZ,TH,visa_required,
BZ,TJ,e_visa,
BZ,TL,visa_on_arrival,
BZ,TM,visa_required,
BZ,TN,visa_required,
BZ,TO,visa_required,
BZ,TR,visa_free,90
BZ,TT,visa_free,
BZ,TV,visa_on_arrival,
BZ,TW,visa_free,30
BZ,TZ,visa_free,90
BZ,UA,visa_required,
BZ,UG,visa_free,90
BZ,US,visa_required,
BZ,UY,visa_free,90
BZ,UZ,visa_free,30
BZ,VA,visa_required,
BZ,VC,visa_free,180
BZ,VE,visa_free,90
BZ,VN,e_visa,
BZ,VU,visa_free,120
BZ,WS,visa_on_arrival,
BZ,XK,visa_free,90
BZ,YE,visa_required,
BZ,ZA,visa_free,30
BZ,ZM,visa_free,90
BZ,ZW,visa_free,90
CA,AD,visa_free,90
CA,AE,visa_free,90
CA,AF,visa_required,
CA,AG,visa_free,180
CA,AL,visa_free,90
CA,AM,visa_on_arrival,
CA,AO,visa_free,30
CA,AR,visa_free,90
CA,AT,visa_free,90
CA,AU,eta,
CA,AZ,e_visa,
CA,BA,visa_free,90
CA,BB,visa_free,180
CA,BD,visa_on_arrival,
CA,BE,visa_free,90
CA,BF,visa_on_arrival,
CA,BG,visa_free,90
CA,BH,visa_on_arrival,
CA,BI,visa_on_arrival,
CA,BJ,e_visa,
CA,BN,visa_free,90
CA,BO,visa_free,90
CA,BR,visa_free,90
CA,BS,visa_free,240
CA,BT,e_visa,
CA,BW,visa_free,90
CA,BY,visa_free,30
CA,BZ,visa_free,
CA,CD,e_visa,
CA,CF,visa_required,
CA,CG,visa_required,
CA,CH,visa_free,90
CA,CI,eta,
CA,CL,visa_free,90
CA,CM,e_visa,
CA,CN,visa_required,
CA,CO,visa_free,90
CA,CR,visa_free,180
CA,CU,e_visa,
CA,CV,visa_free,30
CA,CY,visa_free,90
CA,CZ,visa_free,90
CA,DE,visa_free,90
CA,DJ,visa_on_arrival,
CA,DK,visa_free,90
CA,DM,visa_free,180
CA,DO,visa_free,
CA,DZ,visa_required,
CA,EC,visa_free,90
CA,EE,visa_free,90
CA,EG,visa_on_arrival,
CA,ER,visa_required,
CA,ES,visa_free,90
CA,ET,visa_on_arrival,
CA,FI,visa_free,90
CA,FJ,visa_free,120
CA,FM,visa_free,30
CA,FR,visa_free,90
CA,GA,e_visa,
CA,GB,eta,
CA,GD,visa_free,90
CA,GE,visa_free,360
CA,GH,visa_on_arrival,
CA,GM,visa_free,90
CA,GN,e_visa,
CA,GQ,e_visa,
CA,GR,visa_free,90
CA,GT,visa_free,90
CA,GW,visa_on_arrival,
CA,GY,visa_free,90
CA,HK,visa_free,90
CA,HN,visa_free,90
CA,HR,visa_free,90
CA,HT,visa_free,90
CA,HU,visa_free,90
CA,ID,visa_on_arrival,
CA,IE,visa_free,90
CA,IL,visa_free,90
CA,IN,e_visa,
CA,IQ,visa_on_arrival,
CA,IR,visa_required,
CA,IS,visa_free,90
CA,IT,visa_free,90
CA,JM,visa_free,
CA,JO,visa_on_arrival,
CA,JP,visa_free,90
CA,KE,eta,
CA,KG,visa_free,60
CA,KH,visa_on_arrival,
CA,KI,visa_free,90
CA,KM,visa_on_arrival,
CA,KN,visa_free,180
CA,KP,visa_required,
CA,KR,visa_free,180
CA,KW,visa_on_arrival,
CA,KZ,visa_free,30
CA,LA,visa_on_arrival,
CA,LB,visa_on_arrival,
CA,LC,visa_free,42
CA,LI,visa_free,90
CA,LK,visa_on_arrival,
CA,LR,visa_required,
CA,LS,visa_free,
CA,LT,visa_free,90
CA,LU,visa_free,90
CA,LV,visa_free,90
CA,LY,e_visa,
CA,MA,visa_free,90
CA,MC,visa_free,90
CA,MD,visa_free,90
CA,ME,visa_free,90
CA,MG,visa_on_arrival,
CA,MH,visa_on_arrival,
CA,MK,visa_free,90
CA,ML,visa_required,
CA,MM,e_visa,
CA,MN,visa_free,30
CA,MO,visa_free,30
CA,MR,visa_on_arrival,
CA,MT,visa_free,90
CA,MU,visa_free,90
CA,MV,visa_on_arrival,
CA,MW,visa_free,30
CA,MX,visa_free,180
CA,MY,visa_free,90
CA,MZ,visa_free,30
CA,NA,visa_free,90
CA,NE,visa_required,
CA,NG,e_visa,
CA,NI,visa_free,90
CA,NL,visa_free,90
CA,NO,visa_free,90
CA,NP,visa_on_arrival,
CA,NR,visa_required,
CA,NZ,eta,
CA,OM,visa_on_arrival,
CA,PA,visa_free,180
CA,PE,visa_free,180
CA,PG,eta,
CA,PH,visa_free,30
CA,PK,eta,
CA,PL,visa_free,90
CA,PS,visa_free,
CA,PT,visa_free,90
CA,PW,visa_on_arrival,
CA,PY,visa_free,90
CA,QA,visa_on_arrival,
CA,RO,visa_free,90
CA,RS,visa_free,90
CA,RU,visa_required,
CA,RW,visa_free,30
CA,SA,visa_on_arrival,
CA,SB,visa_on_arrival,
CA,SC,visa_free,90
CA,SD,visa_required,
CA,SE,visa_free,90
CA,SG,visa_free,30
CA,SI,visa_free,90
CA,SK,visa_free,90
CA,SL,visa_on_arrival,
CA,SM,visa_free,90
CA,SN,visa_free,90
CA,SO,visa_on_arrival,
CA,SR,visa_required,
CA,SS,e_visa,
CA,ST,visa_free,15
CA,SV,visa_free,180
CA,SY,e_visa,
CA,SZ,visa_free,30
CA,TD,visa_required,
CA,TG,e_visa,
CA,TH,visa_free,60
CA,TJ,visa_free,30
CA,TL,visa_on_arrival,
CA,TM,visa_required,
CA,TN,visa_free,120
CA,TO,visa_on_arrival,
CA,TR,visa_free,90
CA,TT,visa_free,
CA,TV,visa_on_arrival,
CA,TW,visa_free,90
CA,TZ,visa_on_arrival,
CA,UA,visa_free,90
CA,UG,e_visa,
CA,US,visa_free,180
CA,UY,visa_free,90
CA,UZ,visa_free,30
CA,VA,visa_free,90
CA,VC,visa_free,180
CA,VE,visa_required,
CA,VN,e_visa,
CA,VU,visa_free,120
CA,WS,visa_on_arrival,
CA,XK,visa_free,90
CA,YE,visa_required,
CA,ZA,visa_free,90
CA,ZM,visa_free,90
CA,ZW,visa_on_arrival,
CD,AD,visa_required,
CD,AE,e_visa,
CD,AF,visa_required,
CD,AG,e_visa,
CD,AL,e_visa,
CD,AM,visa_required,
CD,AO,visa_required,
CD,AR,visa_required,
CD,AT,visa_required,
CD,AU,e_visa,
CD,AZ,visa_required,
CD,BA,visa_required,
CD,BB,visa_free,90
CD,BD,visa_on_arrival,
CD,BE,visa_required,
CD,BF,visa_on_arrival,
CD,BG,visa_required,
CD,BH,e_visa,
CD,BI,visa_free,90
CD,BJ,visa_free,90
CD,BN,visa_required,
CD,BO,visa_on_arrival,
CD,BR,visa_required,
CD,BS,e_visa,
CD,BT,e_visa,
CD,BW,e_visa,
CD,BY,visa_required,
CD,BZ,visa_required,
CD,CA,visa_required,
CD,CF,visa_required,
CD,CG,visa_required,
CD,CH,visa_required,
CD,CI,eta,
CD,CL,visa_required,
CD,CM,e_visa,
CD,CN,visa_required,
CD,CO,e_visa,
CD,CR,visa_required,
CD,CU,e_visa,
CD,CV,visa_on_arrival,
CD,CY,visa_required,
CD,CZ,visa_required,
CD,DE,visa_required,
CD,DJ,visa_on_arrival,
CD,DK,visa_required,
CD,DM,visa_free,21
CD,DO,visa_required,
CD,DZ,visa_required,
CD,EC,e_visa,
CD,EE,visa_required,
CD,EG,visa_required,
CD,ER,visa_required,
CD,ES,visa_required,
CD,ET,visa_on_arrival,
CD,FI,visa_required,
CD,FJ,visa_required,
CD,FM,visa_free,30
CD,FR,visa_required,
CD,GA,e_visa,
CD,GB,visa_required,
CD,GD,visa_required,
CD,GE,e_visa,
CD,GH,visa_on_arrival,
CD,GM,visa_free,90
CD,GN,e_visa,
CD,GQ,e_visa,
CD,GR,visa_required,
CD,GT,visa_required,
CD,GW,visa_on_arrival,
CD,GY,visa_required,
CD,HK,e_visa,
CD,HN,visa_required,
CD,HR,visa_required,
CD,HT,visa_free,90
CD,HU,visa_required,
CD,ID,e_visa,
CD,IE,visa_required,
CD,IL,visa_required,
CD,IN,visa_required,
CD,IQ,e_visa,
CD,IR,visa_on_arrival,
CD,IS,visa_required,
CD,IT,visa_required,
CD,JM,visa_required,
CD,JO,visa_required,
CD,JP,visa_required,
CD,KE,visa_free,
CD,KG,e_visa,
CD,KH,visa_on_arrival,
CD,KI,visa_required,
CD,KM,visa_on_arrival,
CD,KN,e_visa,
CD,KP,visa_required,
CD,KR,e_visa,
CD,KW,visa_required,
CD,KZ,visa_required,
CD,LA,visa_required,
CD,LB,visa_required,
CD,LC,visa_required,
CD,LI,visa_required,
CD,LK,visa_on_arrival,
CD,LR,visa_required,
CD,LS,e_visa,
CD,LT,visa_required,
CD,LU,visa_required,
CD,LV,visa_required,
CD,LY,e_visa,
CD,MA,visa_required,
CD,MC,visa_required,
CD,MD,e_visa,
CD,ME,visa_required,
CD,MG,visa_on_arrival,
CD,MH,visa_required,
CD,MK,visa_required,
CD,ML,visa_required,
CD,MM,visa_required,
CD,MN,e_visa,
CD,MO,visa_on_arrival,
CD,MR,visa_on_arrival,
CD,MT,visa_required,
CD,MU,visa_free,90
CD,MV,visa_on_arrival,
CD,MW,e_visa,
CD,MX,visa_required,
CD,MY,e_visa,
CD,MZ,visa_on_arrival,
CD,NA,visa_required,
CD,NE,visa_required,
CD,NG,visa_on_arrival,
CD,NI,visa_required,
CD,NL,visa_required,
CD,NO,visa_required,
CD,NP,visa_on_arrival,
CD,NR,visa_required,
CD,NZ,visa_required,
CD,OM,e_visa,
CD,PA,visa_required,
CD,PE,visa_required,
CD,PG,e_visa,
CD,PH,visa_free,30
CD,PK,e_visa,
CD,PL,visa_required,
CD,PS,visa_required,
CD,PT,visa_required,
CD,PW,visa_on_arrival,
CD,PY,visa_required,
CD,QA,e_visa,
CD,RO,visa_required,
CD,RS,visa_required,
CD,RU,visa_required,
CD,RW,visa_free,90
CD,SA,visa_required,
CD,SB,visa_required,
CD,SC,visa_free,90
CD,SD,visa_required,
CD,SE,visa_required,
CD,SG,visa_free,30
CD,SI,visa_required,
CD,SK,visa_required,
CD,SL,e_visa,
CD,SM,visa_required,
CD,SN,visa_on_arrival,
CD,SO,e_visa,
CD,SR,visa_required,
CD,SS,e_visa,
CD,ST,e_visa,
CD,SV,e_visa,
CD,SY,e_visa,
CD,SZ,visa_required,
CD,TD,visa_required,
CD,TG,e_visa,
CD,TH,visa_required,
CD,TJ,e_visa,
CD,TL,visa_on_arrival,
CD,TM,visa_required,
CD,TN,visa_required,
CD,TO,visa_required,
CD,TR,visa_required,
CD,TT,visa_required,
CD,TV,visa_on_arrival,
CD,TW,visa_required,
CD,TZ,visa_on_arrival,
CD,UA,visa_required,
CD,UG,visa_free,90
CD,US,visa_required,
CD,UY,visa_required,
CD,UZ,visa_required,
CD,VA,visa_required,
CD,VC,visa_free,90
CD,VE,visa_required,
CD,VN,e_visa,
CD,VU,visa_required,
CD,WS,visa_on_arrival,
CD,XK,visa_required,
CD,YE,visa_required,
CD,ZA,e_visa,
CD,ZM,visa_on_arrival,
CD,ZW,visa_free,90
CF,AD,visa_required,
CF,AE,e_visa,
CF,AF,visa_required,
CF,AG,e_visa,
CF,AL,e_visa,
CF,AM,visa_required,
CF,AO,visa_required,
CF,AR,visa_required,
CF,AT,visa_required,
CF,AU,e_visa,
CF,AZ,visa_required,
CF,BA,visa_required,
CF,BB,visa_free,90
CF,BD,visa_on_arrival,
CF,BE,visa_required,
CF,BF,visa_free,90
CF,BG,visa_required,
CF,BH,e_visa,
CF,BI,visa_on_arrival,
CF,BJ,visa_free,90
CF,BN,visa_required,
CF,BO,visa_on_arrival,
CF,BR,visa_required,
CF,BS,e_visa,
CF,BT,e_visa,
CF,BW,e_visa,
CF,BY,visa_required,
CF,BZ,visa_required,
CF,CA,visa_required,
CF,CD,e_visa,
CF,CG,visa_free,90
CF,CH,visa_required,
CF,CI,visa_free,90
CF,CL,visa_required,
CF,CM,visa_free,90
CF,CN,visa_required,
CF,CO,e_visa,
CF,CR,visa_required,
CF,CU,e_visa,
CF,CV,visa_on_arrival,
CF,CY,visa_required,
CF,CZ,visa_required,
CF,DE,visa_required,
CF,DJ,visa_on_arrival,
CF,DK,visa_required,
CF,DM,visa_free,21
CF,DO,visa_required,
CF,DZ,visa_required,
CF,EC,visa_free,90
CF,EE,visa_required,
CF,EG,visa_required,
CF,ER,visa_required,
CF,ES,visa_required,
CF,ET,visa_on_arrival,
CF,FI,visa_required,
CF,FJ,visa_required,
CF,FM,visa_free,30
CF,FR,visa_required,
CF,GA,visa_free,90
CF,GB,visa_required,
CF,GD,visa_required,
CF,GE,e_visa,
CF,GH,visa_on_arrival,
CF,GM,visa_free,90
CF,GN,e_visa,
CF,GQ,e_visa,
CF,GR,visa_required,
CF,GT,visa_required,
CF,GW,visa_on_arrival,
CF,GY,visa_required,
CF,HK,e_visa,
CF,HN,visa_required,
CF,HR,visa_required,
CF,HT,visa_free,90
CF,HU,visa_required,
CF,ID,e_visa,
CF,IE,visa_required,
CF,IL,visa_required,
CF,IN,visa_required,
CF,IQ,e_visa,
CF,IR,visa_on_arrival,
CF,IS,visa_required,
CF,IT,visa_required,
CF,JM,visa_required,
CF,JO,visa_required,
CF,JP,visa_required,
CF,KE,eta,
CF,KG,e_visa,
CF,KH,visa_on_arrival,
CF,KI,visa_required,
CF,KM,visa_on_arrival,
CF,KN,e_visa,
CF,KP,visa_required,
CF,KR,e_visa,
CF,KW,visa_required,
CF,KZ,e_visa,
CF,LA,visa_on_arrival,
CF,LB,visa_required,
CF,LC,visa_required,
CF,LI,visa_required,
CF,LK,visa_on_arrival,
CF,LR,visa_required,
CF,LS,e_visa,
CF,LT,visa_required,
CF,LU,visa_required,
CF,LV,visa_required,
CF,LY,e_visa,
CF,MA,visa_required,
CF,MC,visa_required,
CF,MD,e_visa,
CF,ME,visa_required,
CF,MG,visa_on_arrival,
CF,MH,visa_required,
CF,MK,visa_required,
CF,ML,visa_required,
CF,MM,visa_required,
CF,MN,e_visa,
CF,MO,visa_on_arrival,
CF,MR,visa_on_arrival,
CF,MT,visa_required,
CF,MU,visa_on_arrival,
CF,MV,visa_on_arrival,
CF,MW,e_visa,
CF,MX,visa_required,
CF,MY,e_visa,
CF,MZ,visa_on_arrival,
CF,NA,visa_on_arrival,
CF,NE,visa_required,
CF,NG,visa_on_arrival,
CF,NI,visa_on_arrival,
CF,NL,visa_required,
CF,NO,visa_required,
CF,NP,visa_on_arrival,
CF,NR,visa_required,
CF,NZ,visa_required,
CF,OM,e_visa,
CF,PA,visa_required,
CF,PE,visa_required,
CF,PG,e_visa,
CF,PH,visa_free,30
CF,PK,e_visa,
CF,PL,visa_required,
CF,PS,visa_free,
CF,PT,visa_required,
CF,PW,visa_on_arrival,
CF,PY,visa_required,
CF,QA,e_visa,
CF,RO,visa_required,
CF,RS,visa_required,
CF,RU,visa_required,
CF,RW,visa_free,90
CF,SA,visa_required,
CF,SB,visa_required,
CF,SC,visa_free,90
CF,SD,visa_required,
CF,SE,visa_required,
CF,SG,visa_free,30
CF,SI,visa_required,
CF,SK,visa_required,
CF,SL,e_visa,
CF,SM,visa_required,
CF,SN,visa_free,90
CF,SO,e_visa,
CF,SR,visa_required,
CF,SS,e_visa,
CF,ST,e_visa,
CF,SV,e_visa,
CF,SY,e_visa,
CF,SZ,visa_required,
CF,TD,visa_free,90
CF,TG,e_visa,
CF,TH,visa_required,
CF,TJ,e_visa,
CF,TL,visa_on_arrival,
CF,TM,visa_required,
CF,TN,visa_required,
CF,TO,visa_required,
CF,TR,visa_required,
CF,TT,visa_required,
CF,TV,visa_on_arrival,
CF,TW,visa_required,
CF,TZ,visa_on_arrival,
CF,UA,visa_required,
CF,UG,e_visa,
CF,US,visa_required,
CF,UY,visa_required,
CF,UZ,visa_required,
CF,VA,visa_required,
CF,VC,visa_free,90
CF,VE,visa_required,
CF,VN,e_visa,
CF,VU,visa_required,
CF,WS,visa_on_arrival,
CF,XK,visa_required,
CF,YE,visa_required,
CF,ZA,visa_required,
CF,ZM,e_visa,
CF,ZW,e_visa,
CG,AD,visa_required,
CG,AE,e_visa,
CG,AF,visa_required,
CG,AG,e_visa,
CG,AL,e_visa,
CG,AM,visa_required,
CG,AO,visa_required,
CG,AR,visa_required,
CG,AT,visa_required,
CG,AU,e_visa,
CG,AZ,visa_required,
CG,BA,visa_required,
CG,BB,visa_free,90
CG,BD,visa_on_arrival,
CG,BE,visa_required,
CG,BF,e_visa,
CG,BG,visa_required,
CG,BH,e_visa,
CG,BI,visa_on_arrival,
CG,BJ,visa_free,90
CG,BN,visa_required,
CG,BO,visa_on_arrival,
CG,BR,visa_required,
CG,BS,e_visa,
CG,BT,e_visa,
CG,BW,e_visa,
CG,BY,visa_required,
CG,BZ,visa_required,
CG,CA,visa_required,
CG,CD,visa_free,90
CG,CF,visa_free,90
CG,CH,visa_required,
CG,CI,visa_free,90
CG,CL,visa_required,
CG,CM,visa_free,90
CG,CN,visa_required,
CG,CO,e_visa,
CG,CR,visa_required,
CG,CU,e_visa,
CG,CV,visa_on_arrival,
CG,CY,visa_required,
CG,CZ,visa_required,
CG,DE,visa_required,
CG,DJ,visa_on_arrival,
CG,DK,visa_required,
CG,DM,visa_free,21
CG,DO,visa_required,
CG,DZ,visa_required,
CG,EC,e_visa,
CG,EE,visa_required,
CG,EG,visa_required,
CG,ER,visa_required,
CG,ES,visa_required,
CG,ET,visa_on_arrival,
CG,FI,visa_required,
CG,FJ,visa_required,
CG,FM,visa_free,30
CG,FR,visa_required,
CG,GA,visa_free,90
CG,GB,visa_required,
CG,GD,visa_required,
CG,GE,e_visa,
CG,GH,visa_on_arrival,
CG,GM,visa_free,90
CG,GN,e_visa,
CG,GQ,e_visa,
CG,GR,visa_required,
CG,GT,visa_required,
CG,GW,visa_on_arrival,
CG,GY,visa_required,
CG,HK,e_visa,
CG,HN,visa_required,
CG,HR,visa_required,
CG,HT,visa_free,90
CG,HU,visa_required,
CG,ID,e_visa,
CG,IE,visa_required,
CG,IL,visa_required,
CG,IN,visa_required,
CG,IQ,e_visa,
CG,IR,visa_on_arrival,
CG,IS,visa_required,
CG,IT,visa_required,
CG,JM,visa_required,
CG,JO,visa_required,
CG,JP,visa_required,
CG,KE,eta,
CG,KG,e_visa,
CG,KH,visa_on_arrival,
CG,KI,visa_required,
CG,KM,visa_on_arrival,
CG,KN,e_visa,
CG,KP,visa_required,
CG,KR,e_visa,
CG,KW,visa_required,
CG,KZ,e_visa,
CG,LA,visa_required,
CG,LB,visa_required,
CG,LC,visa_required,
CG,LI,visa_required,
CG,LK,visa_on_arrival,
CG,LR,visa_required,
CG,LS,e_visa,
CG,LT,visa_required,
CG,LU,visa_required,
CG,LV,visa_required,
CG,LY,e_visa,
CG,MA,eta,
CG,MC,visa_required,
CG,MD,e_visa,
CG,ME,visa_required,
CG,MG,visa_on_arrival,
CG,MH,visa_required,
CG,MK,visa_required,
CG,ML,visa_required,
CG,MM,visa_required,
CG,MN,e_visa,
CG,MO,visa_on_arrival,
CG,MR,visa_on_arrival,
CG,MT,visa_required,
CG,MU,visa_free,90
CG,MV,visa_on_arrival,
CG,MW,visa_on_arrival,
CG,MX,visa_required,
CG,MY,e_visa,
CG,MZ,visa_on_arrival,
CG,NA,visa_required,
CG,NE,visa_required,
CG,NG,visa_on_arrival,
CG,NI,visa_required,
CG,NL,visa_required,
CG,NO,visa_required,
CG,NP,visa_on_arrival,
CG,NR,visa_required,
CG,NZ,visa_required,
CG,OM,e_visa,
CG,PA,visa_required,
CG,PE,visa_required,
CG,PG,e_visa,
CG,PH,visa_free,30
CG,PK,e_visa,
CG,PL,visa_required,
CG,PS,visa_required,
CG,PT,visa_required,
CG,PW,visa_on_arrival,
CG,PY,visa_required,
CG,QA,e_visa,
CG,RO,visa_required,
CG,RS,visa_required,
CG,RU,visa_required,
CG,RW,visa_free,30
CG,SA,visa_required,
CG,SB,visa_required,
CG,SC,visa_free,90
CG,SD,visa_required,
CG,SE,visa_required,
CG,SG,visa_free,30
CG,SI,visa_required,
CG,SK,visa_required,
CG,SL,e_visa,
CG,SM,visa_required,
CG,SN,visa_free,90
CG,SO,e_visa,
CG,SR,visa_required,
CG,SS,e_visa,
CG,ST,e_visa,
CG,SV,e_visa,
CG,SY,e_visa,
CG,SZ,visa_required,
CG,TD,visa_free,90
CG,TG,e_visa,
CG,TH,e_visa,
CG,TJ,e_visa,
CG,TL,visa_on_arrival,
CG,TM,visa_required,
CG,TN,visa_required,
CG,TO,visa_required,
CG,TR,visa_required,
CG,TT,visa_required,
CG,TV,visa_on_arrival,
CG,TW,visa_required,
CG,TZ,visa_on_arrival,
CG,UA,visa_required,
CG,UG,e_visa,
CG,US,visa_required,
CG,UY,visa_required,
CG,UZ,visa_required,
CG,VA,visa_required,
CG,VC,visa_free,90
CG,VE,visa_required,
CG,VN,e_visa,
CG,VU,visa_required,
CG,WS,visa_on_arrival,
CG,XK,visa_required,
CG,YE,visa_required,
CG,ZA,e_visa,
CG,ZM,visa_on_arrival,
CG,ZW,e_visa,
CH,AD,visa_free,
CH,AE,visa_free,90
CH,AF,visa_required,
CH,AG,visa_free,180
CH,AL,visa_free,90
CH,AM,visa_free,180
CH,AO,visa_free,30
CH,AR,visa_free,90
CH,AT,freedom_of_movement,
CH,AU,eta,
CH,AZ,e_visa,
CH,BA,visa_free,90
CH,BB,visa_free,180
CH,BD,visa_on_arrival,
CH,BE,freedom_of_movement,
CH,BF,visa_on_arrival,
CH,BG,freedom_of_movement,
CH,BH,visa_on_arrival,
CH,BI,visa_on_arrival,
CH,BJ,e_visa,
CH,BN,visa_free,90
CH,BO,visa_free,90
CH,BR,visa_free,90
CH,BS,visa_free,240
CH,BT,e_visa,
CH,BW,visa_free,90
CH,BY,visa_free,30
CH,BZ,visa_free,30
CH,CA,eta,
CH,CD,e_visa,
CH,CF,visa_required,
CH,CG,visa_required,
CH,CI,eta,
CH,CL,visa_free,90
CH,CM,e_visa,
CH,CN,visa_free,30
CH,CO,visa_free,90
CH,CR,visa_free,180
CH,CU,e_visa,
CH,CV,visa_free,30
CH,CY,freedom_of_movement,
CH,CZ,freedom_of_movement,
CH,DE,freedom_of_movement,
CH,DJ,visa_on_arrival,
CH,DK,freedom_of_movement,
CH,DM,visa_free,180
CH,DO,visa_free,
CH,DZ,visa_required,
CH,EC,visa_free,90
CH,EE,freedom_of_movement,
CH,EG,visa_on_arrival,
CH,ER,visa_required,
CH,ES,freedom_of_movement,
CH,ET,visa_on_arrival,
CH,FI,freedom_of_movement,
CH,FJ,visa_free,120
CH,FM,visa_free,90
CH,FR,freedom_of_movement,
CH,GA,e_visa,
CH,GB,visa_free,180
CH,GD,visa_free,90
CH,GE,visa_free,360
CH,GH,visa_on_arrival,
CH,GM,visa_free,90
CH,GN,e_visa,
CH,GQ,e_visa,
CH,GR,freedom_of_movement,
CH,GT,visa_free,90
CH,GW,visa_on_arrival,
CH,GY,visa_free,90
CH,HK,visa_free,90
CH,HN,visa_free,90
CH,HR,freedom_of_movement,
CH,HT,visa_free,90
CH,HU,freedom_of_movement,
CH,ID,visa_on_arrival,
CH,IE,freedom_of_movement,
CH,IL,visa_free,90
CH,IN,e_visa,
CH,IQ,visa_on_arrival,
CH,IR,visa_on_arrival,
CH,IS,freedom_of_movement,
CH,IT,freedom_of_movement,
CH,JM,visa_free,90
CH,JO,visa_on_arrival,
CH,JP,visa_free,90
CH,KE,eta,
CH,KG,visa_free,60
CH,KH,visa_on_arrival,
CH,KI,visa_free,90
CH,KM,visa_on_arrival,
CH,KN,visa_free,90
CH,KP,visa_required,
CH,KR,visa_free,90
CH,KW,visa_on_arrival,
CH,KZ,visa_free,30
CH,LA,visa_free,15
CH,LB,visa_on_arrival,
CH,LC,visa_free,90
CH,LI,freedom_of_movement,
CH,LK,visa_on_arrival,
CH,LR,visa_required,
CH,LS,visa_free,14
CH,LT,freedom_of_movement,
CH,LU,freedom_of_movement,
CH,LV,freedom_of_movement,
CH,LY,e_visa,
CH,MA,visa_free,90
CH,MC,visa_free,
CH,MD,visa_free,90
CH,ME,visa_free,90
CH,MG,visa_on_arrival,
CH,MH,visa_on_arrival,
CH,MK,visa_free,90
CH,ML,visa_required,
CH,MM,e_visa,
CH,MN,visa_free,30
CH,MO,visa_free,90
CH,MR,visa_on_arrival,
CH,MT,freedom_of_movement,
CH,MU,visa_free,90
CH,MV,visa_on_arrival,
CH,MW,visa_on_arrival,
CH,MX,visa_free,180
CH,MY,visa_free,90
CH,MZ,visa_free,30
CH,NA,visa_free,90
CH,NE,visa_required,
CH,NG,e_visa,
CH,NI,visa_free,90
CH,NL,freedom_of_movement,
CH,NO,freedom_of_movement,
CH,NP,visa_on_arrival,
CH,NR,visa_required,
CH,NZ,eta,
CH,OM,visa_on_arrival,
CH,PA,visa_free,90
CH,PE,visa_free,90
CH,PG,eta,
CH,PH,visa_free,30
CH,PK,eta,
CH,PL,freedom_of_movement,
CH,PS,visa_free,
CH,PT,freedom_of_movement,
CH,PW,visa_on_arrival,
CH,PY,visa_free,90
CH,QA,visa_on_arrival,
CH,RO,freedom_of_movement,
CH,RS,visa_free,90
CH,RU,e_visa,
CH,RW,visa_free,30
CH,SA,visa_on_arrival,
CH,SB,visa_free,90
CH,SC,visa_free,90
CH,SD,visa_required,
CH,SE,freedom_of_movement,
CH,SG,visa_free,90
CH,SI,freedom_of_movement,
CH,SK,freedom_of_movement,
CH,SL,visa_on_arrival,
CH,SM,visa_free,
CH,SN,visa_free,90
CH,SO,visa_on_arrival,
CH,SR,visa_required,
CH,SS,e_visa,
CH,ST,visa_free,15
CH,SV,visa_free,180
CH,SY,e_visa,
CH,SZ,visa_free,30
CH,TD,visa_required,
CH,TG,e_visa,
CH,TH,visa_free,60
CH,TJ,visa_free,30
CH,TL,visa_free,90
CH,TM,visa_required,
CH,TN,visa_free,90
CH,TO,visa_free,90
CH,TR,visa_free,90
CH,TT,visa_free,90
CH,TV,visa_free,90
CH,TW,visa_free,90
CH,TZ,visa_on_arrival,
CH,UA,visa_free,90
CH,UG,e_visa,
CH,US,eta,
CH,UY,visa_free,90
CH,UZ,visa_free,30
CH,VA,visa_free,
CH,VC,visa_free,90
CH,VE,visa_free,90
CH,VN,e_visa,
CH,VU,visa_free,120
CH,WS,visa_on_arrival,
CH,XK,visa_free,90
CH,YE,visa_required,
CH,ZA,visa_free,90
CH,ZM,visa_on_arrival,
CH,ZW,visa_on_arrival,
CI,AD,visa_required,
CI,AE,e_visa,
CI,AF,visa_required,
CI,AG,e_visa,
CI,AL,e_visa,
CI,AM,visa_required,
CI,AO,visa_required,
CI,AR,visa_required,
CI,AT,visa_required,
CI,AU,e_visa,
CI,AZ,visa_required,
CI,BA,visa_required,
CI,BB,visa_free,90
CI,BD,visa_on_arrival,
CI,BE,visa_required,
CI,BF,visa_free,
CI,BG,visa_required,
CI,BH,e_visa,
CI,BI,visa_on_arrival,
CI,BJ,visa_free,90
CI,BN,visa_required,
CI,BO,visa_on_arrival,
CI,BR,visa_required,
CI,BS,e_visa,
CI,BT,e_visa,
CI,BW,e_visa,
CI,BY,visa_required,
CI,BZ,visa_required,
CI,CA,visa_required,
CI,CD,e_visa,
CI,CF,visa_free,90
CI,CG,visa_on_arrival,
CI,CH,visa_required,
CI,CL,visa_required,
CI,CM,e_visa,
CI,CN,visa_required,
CI,CO,e_visa,
CI,CR,visa_required,
CI,CU,e_visa,
CI,CV,visa_free,
CI,CY,visa_required,
CI,CZ,visa_required,
CI,DE,visa_required,
CI,DJ,visa_on_arrival,
CI,DK,visa_required,
CI,DM,visa_free,21
CI,DO,visa_required,
CI,DZ,visa_required,
CI,EC,e_visa,
CI,EE,visa_required,
CI,EG,visa_required,
CI,ER,visa_required,
CI,ES,visa_required,
CI,ET,visa_on_arrival,
CI,FI,visa_required,
CI,FJ,visa_required,
CI,FM,visa_free,30
CI,FR,visa_required,
CI,GA,e_visa,
CI,GB,visa_required,
CI,GD,visa_required,
CI,GE,e_visa,
CI,GH,visa_free,90
CI,GM,visa_free,90
CI,GN,visa_free,
CI,GQ,e_visa,
CI,GR,visa_required,
CI,GT,visa_required,
CI,GW,visa_free,
CI,GY,visa_required,
CI,HK,e_visa,
CI,HN,visa_required,
CI,HR,visa_required,
CI,HT,visa_free,90
CI,HU,visa_required,
CI,ID,e_visa,
CI,IE,visa_required,
CI,IL,visa_required,
CI,IN,e_visa,
CI,IQ,e_visa,
CI,IR,visa_on_arrival,
CI,IS,visa_required,
CI,IT,visa_required,
CI,JM,visa_required,
CI,JO,visa_required,
CI,JP,visa_required,
CI,KE,eta,
CI,KG,e_visa,
CI,KH,visa_on_arrival,
CI,KI,visa_required,
CI,KM,visa_on_arrival,
CI,KN,e_visa,
CI,KP,visa_required,
CI,KR,e_visa,
CI,KW,visa_required,
CI,KZ,e_visa,
CI,LA,visa_required,
CI,LB,visa_on_arrival,
CI,LC,visa_on_arrival,
CI,LI,visa_required,
CI,LK,visa_required,
CI,LR,visa_free,
CI,LS,e_visa,
CI,LT,visa_required,
CI,LU,visa_required,
CI,LV,visa_required,
CI,LY,e_visa,
CI,MA,visa_required,
CI,MC,visa_required,
CI,MD,e_visa,
CI,ME,visa_required,
CI,MG,visa_on_arrival,
CI,MH,visa_required,
CI,MK,visa_required,
CI,ML,visa_free,
CI,MM,e_visa,
CI,MN,e_visa,
CI,MO,visa_on_arrival,
CI,MR,visa_free,90
CI,MT,visa_required,
CI,MU,visa_on_arrival,
CI,MV,visa_on_arrival,
CI,MW,visa_on_arrival,
CI,MX,visa_required,
CI,MY,e_visa,
CI,MZ,visa_free,30
CI,NA,visa_on_arrival,
CI,NE,visa_free,
CI,NG,visa_free,
CI,NI,visa_on_arrival,
CI,NL,visa_required,
CI,NO,visa_required,
CI,NP,visa_on_arrival,
CI,NR,visa_required,
CI,NZ,visa_required,
CI,OM,e_visa,
CI,PA,visa_required,
CI,PE,visa_required,
CI,PG,e_visa,
CI,PH,visa_free,30
CI,PK,e_visa,
CI,PL,visa_required,
CI,PS,visa_required,
CI,PT,visa_required,
CI,PW,visa_on_arrival,
CI,PY,visa_required,
CI,QA,e_visa,
CI,RO,visa_required,
CI,RS,visa_required,
CI,RU,visa_required,
CI,RW,visa_free,90
CI,SA,visa_required,
CI,SB,visa_required,
CI,SC,visa_free,90
CI,SD,visa_required,
CI,SE,visa_required,
CI,SG,visa_free,30
CI,SI,visa_required,
CI,SK,visa_required,
CI,SL,visa_free,
CI,SM,visa_required,
CI,SN,visa_free,90
CI,SO,e_visa,
CI,SR,visa_required,
CI,SS,e_visa,
CI,ST,e_visa,
CI,SV,e_visa,
CI,SY,e_visa,
CI,SZ,visa_required,
CI,TD,visa_free,90
CI,TG,visa_free,
CI,TH,visa_required,
CI,TJ,e_visa,
CI,TL,visa_on_arrival,
CI,TM,visa_required,
CI,TN,visa_free,90
CI,TO,visa_required,
CI,TR,visa_required,
CI,TT,visa_required,
CI,TV,visa_on_arrival,
CI,TW,visa_required,
CI,TZ,visa_on_arrival,
CI,UA,visa_required,
CI,UG,e_visa,
CI,US,visa_required,
CI,UY,visa_required,
CI,UZ,e_visa,
CI,VA,visa_required,
CI,VC,visa_free,90
CI,VE,visa_required,
CI,VN,e_visa,
CI,VU,visa_required,
CI,WS,visa_on_arrival,
CI,XK,visa_required,
CI,YE,visa_required,
CI,ZA,e_visa,
CI,ZM,e_visa,
CI,ZW,e_visa,
CL,AD,visa_free,90
CL,AE,visa_free,90
CL,AF,visa_required,
CL,AG,visa_free,180
CL,AL,visa_free,90
CL,AM,visa_on_arrival,
CL,AO,visa_free,30
CL,AR,visa_free,90
CL,AT,visa_free,90
CL,AU,e_visa,
CL,AZ,e_visa,
CL,BA,visa_free,90
CL,BB,visa_free,90
CL,BD,visa_on_arrival,
CL,BE,visa_free,90
CL,BF,e_visa,
CL,BG,visa_free,90
CL,BH,visa_on_arrival,
CL,BI,visa_on_arrival,
CL,BJ,e_visa,
CL,BN,visa_required,
CL,BO,visa_free,90
CL,BR,visa_free,90
CL,BS,visa_free,90
CL,BT,e_visa,
CL,BW,visa_free,90
CL,BY,visa_free,30
CL,BZ,visa_free,90
CL,CA,eta,
CL,CD,e_visa,
CL,CF,visa_required,
CL,CG,visa_required,
CL,CH,visa_free,90
CL,CI,eta,
CL,CM,e_visa,
CL,CN,visa_required,
CL,CO,visa_free,90
CL,CR,visa_free,180
CL,CU,e_visa,
CL,CV,visa_on_arrival,
CL,CY,visa_free,90
CL,CZ,visa_free,90
CL,DE,visa_free,90
CL,DJ,visa_on_arrival,
CL,DK,visa_free,90
CL,DM,visa_free,21
CL,DO,visa_free,
CL,DZ,visa_required,
CL,EC,visa_free,90
CL,EE,visa_free,90
CL,EG,visa_on_arrival,
CL,ER,visa_required,
CL,ES,visa_free,90
CL,ET,e_visa,
CL,FI,visa_free,90
CL,FJ,visa_free,120
CL,FM,visa_free,30
CL,FR,visa_free,90
CL,GA,e_visa,
CL,GB,eta,
CL,GD,visa_free,90
CL,GE,visa_free,90
CL,GH,visa_on_arrival,
CL,GM,visa_required,
CL,GN,e_visa,
CL,GQ,e_visa,
CL,GR,visa_free,90
CL,GT,visa_free,90
CL,GW,visa_on_arrival,
CL,GY,visa_free,90
CL,HK,visa_free,90
CL,HN,visa_free,90
CL,HR,visa_free,90
CL,HT,visa_free,90
CL,HU,visa_free,90
CL,ID,visa_on_arrival,
CL,IE,visa_free,90
CL,IL,visa_free,90
CL,IN,e_visa,
CL,IQ,e_visa,
CL,IR,visa_on_arrival,
CL,IS,visa_free,90
CL,IT,visa_free,90
CL,JM,visa_free,90
CL,JO,visa_on_arrival,
CL,JP,visa_free,90
CL,KE,eta,
CL,KG,visa_free,60
CL,KH,visa_on_arrival,
CL,KI,visa_free,90
CL,KM,visa_on_arrival,
CL,KN,visa_free,90
CL,KP,visa_required,
CL,KR,eta,
CL,KW,visa_required,
CL,KZ,visa_free,30
CL,LA,visa_on_arrival,
CL,LB,visa_on_arrival,
CL,LC,visa_free,42
CL,LI,visa_free,90
CL,LK,visa_on_arrival,
CL,LR,visa_required,
CL,LS,e_visa,
CL,LT,visa_free,90
CL,LU,visa_free,90
CL,LV,visa_free,90
CL,LY,e_visa,
CL,MA,visa_free,90
CL,MC,visa_free,90
CL,MD,visa_free,90
CL,ME,visa_free,90
CL,MG,visa_on_arrival,
CL,MH,visa_on_arrival,
CL,MK,visa_free,90
CL,ML,visa_required,
CL,MM,e_visa,
CL,MN,visa_free,90
CL,MO,visa_free,30
CL,MR,visa_on_arrival,
CL,MT,visa_free,90
CL,MU,visa_free,90
CL,MV,visa_on_arrival,
CL,MW,visa_on_arrival,
CL,MX,visa_free,180
CL,MY,visa_free,30
CL,MZ,visa_on_arrival,
CL,NA,visa_on_arrival,
CL,NE,visa_required,
CL,NG,e_visa,
CL,NI,visa_free,90
CL,NL,visa_free,90
CL,NO,visa_free,90
CL,NP,visa_on_arrival,
CL,NR,visa_required,
CL,NZ,eta,
CL,OM,visa_on_arrival,
CL,PA,visa_free,90
CL,PE,visa_free,180
CL,PG,eta,
CL,PH,visa_free,30
CL,PK,e_visa,
CL,PL,visa_free,90
CL,PS,visa_free,
CL,PT,visa_free,90
CL,PW,visa_on_arrival,
CL,PY,visa_free,90
CL,QA,visa_on_arrival,
CL,RO,visa_free,90
CL,RS,visa_free,90
CL,RU,visa_free,90
CL,RW,visa_on_arrival,
CL,SA,visa_required,
CL,SB,visa_required,
CL,SC,visa_free,90
CL,SD,visa_required,
CL,SE,visa_free,90
CL,SG,visa_free,30
CL,SI,visa_free,90
CL,SK,visa_free,90
CL,SL,e_visa,
CL,SM,visa_free,90
CL,SN,visa_required,
CL,SO,e_visa,
CL,SR,visa_free,90
CL,SS,e_visa,
CL,ST,e_visa,
CL,SV,visa_free,180
CL,SY,e_visa,
CL,SZ,visa_free,30
CL,TD,visa_required,
CL,TG,e_visa,
CL,TH,visa_free,90
CL,TJ,visa_free,30
CL,TL,visa_on_arrival,
CL,TM,visa_required,
CL,TN,visa_free,90
CL,TO,visa_required,
CL,TR,visa_free,90
CL,TT,visa_free,90
CL,TV,visa_on_arrival,
CL,TW,visa_free,90
CL,TZ,visa_on_arrival,
CL,UA,visa_free,90
CL,UG,e_visa,
CL,US,eta,
CL,UY,visa_free,90
CL,UZ,visa_free,30
CL,VA,visa_free,90
CL,VC,visa_free,90
CL,VE,visa_required,
CL,VN,visa_free,90
CL,VU,visa_free,120
CL,WS,visa_on_arrival,
CL,XK,visa_free,90
CL,YE,visa_required,
CL,ZA,visa_free,90
CL,ZM,visa_on_arrival,
CL,ZW,visa_on_arrival,
CM,AD,visa_required,
CM,AE,e_visa,
CM,AF,visa_required,
CM,AG,e_visa,
CM,AL,e_visa,
CM,AM,visa_required,
CM,AO,visa_required,
CM,AR,visa_required,
CM,AT,visa_required,
CM,AU,e_visa,
CM,AZ,visa_required,
CM,BA,visa_required,
CM,BB,visa_free,90
CM,BD,visa_on_arrival,
CM,BE,visa_required,
CM,BF,e_visa,
CM,BG,visa_required,
CM,BH,e_visa,
CM,BI,visa_on_arrival,
CM,BJ,visa_free,90
CM,BN,visa_required,
CM,BO,visa_on_arrival,
CM,BR,visa_required,
CM,BS,e_visa,
CM,BT,e_visa,
CM,BW,e_visa,
CM,BY,visa_required,
CM,BZ,visa_required,
CM,CA,visa_required,
CM,CD,e_visa,
CM,CF,visa_free,90
CM,CG,visa_free,90
CM,CH,visa_required,
CM,CI,eta,
CM,CL,visa_required,
CM,CN,visa_required,
CM,CO,e_visa,
CM,CR,visa_required,
CM,CU,visa_required,
CM,CV,visa_on_arrival,
CM,CY,visa_required,
CM,CZ,visa_required,
CM,DE,visa_required,
CM,DJ,visa_on_arrival,
CM,DK,visa_required,
CM,DM,visa_free,180
CM,DO,visa_required,
CM,DZ,visa_required,
CM,EC,e_visa,
CM,EE,visa_required,
CM,EG,visa_required,
CM,ER,visa_required,
CM,ES,visa_required,
CM,ET,visa_on_arrival,
CM,FI,visa_required,
CM,FJ,visa_required,
CM,FM,visa_free,30
CM,FR,visa_required,
CM,GA,visa_free,90
CM,GB,visa_required,
CM,GD,visa_free,90
CM,GE,e_visa,
CM,GH,visa_on_arrival,
CM,GM,visa_free,90
CM,GN,e_visa,
CM,GQ,visa_free,90
CM,GR,visa_required,
CM,GT,visa_required,
CM,GW,visa_on_arrival,
CM,GY,visa_required,
CM,HK,e_visa,
CM,HN,visa_required,
CM,HR,visa_required,
CM,HT,visa_free,90
CM,HU,visa_required,
CM,ID,e_visa,
CM,IE,visa_required,
CM,IL,visa_required,
CM,IN,e_visa,
CM,IQ,e_visa,
CM,IR,visa_on_arrival,
CM,IS,visa_required,
CM,IT,visa_required,
CM,JM,visa_required,
CM,JO,visa_required,
CM,JP,visa_required,
CM,KE,eta,
CM,KG,e_visa,
CM,KH,visa_on_arrival,
CM,KI,visa_free,90
CM,KM,visa_on_arrival,
CM,KN,e_visa,
CM,KP,visa_required,
CM,KR,e_visa,
CM,KW,visa_required,
CM,KZ,e_visa,
CM,LA,visa_required,
CM,LB,visa_required,
CM,LC,visa_on_arrival,
CM,LI,visa_required,
CM,LK,visa_required,
CM,LR,visa_required,
CM,LS,visa_required,
CM,LT,visa_required,
CM,LU,visa_required,
CM,LV,visa_required,
CM,LY,e_visa,
CM,MA,visa_required,
CM,MC,visa_required,
CM,MD,e_visa,
CM,ME,visa_required,
CM,MG,visa_on_arrival,
CM,MH,visa_required,
CM,MK,visa_required,
CM,ML,visa_free,90
CM,MM,e_visa,
CM,MN,visa_required,
CM,MO,visa_on_arrival,
CM,MR,visa_on_arrival,
CM,MT,visa_required,
CM,MU,visa_on_arrival,
CM,MV,visa_on_arrival,
CM,MW,e_visa,
CM,MX,visa_required,
CM,MY,e_visa,
CM,MZ,visa_on_arrival,
CM,NA,visa_on_arrival,
CM,NE,visa_required,
CM,NG,visa_free,90
CM,NI,visa_required,
CM,NL,visa_required,
CM,NO,visa_required,
CM,NP,visa_required,
CM,NR,visa_required,
CM,NZ,visa_required,
CM,OM,e_visa,
CM,PA,visa_required,
CM,PE,visa_required,
CM,PG,e_visa,
CM,PH,visa_free,30
CM,PK,e_visa,
CM,PL,visa_required,
CM,PS,visa_required,
CM,PT,visa_required,
CM,PW,visa_on_arrival,
CM,PY,visa_required,
CM,QA,e_visa,
CM,RO,visa_required,
CM,RS,visa_required,
CM,RU,visa_required,
CM,RW,visa_free,30
CM,SA,visa_required,
CM,SB,visa_required,
CM,SC,visa_free,90
CM,SD,visa_required,
CM,SE,visa_required,
CM,SG,visa_free,30
CM,SI,visa_required,
CM,SK,visa_required,
CM,SL,visa_on_arrival,
CM,SM,visa_required,
CM,SN,visa_on_arrival,
CM,SO,e_visa,
CM,SR,e_visa,
CM,SS,e_visa,
CM,ST,e_visa,
CM,SV,e_visa,
CM,SY,e_visa,
CM,SZ,visa_required,
CM,TD,visa_free,90
CM,TG,e_visa,
CM,TH,visa_required,
CM,TJ,e_visa,
CM,TL,visa_on_arrival,
CM,TM,visa_required,
CM,TN,visa_required,
CM,TO,visa_required,
CM,TR,visa_required,
CM,TT,visa_required,
CM,TV,visa_on_arrival,
CM,TW,visa_required,
CM,TZ,visa_on_arrival,
CM,UA,visa_required,
CM,UG,e_visa,
CM,US,visa_required,
CM,UY,visa_required,
CM,UZ,e_visa,
CM,VA,visa_required,
CM,VC,visa_required,
CM,VE,visa_required,
CM,VN,e_visa,
CM,VU,visa_free,120
CM,WS,visa_on_arrival,
CM,XK,visa_required,
CM,YE,visa_required,
CM,ZA,e_visa,
CM,ZM,e_visa,
CM,ZW,e_visa,
CN,AD,visa_required,
CN,AE,visa_free,30
CN,AF,visa_required,
CN,AG,visa_free,30
CN,AL,visa_free,90
CN,AM,visa_free,180
CN,AO,visa_free,30
CN,AR,visa_required,
CN,AT,visa_required,
CN,AU,e_visa,
CN,AZ,visa_free,30
CN,BA,visa_free,90
CN,BB,visa_free,30
CN,BD,visa_on_arrival,
CN,BE,visa_required,
CN,BF,e_visa,
CN,BG,visa_required,
CN,BH,visa_on_arrival,
CN,BI,visa_on_arrival,
CN,BJ,visa_free,30
CN,BN,visa_on_arrival,
CN,BO,visa_on_arrival,
CN,BR,visa_required,
CN,BS,visa_free,90
CN,BT,e_visa,
CN,BW,e_visa,
CN,BY,visa_free,30
CN,BZ,visa_required,
CN,CA,visa_required,
CN,CD,e_visa,
CN,CF,visa_required,
CN,CG,visa_required,
CN,CH,visa_required,
CN,CI,eta,
CN,CL,visa_required,
CN,CM,e_visa,
CN,CO,e_visa,
CN,CR,visa_required,
CN,CU,visa_free,90
CN,CV,visa_on_arrival,
CN,CY,visa_required,
CN,CZ,visa_required,
CN,DE,visa_required,
CN,DJ,visa_on_arrival,
CN,DK,visa_required,
CN,DM,visa_free,180
CN,DO,visa_required,
CN,DZ,visa_required,
CN,EC,e_visa,
CN,EE,visa_required,
CN,EG,visa_on_arrival,
CN,ER,visa_required,
CN,ES,visa_required,
CN,ET,visa_on_arrival,
CN,FI,visa_required,
CN,FJ,visa_free,120
CN,FM,visa_free,30
CN,FR,visa_required,
CN,GA,e_visa,
CN,GB,visa_required,
CN,GD,visa_free,30
CN,GE,visa_free,30
CN,GH,visa_on_arrival,
CN,GM,visa_required,
CN,GN,e_visa,
CN,GQ,e_visa,
CN,GR,visa_required,
CN,GT,visa_required,
CN,GW,visa_on_arrival,
CN,GY,visa_required,
CN,HK,visa_required,
CN,HN,visa_required,
CN,HR,visa_required,
CN,HT,visa_free,90
CN,HU,visa_required,
CN,ID,visa_on_arrival,
CN,IE,visa_required,
CN,IL,visa_required,
CN,IN,visa_required,
CN,IQ,visa_on_arrival,
CN,IR,visa_free,21
CN,IS,visa_required,
CN,IT,visa_required,
CN,JM,visa_free,30
CN,JO,visa_on_arrival,
CN,JP,e_visa,
CN,KE,eta,
CN,KG,e_visa,
CN,KH,visa_on_arrival,
CN,KI,visa_free,90
CN,KM,visa_on_arrival,
CN,KN,visa_free,90
CN,KP,visa_required,
CN,KR,e_visa,
CN,KW,visa_required,
CN,KZ,visa_free,30
CN,LA,visa_on_arrival,
CN,LB,visa_on_arrival,
CN,LC,visa_free,42
CN,LI,visa_required,
CN,LK,visa_on_arrival,
CN,LR,visa_required,
CN,LS,e_visa,
CN,LT,visa_required,
CN,LU,visa_required,
CN,LV,visa_required,
CN,LY,e_visa,
CN,MA,visa_free,90
CN,MC,visa_required,
CN,MD,e_visa,
CN,ME,visa_required,
CN,MG,visa_on_arrival,
CN,MH,visa_required,
CN,MK,visa_required,
CN,ML,visa_required,
CN,MM,visa_on_arrival,
CN,MN,e_visa,
CN,MO,visa_required,
CN,MR,visa_on_arrival,
CN,MT,visa_required,
CN,MU,visa_free,90
CN,MV,visa_free,30
CN,MW,visa_free,30
CN,MX,visa_required,
CN,MY,visa_free,30
CN,MZ,visa_free,30
CN,NA,visa_required,
CN,NE,visa_required,
CN,NG,e_visa,
CN,NI,visa_required,
CN,NL,visa_required,
CN,NO,visa_required,
CN,NP,visa_on_arrival,
CN,NR,visa_required,
CN,NZ,visa_required,
CN,OM,visa_on_arrival,
CN,PA,visa_required,
CN,PE,visa_required,
CN,PG,eta,
CN,PH,visa_required,
CN,PK,eta,
CN,PL,visa_required,
CN,PS,visa_free,
CN,PT,visa_required,
CN,PW,visa_on_arrival,
CN,PY,visa_required,
CN,QA,visa_free,30
CN,RO,visa_required,
CN,RS,visa_free,30
CN,RU,e_visa,
CN,RW,visa_on_arrival,
CN,SA,visa_on_arrival,
CN,SB,visa_on_arrival,
CN,SC,visa_free,90
CN,SD,visa_required,
CN,SE,visa_required,
CN,SG,visa_free,30
CN,SI,visa_required,
CN,SK,visa_required,
CN,SL,visa_on_arrival,
CN,SM,visa_required,
CN,SN,visa_on_arrival,
CN,SO,visa_on_arrival,
CN,SR,visa_free,30
CN,SS,e_visa,
CN,ST,visa_on_arrival,
CN,SV,e_visa,
CN,SY,e_visa,
CN,SZ,visa_required,
CN,TD,visa_required,
CN,TG,e_visa,
CN,TH,visa_free,60
CN,TJ,e_visa,
CN,TL,visa_on_arrival,
CN,TM,visa_required,
CN,TN,visa_free,90
CN,TO,visa_on_arrival,
CN,TR,e_visa,
CN,TT,visa_required,
CN,TV,visa_on_arrival,
CN,TW,visa_required,
CN,TZ,visa_on_arrival,
CN,UA,visa_required,
CN,UG,e_visa,
CN,US,visa_required,
CN,UY,visa_required,
CN,UZ,visa_free,10
CN,VA,visa_required,
CN,VC,visa_required,
CN,VE,visa_required,
CN,VN,e_visa,
CN,VU,visa_free,120
CN,WS,visa_on_arrival,
CN,XK,visa_required,
CN,YE,visa_required,
CN,ZA,e_visa,
CN,ZM,visa_free,90
CN,ZW,visa_on_arrival,
CO,AD,visa_free,90
CO,AE,visa_free,90
CO,AF,visa_required,
CO,AG,visa_free,
CO,AL,visa_free,90
CO,AM,e_visa,
CO,AO,visa_required,
CO,AR,visa_free,90
CO,AT,visa_free,90
CO,AU,e_visa,
CO,AZ,e_visa,
CO,BA,visa_free,90
CO,BB,visa_free,90
CO,BD,visa_on_arrival,
CO,BE,visa_free,90
CO,BF,visa_on_arrival,
CO,BG,visa_free,90
CO,BH,visa_on_arrival,
CO,BI,visa_on_arrival,
CO,BJ,e_visa,
CO,BN,visa_required,
CO,BO,visa_free,90
CO,BR,visa_free,90
CO,BS,visa_free,90
CO,BT,e_visa,
CO,BW,e_visa,
CO,BY,visa_required,
CO,BZ,visa_free,30
CO,CA,visa_required,
CO,CD,e_visa,
CO,CF,visa_required,
CO,CG,visa_required,
CO,CH,visa_free,90
CO,CI,eta,
CO,CL,visa_free,90
CO,CM,e_visa,
CO,CN,visa_required,
CO,CR,visa_required,
CO,CU,e_visa,
CO,CV,visa_on_arrival,
CO,CY,visa_free,90
CO,CZ,visa_free,90
CO,DE,visa_free,90
CO,DJ,visa_on_arrival,
CO,DK,visa_free,90
CO,DM,visa_free,21
CO,DO,visa_free,
CO,DZ,visa_required,
CO,EC,visa_free,90
CO,EE,visa_free,90
CO,EG,visa_on_arrival,
CO,ER,visa_required,
CO,ES,visa_free,90
CO,ET,e_visa,
CO,FI,visa_free,90
CO,FJ,visa_free,120
CO,FM,visa_free,30
CO,FR,visa_free,90
CO,GA,e_visa,
CO,GB,visa_required,
CO,GD,visa_required,
CO,GE,visa_free,360
CO,GH,visa_on_arrival,
CO,GM,visa_required,
CO,GN,e_visa,
CO,GQ,e_visa,
CO,GR,visa_free,90
CO,GT,visa_free,90
CO,GW,visa_on_arrival,
CO,GY,visa_free,90
CO,HK,visa_free,90
CO,HN,visa_free,90
CO,HR,visa_free,90
CO,HT,visa_required,
CO,HU,visa_free,90
CO,ID,visa_free,30
CO,IE,visa_required,
CO,IL,visa_free,90
CO,IN,e_visa,
CO,IQ,e_visa,
CO,IR,visa_required,
CO,IS,visa_free,90
CO,IT,visa_free,90
CO,JM,visa_free,30
CO,JO,visa_on_arrival,
CO,JP,visa_required,
CO,KE,eta,
CO,KG,e_visa,
CO,KH,visa_on_arrival,
CO,KI,visa_free,90
CO,KM,visa_on_arrival,
CO,KN,visa_free,90
CO,KP,visa_required,
CO,KR,visa_free,90
CO,KW,visa_required,
CO,KZ,visa_free,30
CO,LA,visa_on_arrival,
CO,LB,visa_required,
CO,LC,visa_required,
CO,LI,visa_free,90
CO,LK,visa_on_arrival,
CO,LR,visa_required,
CO,LS,e_visa,
CO,LT,visa_free,90
CO,LU,visa_free,90
CO,LV,visa_free,90
CO,LY,e_visa,
CO,MA,visa_free,90
CO,MC,visa_free,90
CO,MD,visa_free,90
CO,ME,visa_free,90
CO,MG,visa_on_arrival,
CO,MH,visa_on_arrival,
CO,MK,visa_free,90
CO,ML,visa_required,
CO,MM,e_visa,
CO,MN,e_visa,
CO,MO,visa_on_arrival,
CO,MR,visa_on_arrival,
CO,MT,visa_free,90
CO,MU,visa_on_arrival,
CO,MV,visa_on_arrival,
CO,MW,e_visa,
CO,MX,visa_free,180
CO,MY,e_visa,
CO,MZ,visa_on_arrival,
CO,NA,visa_required,
CO,NE,visa_required,
CO,NG,e_visa,
CO,NI,visa_on_arrival,
CO,NL,visa_free,90
CO,NO,visa_free,90
CO,NP,visa_on_arrival,
CO,NR,visa_required,
CO,NZ,visa_required,
CO,OM,visa_on_arrival,
CO,PA,visa_free,90
CO,PE,visa_free,180
CO,PG,e_visa,
CO,PH,visa_free,30
CO,PK,e_visa,
CO,PL,visa_free,90
CO,PS,visa_free,
CO,PT,visa_free,90
CO,PW,visa_on_arrival,
CO,PY,visa_free,90
CO,QA,visa_on_arrival,
CO,RO,visa_free,90
CO,RS,visa_free,30
CO,RU,visa_free,90
CO,RW,visa_on_arrival,
CO,SA,visa_required,
CO,SB,visa_required,
CO,SC,visa_free,90
CO,SD,visa_required,
CO,SE,visa_free,90
CO,SG,visa_free,30
CO,SI,visa_free,90
CO,SK,visa_free,90
CO,SL,e_visa,
CO,SM,visa_free,90
CO,SN,visa_required,
CO,SO,e_visa,
CO,SR,visa_required,
CO,SS,e_visa,
CO,ST,e_visa,
CO,SV,visa_free,180
CO,SY,e_visa,
CO,SZ,visa_required,
CO,TD,visa_required,
CO,TG,e_visa,
CO,TH,visa_free,60
CO,TJ,e_visa,
CO,TL,visa_on_arrival,
CO,TM,visa_required,
CO,TN,visa_required,
CO,TO,visa_required,
CO,TR,visa_free,90
CO,TT,visa_free,90
CO,TV,visa_on_arrival,
CO,TW,e_visa,
CO,TZ,visa_on_arrival,
CO,UA,visa_free,90
CO,UG,e_visa,
CO,US,visa_required,
CO,UY,visa_free,90
CO,UZ,e_visa,
CO,VA,visa_free,90
CO,VC,visa_free,90
CO,VE,visa_free,90
CO,VN,e_visa,
CO,VU,visa_required,
CO,WS,visa_on_arrival,
CO,XK,visa_free,90
CO,YE,visa_required,
CO,ZA,visa_required,
CO,ZM,visa_on_arrival,
CO,ZW,e_visa,
CR,AD,visa_free,90
CR,AE,visa_free,90
CR,AF,visa_required,
CR,AG,e_visa,
CR,AL,visa_free,90
CR,AM,e_visa,
CR,AO,visa_required,
CR,AR,visa_free,90
CR,AT,visa_free,90
CR,AU,e_visa,
CR,AZ,e_visa,
CR,BA,visa_free,90
CR,BB,visa_free,30
CR,BD,visa_on_arrival,
CR,BE,visa_free,90
CR,BF,e_visa,
CR,BG,visa_free,90
CR,BH,e_visa,
CR,BI,visa_on_arrival,
CR,BJ,e_visa,
CR,BN,visa_free,14
CR,BO,visa_free,90
CR,BR,visa_free,90
CR,BS,visa_free,90
CR,BT,e_visa,
CR,BW,visa_free,90
CR,BY,visa_required,
CR,BZ,visa_free,30
CR,CA,visa_required,
CR,CD,e_visa,
CR,CF,visa_required,
CR,CG,visa_required,
CR,CH,visa_free,90
CR,CI,eta,
CR,CL,visa_free,90
CR,CM,e_visa,
CR,CN,visa_required,
CR,CO,visa_free,90
CR,CU,e_visa,
CR,CV,visa_on_arrival,
CR,CY,visa_free,90
CR,CZ,visa_free,90
CR,DE,visa_free,90
CR,DJ,visa_on_arrival,
CR,DK,visa_free,90
CR,DM,visa_free,180
CR,DO,visa_free,
CR,DZ,visa_required,
CR,EC,visa_free,90
CR,EE,visa_free,90
CR,EG,visa_on_arrival,
CR,ER,visa_required,
CR,ES,visa_free,90
CR,ET,e_visa,
CR,FI,visa_free,90
CR,FJ,visa_required,
CR,FM,visa_free,30
CR,FR,visa_free,90
CR,GA,e_visa,
CR,GB,eta,
CR,GD,visa_free,90
CR,GE,visa_free,360
CR,GH,visa_on_arrival,
CR,GM,visa_required,
CR,GN,e_visa,
CR,GQ,e_visa,
CR,GR,visa_free,90
CR,GT,visa_free,90
CR,GW,visa_on_arrival,
CR,GY,visa_free,90
CR,HK,visa_free,30
CR,HN,visa_free,90
CR,HR,visa_free,90
CR,HT,visa_free,90
CR,HU,visa_free,90
CR,ID,e_visa,
CR,IE,visa_free,90
CR,IL,visa_free,90
CR,IN,e_visa,
CR,IQ,e_visa,
CR,IR,visa_on_arrival,
CR,IS,visa_free,90
CR,IT,visa_free,90
CR,JM,visa_free,30
CR,JO,visa_on_arrival,
CR,JP,visa_free,90
CR,KE,eta,
CR,KG,e_visa,
CR,KH,visa_on_arrival,
CR,KI,visa_free,90
CR,KM,visa_on_arrival,
CR,KN,visa_free,90
CR,KP,visa_required,
CR,KR,eta,
CR,KW,visa_required,
CR,KZ,e_visa,
CR,LA,visa_on_arrival,
CR,LB,visa_on_arrival,
CR,LC,visa_free,42
CR,LI,visa_free,90
CR,LK,visa_on_arrival,
CR,LR,visa_required,
CR,LS,e_visa,
CR,LT,visa_free,90
CR,LU,visa_free,90
CR,LV,visa_free,90
CR,LY,e_visa,
CR,MA,visa_required,
CR,MC,visa_free,90
CR,MD,visa_free,90
CR,ME,visa_free,90
CR,MG,visa_on_arrival,
CR,MH,visa_on_arrival,
CR,MK,visa_free,90
CR,ML,visa_required,
CR,MM,e_visa,
CR,MN,e_visa,
CR,MO,visa_on_arrival,
CR,MR,visa_on_arrival,
CR,MT,visa_free,90
CR,MU,visa_on_arrival,
CR,MV,visa_on_arrival,
CR,MW,visa_on_arrival,
CR,MX,visa_free,180
CR,MY,visa_free,30
CR,MZ,visa_on_arrival,
CR,NA,visa_required,
CR,NE,visa_required,
CR,NG,e_visa,
CR,NI,visa_free,90
CR,NL,visa_free,90
CR,NO,visa_free,90
CR,NP,visa_on_arrival,
CR,NR,visa_required,
CR,NZ,visa_required,
CR,OM,e_visa,
CR,PA,visa_free,90
CR,PE,visa_free,90
CR,PG,e_visa,
CR,PH,visa_free,30
CR,PK,eta,
CR,PL,visa_free,90
CR,PS,visa_free,
CR,PT,visa_free,90
CR,PW,visa_on_arrival,
CR,PY,visa_free,90
CR,QA,visa_on_arrival,
CR,RO,visa_free,90
CR,RS,visa_free,90
CR,RU,visa_free,90
CR,RW,visa_on_arrival,
CR,SA,visa_required,
CR,SB,visa_required,
CR,SC,visa_free,90
CR,SD,visa_required,
CR,SE,visa_free,90
CR,SG,visa_free,30
CR,SI,visa_free,90
CR,SK,visa_free,90
CR,SL,e_visa,
CR,SM,visa_free,90
CR,SN,visa_on_arrival,
CR,SO,e_visa,
CR,SR,visa_required,
CR,SS,e_visa,
CR,ST,e_visa,
CR,SV,visa_free,180
CR,SY,e_visa,
CR,SZ,visa_required,
CR,TD,visa_required,
CR,TG,e_visa,
CR,TH,visa_on_arrival,
CR,TJ,visa_free,30
CR,TL,visa_on_arrival,
CR,TM,visa_required,
CR,TN,visa_free,90
CR,TO,visa_required,
CR,TR,visa_free,30
CR,TT,visa_free,90
CR,TV,visa_on_arrival,
CR,TW,visa_required,
CR,TZ,visa_on_arrival,
CR,UA,visa_required,
CR,UG,e_visa,
CR,US,visa_required,
CR,UY,visa_free,90
CR,UZ,visa_free,30
CR,VA,visa_free,90
CR,VC,visa_free,90
CR,VE,visa_free,90
CR,VN,e_visa,
CR,VU,visa_required,
CR,WS,visa_on_arrival,
CR,XK,visa_free,90
CR,YE,visa_required,
CR,ZA,visa_free,30
CR,ZM,visa_on_arrival,
CR,ZW,visa_on_arrival,
CU,AD,visa_required,
CU,AE,e_visa,
CU,AF,visa_required,
CU,AG,visa_free,30
CU,AL,e_visa,
CU,AM,e_visa,
CU,AO,e_visa,
CU,AR,visa_required,
CU,AT,visa_required,
CU,AU,e_visa,
CU,AZ,e_visa,
CU,BA,visa_required,
CU,BB,visa_free,28
CU,BD,visa_on_arrival,
CU,BE,visa_required,
CU,BF,visa_on_arrival,
CU,BG,visa_required,
CU,BH,e_visa,
CU,BI,visa_on_arrival,
CU,BJ,e_visa,
CU,BN,visa_required,
CU,BO,visa_on_arrival,
CU,BR,visa_required,
CU,BS,e_visa,
CU,BT,e_visa,
CU,BW,visa_free,90
CU,BY,visa_free,30
CU,BZ,visa_required,
CU,CA,visa_required,
CU,CD,e_visa,
CU,CF,visa_required,
CU,CG,visa_required,
CU,CH,visa_required,
CU,CI,eta,
CU,CL,visa_required,
CU,CM,e_visa,
CU,CN,visa_required,
CU,CO,e_visa,
CU,CR,visa_required,
CU,CV,visa_on_arrival,
CU,CY,visa_required,
CU,CZ,visa_required,
CU,DE,visa_required,
CU,DJ,visa_on_arrival,
CU,DK,visa_required,
CU,DM,visa_free,28
CU,DO,visa_required,
CU,DZ,visa_required,
CU,EC,e_visa,
CU,EE,visa_required,
CU,EG,visa_on_arrival,
CU,ER,visa_required,
CU,ES,visa_required,
CU,ET,e_visa,
CU,FI,visa_required,
CU,FJ,visa_free,120
CU,FM,visa_free,30
CU,FR,visa_required,
CU,GA,e_visa,
CU,GB,visa_required,
CU,GD,visa_free,60
CU,GE,e_visa,
CU,GH,visa_on_arrival,
CU,GM,visa_free,90
CU,GN,e_visa,
CU,GQ,e_visa,
CU,GR,visa_required,
CU,GT,visa_required,
CU,GW,visa_on_arrival,
CU,GY,visa_free,90
CU,HK,e_visa,
CU,HN,visa_required,
CU,HR,visa_required,
CU,HT,visa_required,
CU,HU,visa_required,
CU,ID,e_visa,
CU,IE,visa_required,
CU,IL,visa_required,
CU,IN,e_visa,
CU,IQ,e_visa,
CU,IR,visa_free,15
CU,IS,visa_required,
CU,IT,visa_required,
CU,JM,visa_required,
CU,JO,visa_required,
CU,JP,visa_required,
CU,KE,eta,
CU,KG,visa_free,
CU,KH,visa_on_arrival,
CU,KI,visa_free,90
CU,KM,visa_on_arrival,
CU,KN,visa_free,
CU,KP,visa_required,
CU,KR,e_visa,
CU,KW,visa_required,
CU,KZ,e_visa,
CU,LA,visa_on_arrival,
CU,LB,visa_required,
CU,LC,visa_free,42
CU,LI,visa_required,
CU,LK,visa_on_arrival,
CU,LR,visa_required,
CU,LS,e_visa,
CU,LT,visa_required,
CU,LU,visa_required,
CU,LV,visa_required,
CU,LY,e_visa,
CU,MA,visa_required,
CU,MC,visa_required,
CU,MD,visa_free,
CU,ME,visa_required,
CU,MG,visa_on_arrival,
CU,MH,visa_on_arrival,
CU,MK,visa_required,
CU,ML,visa_required,
CU,MM,visa_required,
CU,MN,visa_free,30
CU,MO,visa_on_arrival,
CU,MR,visa_on_arrival,
CU,MT,visa_required,
CU,MU,visa_on_arrival,
CU,MV,visa_on_arrival,
CU,MW,e_visa,
CU,MX,visa_required,
CU,MY,visa_free,90
CU,MZ,visa_on_arrival,
CU,NA,visa_free,90
CU,NE,visa_required,
CU,NG,e_visa,
CU,NI,visa_free,90
CU,NL,visa_required,
CU,NO,visa_required,
CU,NP,visa_on_arrival,
CU,NR,visa_required,
CU,NZ,visa_required,
CU,OM,e_visa,
CU,PA,visa_required,
CU,PE,visa_required,
CU,PG,e_visa,
CU,PH,visa_required,
CU,PK,e_visa,
CU,PL,visa_required,
CU,PS,visa_free,
CU,PT,visa_required,
CU,PW,visa_on_arrival,
CU,PY,visa_required,
CU,QA,visa_on_arrival,
CU,RO,visa_required,
CU,RS,visa_required,
CU,RU,visa_free,90
CU,RW,visa_on_arrival,
CU,SA,visa_required,
CU,SB,visa_required,
CU,SC,visa_free,90
CU,SD,visa_required,
CU,SE,visa_required,
CU,SG,visa_free,30
CU,SI,visa_required,
CU,SK,visa_required,
CU,SL,e_visa,
CU,SM,visa_required,
CU,SN,visa_required,
CU,SO,e_visa,
CU,SR,e_visa,
CU,SS,e_visa,
CU,ST,e_visa,
CU,SV,e_visa,
CU,SY,e_visa,
CU,SZ,visa_required,
CU,TD,visa_required,
CU,TG,e_visa,
CU,TH,visa_free,60
CU,TJ,visa_free,30
CU,TL,visa_on_arrival,
CU,TM,visa_required,
CU,TN,visa_required,
CU,TO,visa_required,
CU,TR,visa_required,
CU,TT,visa_free,90
CU,TV,visa_on_arrival,
CU,TW,visa_required,
CU,TZ,visa_on_arrival,
CU,UA,visa_required,
CU,UG,e_visa,
CU,US,visa_required,
CU,UY,visa_required,
CU,UZ,visa_free,30
CU,VA,visa_required,
CU,VC,visa_free,90
CU,VE,visa_required,
CU,VN,e_visa,
CU,VU,visa_free,120
CU,WS,visa_on_arrival,
CU,XK,visa_required,
CU,YE,visa_required,
CU,ZA,e_visa,
CU,ZM,visa_on_arrival,
CU,ZW,visa_on_arrival,
CV,AD,visa_required,
CV,AE,e_visa,
CV,AF,visa_required,
CV,AG,e_visa,
CV,AL,e_visa,
CV,AM,visa_required,
CV,AO,visa_free,30
CV,AR,visa_required,
CV,AT,visa_required,
CV,AU,e_visa,
CV,AZ,visa_required,
CV,BA,visa_required,
CV,BB,visa_free,90
CV,BD,visa_on_arrival,
CV,BE,visa_required,
CV,BF,visa_free,
CV,BG,visa_required,
CV,BH,e_visa,
CV,BI,visa_on_arrival,
CV,BJ,visa_free,90
CV,BN,visa_required,
CV,BO,visa_on_arrival,
CV,BR,visa_required,
CV,BS,visa_free,90
CV,BT,e_visa,
CV,BW,e_visa,
CV,BY,visa_required,
CV,BZ,visa_required,
CV,CA,visa_required,
CV,CD,e_visa,
CV,CF,visa_required,
CV,CG,visa_required,
CV,CH,visa_required,
CV,CI,visa_free,90
CV,CL,visa_required,
CV,CM,e_visa,
CV,CN,visa_required,
CV,CO,e_visa,
CV,CR,visa_required,
CV,CU,e_visa,
CV,CY,visa_required,
CV,CZ,visa_required,
CV,DE,visa_required,
CV,DJ,visa_on_arrival,
CV,DK,visa_required,
CV,DM,visa_free,21
CV,DO,visa_required,
CV,DZ,visa_required,
CV,EC,visa_free,90
CV,EE,visa_required,
CV,EG,visa_required,
CV,ER,visa_required,
CV,ES,visa_required,
CV,ET,visa_on_arrival,
CV,FI,visa_required,
CV,FJ,visa_required,
CV,FM,visa_free,30
CV,FR,visa_required,
CV,GA,e_visa,
CV,GB,visa_required,
CV,GD,visa_required,
CV,GE,e_visa,
CV,GH,visa_free,
CV,GM,visa_free,90
CV,GN,visa_free,
CV,GQ,e_visa,
CV,GR,visa_required,
CV,GT,visa_required,
CV,GW,visa_free,
CV,GY,visa_required,
CV,HK,visa_free,30
CV,HN,visa_required,
CV,HR,visa_required,
CV,HT,visa_free,90
CV,HU,visa_required,
CV,ID,e_visa,
CV,IE,visa_required,
CV,IL,visa_required,
CV,IN,e_visa,
CV,IQ,e_visa,
CV,IR,visa_on_arrival,
CV,IS,visa_required,
CV,IT,visa_required,
CV,JM,visa_required,
CV,JO,visa_on_arrival,
CV,JP,visa_required,
CV,KE,eta,
CV,KG,e_visa,
CV,KH,visa_on_arrival,
CV,KI,visa_required,
CV,KM,visa_on_arrival,
CV,KN,e_visa,
CV,KP,visa_required,
CV,KR,e_visa,
CV,KW,visa_required,
CV,KZ,visa_required,
CV,LA,visa_on_arrival,
CV,LB,visa_required,
CV,LC,visa_on_arrival,
CV,LI,visa_required,
CV,LK,visa_on_arrival,
CV,LR,visa_free,
CV,LS,e_visa,
CV,LT,visa_required,
CV,LU,visa_required,
CV,LV,visa_required,
CV,LY,e_visa,
CV,MA,visa_free,90
CV,MC,visa_required,
CV,MD,e_visa,
CV,ME,visa_required,
CV,MG,visa_on_arrival,
CV,MH,visa_on_arrival,
CV,MK,visa_required,
CV,ML,visa_free,
CV,MM,visa_required,
CV,MN,e_visa,
CV,MO,visa_free,90
CV,MR,visa_on_arrival,
CV,MT,visa_required,
CV,MU,visa_free,90
CV,MV,visa_on_arrival,
CV,MW,visa_on_arrival,
CV,MX,visa_required,
CV,MY,visa_free,30
CV,MZ,visa_on_arrival,
CV,NA,visa_on_arrival,
CV,NE,visa_free,
CV,NG,visa_free,
CV,NI,visa_on_arrival,
CV,NL,visa_required,
CV,NO,visa_required,
CV,NP,visa_on_arrival,
CV,NR,visa_required,
CV,NZ,visa_required,
CV,OM,e_visa,
CV,PA,visa_required,
CV,PE,visa_required,
CV,PG,e_visa,
CV,PH,visa_free,30
CV,PK,e_visa,
CV,PL,visa_required,
CV,PS,visa_free,
CV,PT,visa_required,
CV,PW,visa_on_arrival,
CV,PY,visa_required,
CV,QA,e_visa,
CV,RO,visa_required,
CV,RS,visa_required,
CV,RU,visa_free,60
CV,RW,visa_free,30
CV,SA,visa_required,
CV,SB,visa_required,
CV,SC,visa_free,90
CV,SD,visa_required,
CV,SE,visa_required,
CV,SG,visa_free,30
CV,SI,visa_required,
CV,SK,visa_required,
CV,SL,visa_free,
CV,SM,visa_required,
CV,SN,visa_free,90
CV,SO,e_visa,
CV,SR,visa_required,
CV,SS,e_visa,
CV,ST,visa_free,
CV,SV,e_visa,
CV,SY,e_visa,
CV,SZ,visa_required,
CV,TD,visa_required,
CV,TG,visa_free,
CV,TH,visa_required,
CV,TJ,e_visa,
CV,TL,visa_free,30
CV,TM,visa_required,
CV,TN,visa_free,90
CV,TO,visa_required,
CV,TR,visa_required,
CV,TT,visa_required,
CV,TV,visa_on_arrival,
CV,TW,visa_required,
CV,TZ,visa_on_arrival,
CV,UA,visa_required,
CV,UG,e_visa,
CV,US,visa_required,
CV,UY,visa_required,
CV,UZ,e_visa,
CV,VA,visa_required,
CV,VC,visa_free,90
CV,VE,visa_required,
CV,VN,e_visa,
CV,VU,visa_required,
CV,WS,visa_on_arrival,
CV,XK,visa_required,
CV,YE,visa_required,
CV,ZA,visa_free,30
CV,ZM,visa_on_arrival,
CV,ZW,visa_on_arrival,
CY,AD,visa_free,
CY,AE,visa_free,90
CY,AF,visa_required,
CY,AG,visa_free,180
CY,AL,visa_free,90
CY,AM,visa_free,180
CY,AO,visa_free,30
CY,AR,visa_free,90
CY,AT,freedom_of_movement,
CY,AU,eta,
CY,AZ,e_visa,
CY,BA,visa_free,90
CY,BB,visa_free,90
CY,BD,visa_on_arrival,
CY,BE,freedom_of_movement,
CY,BF,e_visa,
CY,BG,freedom_of_movement,
CY,BH,visa_on_arrival,
CY,BI,visa_on_arrival,
CY,BJ,e_visa,
CY,BN,visa_free,90
CY,BO,visa_on_arrival,
CY,BR,visa_free,90
CY,BS,visa_free,90
CY,BT,e_visa,
CY,BW,visa_free,90
CY,BY,visa_free,30
CY,BZ,visa_free,
CY,CA,eta,
CY,CD,e_visa,
CY,CF,visa_required,
CY,CG,visa_required,
CY,CH,freedom_of_movement,
CY,CI,eta,
CY,CL,visa_free,90
CY,CM,e_visa,
CY,CN,visa_free,30
CY,CO,visa_free,90
CY,CR,visa_free,180
CY,CU,e_visa,
CY,CV,visa_free,30
CY,CZ,freedom_of_movement,
CY,DE,freedom_of_movement,
CY,DJ,visa_on_arrival,
CY,DK,freedom_of_movement,
CY,DM,visa_free,180
CY,DO,visa_free,
CY,DZ,visa_required,
CY,EC,visa_free,90
CY,EE,freedom_of_movement,
CY,EG,visa_on_arrival,
CY,ER,visa_required,
CY,ES,freedom_of_movement,
CY,ET,visa_on_arrival,
CY,FI,freedom_of_movement,
CY,FJ,visa_free,120
CY,FM,visa_free,90
CY,FR,freedom_of_movement,
CY,GA,e_visa,
CY,GB,visa_free,180
CY,GD,visa_free,90
CY,GE,visa_free,360
CY,GH,visa_on_arrival,
CY,GM,visa_free,90
CY,GN,e_visa,
CY,GQ,e_visa,
CY,GR,freedom_of_movement,
CY,GT,visa_free,90
CY,GW,visa_on_arrival,
CY,GY,visa_required,
CY,HK,visa_free,90
CY,HN,visa_free,90
CY,HR,freedom_of_movement,
CY,HT,visa_free,90
CY,HU,freedom_of_movement,
CY,ID,visa_on_arrival,
CY,IE,freedom_of_movement,
CY,IL,visa_free,90
CY,IN,e_visa,
CY,IQ,visa_on_arrival,
CY,IR,visa_on_arrival,
CY,IS,freedom_of_movement,
CY,IT,freedom_of_movement,
CY,JM,visa_free,
CY,JO,visa_on_arrival,
CY,JP,visa_free,90
CY,KE,eta,
CY,KG,visa_free,60
CY,KH,visa_on_arrival,
CY,KI,visa_free,90
CY,KM,visa_on_arrival,
CY,KN,visa_free,90
CY,KP,visa_required,
CY,KR,visa_free,30
CY,KW,visa_on_arrival,
CY,KZ,visa_free,30
CY,LA,visa_on_arrival,
CY,LB,visa_on_arrival,
CY,LC,visa_free,90
CY,LI,freedom_of_movement,
CY,LK,visa_on_arrival,
CY,LR,visa_required,
CY,LS,e_visa,
CY,LT,freedom_of_movement,
CY,LU,freedom_of_movement,
CY,LV,freedom_of_movement,
CY,LY,e_visa,
CY,MA,visa_free,90
CY,MC,visa_free,
CY,MD,visa_free,90
CY,ME,visa_free,90
CY,MG,visa_on_arrival,
CY,MH,visa_free,90
CY,MK,visa_free,90
CY,ML,visa_required,
CY,MM,e_visa,
CY,MN,visa_free,30
CY,MO,visa_free,90
CY,MR,visa_on_arrival,
CY,MT,freedom_of_movement,
CY,MU,visa_free,90
CY,MV,visa_on_arrival,
CY,MW,visa_free,30
CY,MX,visa_free,180
CY,MY,visa_free,90
CY,MZ,visa_on_arrival,
CY,NA,visa_required,
CY,NE,visa_required,
CY,NG,e_visa,
CY,NI,visa_free,90
CY,NL,freedom_of_movement,
CY,NO,freedom_of_movement,
CY,NP,visa_on_arrival,
CY,NR,visa_required,
CY,NZ,eta,
CY,OM,visa_on_arrival,
CY,PA,visa_free,90
CY,PE,visa_free,90
CY,PG,eta,
CY,PH,visa_free,30
CY,PK,e_visa,
CY,PL,freedom_of_movement,
CY,PS,visa_free,
CY,PT,freedom_of_movement,
CY,PW,visa_free,90
CY,PY,visa_free,90
CY,QA,visa_on_arrival,
CY,RO,freedom_of_movement,
CY,RS,visa_free,90
CY,RU,e_visa,
CY,RW,visa_free,30
CY,SA,visa_on_arrival,
CY,SB,visa_free,90
CY,SC,visa_free,90
CY,SD,visa_required,
CY,SE,freedom_of_movement,
CY,SG,visa_free,90
CY,SI,freedom_of_movement,
CY,SK,freedom_of_movement,
CY,SL,visa_on_arrival,
CY,SM,visa_free,
CY,SN,visa_free,90
CY,SO,visa_on_arrival,
CY,SR,visa_required,
CY,SS,e_visa,
CY,ST,visa_free,15
CY,SV,visa_free,180
CY,SY,e_visa,
CY,SZ,visa_free,30
CY,TD,visa_required,
CY,TG,e_visa,
CY,TH,visa_free,60
CY,TJ,visa_free,30
CY,TL,visa_free,90
CY,TM,visa_required,
CY,TN,visa_required,
CY,TO,visa_free,90
CY,TR,visa_on_arrival,
CY,TT,visa_free,90
CY,TV,visa_free,90
CY,TW,visa_free,90
CY,TZ,visa_free,90
CY,UA,visa_free,90
CY,UG,visa_free,90
CY,US,visa_required,
CY,UY,visa_free,90
CY,UZ,visa_free,30
CY,VA,visa_free,
CY,VC,visa_free,90
CY,VE,visa_free,90
CY,VN,e_visa,
CY,VU,visa_free,120
CY,WS,visa_free,90
CY,XK,visa_free,90
CY,YE,visa_required,
CY,ZA,visa_free,30
CY,ZM,visa_free,90
CY,ZW,visa_free,90
CZ,AD,visa_free,
CZ,AE,visa_free,90
CZ,AF,visa_required,
CZ,AG,visa_free,180
CZ,AL,visa_free,90
CZ,AM,visa_free,180
CZ,AO,visa_free,30
CZ,AR,visa_free,90
CZ,AT,freedom_of_movement,
CZ,AU,eta,
CZ,AZ,e_visa,
CZ,BA,visa_free,90
CZ,BB,visa_free,90
CZ,BD,visa_on_arrival,
CZ,BE,freedom_of_movement,
CZ,BF,visa_on_arrival,
CZ,BG,freedom_of_movement,
CZ,BH,visa_on_arrival,
CZ,BI,visa_on_arrival,
CZ,BJ,e_visa,
CZ,BN,visa_free,90
CZ,BO,visa_free,90
CZ,BR,visa_free,90
CZ,BS,visa_free,90
CZ,BT,e_visa,
CZ,BW,visa_free,90
CZ,BY,visa_free,30
CZ,BZ,visa_free,
CZ,CA,eta,
CZ,CD,e_visa,
CZ,CF,visa_required,
CZ,CG,visa_required,
CZ,CH,freedom_of_movement,
CZ,CI,eta,
CZ,CL,visa_free,90
CZ,CM,e_visa,
CZ,CN,visa_required,
CZ,CO,visa_free,90
CZ,CR,visa_free,180
CZ,CU,e_visa,
CZ,CV,visa_free,30
CZ,CY,freedom_of_movement,
CZ,DE,freedom_of_movement,
CZ,DJ,visa_on_arrival,
CZ,DK,freedom_of_movement,
CZ,DM,visa_free,180
CZ,DO,visa_free,
CZ,DZ,visa_required,
CZ,EC,visa_free,90
CZ,EE,freedom_of_movement,
CZ,EG,visa_on_arrival,
CZ,ER,visa_required,
CZ,ES,freedom_of_movement,
CZ,ET,visa_on_arrival,
CZ,FI,freedom_of_movement,
CZ,FJ,visa_free,120
CZ,FM,visa_free,90
CZ,FR,freedom_of_movement,
CZ,GA,e_visa,
CZ,GB,visa_free,180
CZ,GD,visa_free,90
CZ,GE,visa_free,360
CZ,GH,visa_on_arrival,
CZ,GM,visa_free,90
CZ,GN,e_visa,
CZ,GQ,e_visa,
CZ,GR,freedom_of_movement,
CZ,GT,visa_free,90
CZ,GW,visa_on_arrival,
CZ,GY,visa_required,
CZ,HK,visa_free,90
CZ,HN,visa_free,90
CZ,HR,freedom_of_movement,
CZ,HT,visa_free,90
CZ,HU,freedom_of_movement,
CZ,ID,visa_on_arrival,
CZ,IE,freedom_of_movement,
CZ,IL,visa_free,90
CZ,IN,e_visa,
CZ,IQ,visa_on_arrival,
CZ,IR,visa_on_arrival,
CZ,IS,freedom_of_movement,
CZ,IT,freedom_of_movement,
CZ,JM,visa_free,30
CZ,JO,visa_on_arrival,
CZ,JP,visa_free,90
CZ,KE,eta,
CZ,KG,visa_free,60
CZ,KH,visa_on_arrival,
CZ,KI,visa_free,90
CZ,KM,visa_on_arrival,
CZ,KN,visa_free,90
CZ,KP,visa_required,
CZ,KR,visa_free,90
CZ,KW,visa_on_arrival,
CZ,KZ,visa_free,30
CZ,LA,visa_on_arrival,
CZ,LB,visa_on_arrival,
CZ,LC,visa_free,90
CZ,LI,freedom_of_movement,
CZ,LK,visa_on_arrival,
CZ,LR,visa_required,
CZ,LS,visa_free,14
CZ,LT,freedom_of_movement,
CZ,LU,freedom_of_movement,
CZ,LV,freedom_of_movement,
CZ,LY,e_visa,
CZ,MA,visa_free,90
CZ,MC,visa_free,
CZ,MD,visa_free,90
CZ,ME,visa_free,90
CZ,MG,visa_on_arrival,
CZ,MH,visa_free,90
CZ,MK,visa_free,90
CZ,ML,visa_required,
CZ,MM,e_visa,
CZ,MN,visa_free,30
CZ,MO,visa_free,90
CZ,MR,visa_on_arrival,
CZ,MT,freedom_of_movement,
CZ,MU,visa_free,90
CZ,MV,visa_on_arrival,
CZ,MW,visa_on_arrival,
CZ,MX,visa_free,180
CZ,MY,visa_free,90
CZ,MZ,visa_on_arrival,
CZ,NA,visa_on_arrival,
CZ,NE,visa_required,
CZ,NG,e_visa,
CZ,NI,visa_free,90
CZ,NL,freedom_of_movement,
CZ,NO,freedom_of_movement,
CZ,NP,visa_on_arrival,
CZ,NR,visa_required,
CZ,NZ,eta,
CZ,OM,visa_on_arrival,
CZ,PA,visa_free,90
CZ,PE,visa_free,90
CZ,PG,eta,
CZ,PH,visa_free,30
CZ,PK,e_visa,
CZ,PL,freedom_of_movement,
CZ,PS,visa_free,
CZ,PT,freedom_of_movement,
CZ,PW,visa_free,90
CZ,PY,visa_free,90
CZ,QA,visa_on_arrival,
CZ,RO,freedom_of_movement,
CZ,RS,visa_free,90
CZ,RU,e_visa,
CZ,RW,visa_on_arrival,
CZ,SA,visa_on_arrival,
CZ,SB,visa_free,90
CZ,SC,visa_free,90
CZ,SD,visa_required,
CZ,SE,freedom_of_movement,
CZ,SG,visa_free,90
CZ,SI,freedom_of_movement,
CZ,SK,freedom_of_movement,
CZ,SL,visa_on_arrival,
CZ,SM,visa_free,
CZ,SN,visa_free,90
CZ,SO,visa_on_arrival,
CZ,SR,visa_required,
CZ,SS,e_visa,
CZ,ST,visa_free,15
CZ,SV,visa_free,180
CZ,SY,e_visa,
CZ,SZ,visa_free,30
CZ,TD,visa_required,
CZ,TG,e_visa,
CZ,TH,visa_free,60
CZ,TJ,visa_free,30
CZ,TL,visa_free,90
CZ,TM,visa_required,
CZ,TN,visa_free,90
CZ,TO,visa_free,90
CZ,TR,visa_free,90
CZ,TT,visa_free,90
CZ,TV,visa_free,90
CZ,TW,visa_free,90
CZ,TZ,visa_on_arrival,
CZ,UA,visa_free,90
CZ,UG,e_visa,
CZ,US,eta,
CZ,UY,visa_free,90
CZ,UZ,visa_free,30
CZ,VA,visa_free,
CZ,VC,visa_free,90
CZ,VE,visa_free,90
CZ,VN,e_visa,
CZ,VU,visa_free,120
CZ,WS,visa_free,90
CZ,XK,visa_free,90
CZ,YE,visa_required,
CZ,ZA,visa_free,90
CZ,ZM,visa_free,90
CZ,ZW,visa_on_arrival,
DE,AD,visa_free,
DE,AE,visa_free,90
DE,AF,visa_required,
DE,AG,visa_free,180
DE,AL,visa_free,90
DE,AM,visa_free,180
DE,AO,visa_free,30
DE,AR,visa_free,90
DE,AT,freedom_of_movement,
DE,AU,eta,
DE,AZ,e_visa,
DE,BA,visa_free,90
DE,BB,visa_free,90
DE,BD,visa_on_arrival,
DE,BE,freedom_of_movement,
DE,BF,visa_on_arrival,
DE,BG,freedom_of_movement,
DE,BH,visa_on_arrival,
DE,BI,visa_on_arrival,
DE,BJ,e_visa,
DE,BN,visa_free,90
DE,BO,visa_free,90
DE,BR,visa_free,90
DE,BS,visa_free,90
DE,BT,e_visa,
DE,BW,visa_free,90
DE,BY,visa_free,30
DE,BZ,visa_free,
DE,CA,eta,
DE,CD,e_visa,
DE,CF,visa_required,
DE,CG,visa_required,
DE,CH,freedom_of_movement,
DE,CI,eta,
DE,CL,visa_free,90
DE,CM,e_visa,
DE,CN,visa_free,30
DE,CO,visa_free,
DE,CR,visa_free,180
DE,CU,e_visa,
DE,CV,visa_free,30
DE,CY,freedom_of_movement,
DE,CZ,freedom_of_movement,
DE,DJ,visa_on_arrival,
DE,DK,freedom_of_movement,
DE,DM,visa_free,180
DE,DO,visa_free,
DE,DZ,visa_required,
DE,EC,visa_free,90
DE,EE,freedom_of_movement,
DE,EG,visa_on_arrival,
DE,ER,visa_required,
DE,ES,freedom_of_movement,
DE,ET,visa_on_arrival,
DE,FI,freedom_of_movement,
DE,FJ,visa_free,120
DE,FM,visa_free,90
DE,FR,freedom_of_movement,
DE,GA,e_visa,
DE,GB,visa_free,180
DE,GD,visa_free,90
DE,GE,visa_free,360
DE,GH,visa_on_arrival,
DE,GM,visa_free,90
DE,GN,e_visa,
DE,GQ,e_visa,
DE,GR,freedom_of_movement,
DE,GT,visa_free,90
DE,GW,visa_on_arrival,
DE,GY,visa_free,90
DE,HK,visa_free,90
DE,HN,visa_free,90
DE,HR,freedom_of_movement,
DE,HT,visa_free,90
DE,HU,freedom_of_movement,
DE,ID,visa_on_arrival,
DE,IE,freedom_of_movement,
DE,IL,visa_free,90
DE,IN,e_visa,
DE,IQ,visa_on_arrival,
DE,IR,visa_on_arrival,
DE,IS,freedom_of_movement,
DE,IT,freedom_of_movement,
DE,JM,visa_free,90
DE,JO,visa_on_arrival,
DE,JP,visa_free,90
DE,KE,eta,
DE,KG,visa_free,60
DE,KH,visa_on_arrival,
DE,KI,visa_free,90
DE,KM,visa_on_arrival,
DE,KN,visa_free,90
DE,KP,visa_required,
DE,KR,visa_free,90
DE,KW,visa_on_arrival,
DE,KZ,visa_free,30
DE,LA,visa_on_arrival,
DE,LB,visa_on_arrival,
DE,LC,visa_free,90
DE,LI,freedom_of_movement,
DE,LK,visa_on_arrival,
DE,LR,visa_required,
DE,LS,visa_free,14
DE,LT,freedom_of_movement,
DE,LU,freedom_of_movement,
DE,LV,freedom_of_movement,
DE,LY,e_visa,
DE,MA,visa_free,90
DE,MC,visa_free,
DE,MD,visa_free,90
DE,ME,visa_free,90
DE,MG,visa_on_arrival,
DE,MH,visa_free,90
DE,MK,visa_free,90
DE,ML,visa_required,
DE,MM,e_visa,
DE,MN,visa_free,30
DE,MO,visa_free,90
DE,MR,visa_on_arrival,
DE,MT,freedom_of_movement,
DE,MU,visa_free,90
DE,MV,visa_on_arrival,
DE,MW,visa_free,30
DE,MX,visa_free,180
DE,MY,visa_free,
DE,MZ,visa_free,30
DE,NA,visa_free,90
DE,NE,visa_required,
DE,NG,e_visa,
DE,NI,visa_free,90
DE,NL,freedom_of_movement,
DE,NO,freedom_of_movement,
DE,NP,visa_on_arrival,
DE,NR,visa_required,
DE,NZ,eta,
DE,OM,visa_on_arrival,
DE,PA,visa_free,90
DE,PE,visa_free,90
DE,PG,eta,
DE,PH,visa_free,30
DE,PK,eta,
DE,PL,freedom_of_movement,
DE,PS,visa_free,
DE,PT,freedom_of_movement,
DE,PW,visa_free,90
DE,PY,visa_free,90
DE,QA,visa_on_arrival,
DE,RO,freedom_of_movement,
DE,RS,visa_free,90
DE,RU,e_visa,
DE,RW,visa_on_arrival,
DE,SA,visa_on_arrival,
DE,SB,visa_free,90
DE,SC,visa_free,90
DE,SD,visa_required,
DE,SE,freedom_of_movement,
DE,SG,visa_free,90
DE,SI,freedom_of_movement,
DE,SK,freedom_of_movement,
DE,SL,visa_on_arrival,
DE,SM,visa_free,
DE,SN,visa_free,90
DE,SO,visa_on_arrival,
DE,SR,visa_required,
DE,SS,e_visa,
DE,ST,visa_free,15
DE,SV,visa_free,180
DE,SY,e_visa,
DE,SZ,visa_free,30
DE,TD,visa_required,
DE,TG,e_visa,
DE,TH,visa_free,60
DE,TJ,visa_free,30
DE,TL,visa_free,90
DE,TM,visa_required,
DE,TN,visa_free,120
DE,TO,visa_free,90
DE,TR,visa_free,90
DE,TT,visa_free,90
DE,TV,visa_free,90
DE,TW,visa_free,90
DE,TZ,visa_on_arrival,
DE,UA,visa_free,90
DE,UG,e_visa,
DE,US,eta,
DE,UY,visa_free,90
DE,UZ,visa_free,30
DE,VA,visa_free,
DE,VC,visa_free,90
DE,VE,visa_free,90
DE,VN,visa_free,45
DE,VU,visa_free,120
DE,WS,visa_free,90
DE,XK,visa_free,90
DE,YE,visa_required,
DE,ZA,visa_free,90
DE,ZM,visa_free,90
DE,ZW,visa_on_arrival,
DJ,AD,visa_required,
DJ,AE,e_visa,
DJ,AF,visa_required,
DJ,AG,e_visa,
DJ,AL,e_visa,
DJ,AM,visa_required,
DJ,AO,visa_required,
DJ,AR,visa_required,
DJ,AT,visa_required,
DJ,AU,e_visa,
DJ,AZ,e_visa,
DJ,BA,visa_required,
DJ,BB,visa_free,90
DJ,BD,visa_on_arrival,
DJ,BE,visa_required,
DJ,BF,visa_on_arrival,
DJ,BG,visa_required,
DJ,BH,e_visa,
DJ,BI,visa_on_arrival,
DJ,BJ,visa_free,90
DJ,BN,visa_required,
DJ,BO,visa_on_arrival,
DJ,BR,visa_required,
DJ,BS,e_visa,
DJ,BT,e_visa,
DJ,BW,e_visa,
DJ,BY,visa_required,
DJ,BZ,visa_required,
DJ,CA,visa_required,
DJ,CD,e_visa,
DJ,CF,visa_required,
DJ,CG,visa_required,
DJ,CH,visa_required,
DJ,CI,eta,
DJ,CL,visa_required,
DJ,CM,e_visa,
DJ,CN,visa_required,
DJ,CO,e_visa,
DJ,CR,visa_required,
DJ,CU,e_visa,
DJ,CV,visa_on_arrival,
DJ,CY,visa_required,
DJ,CZ,visa_required,
DJ,DE,visa_required,
DJ,DK,visa_required,
DJ,DM,visa_free,21
DJ,DO,visa_required,
DJ,DZ,visa_required,
DJ,EC,visa_free,90
DJ,EE,visa_required,
DJ,EG,visa_required,
DJ,ER,visa_required,
DJ,ES,visa_required,
DJ,ET,visa_free,90
DJ,FI,visa_required,
DJ,FJ,visa_required,
DJ,FM,visa_free,30
DJ,FR,visa_required,
DJ,GA,e_visa,
DJ,GB,visa_required,
DJ,GD,visa_required,
DJ,GE,e_visa,
DJ,GH,visa_on_arrival,
DJ,GM,visa_free,90
DJ,GN,e_visa,
DJ,GQ,e_visa,
DJ,GR,visa_required,
DJ,GT,visa_required,
DJ,GW,visa_on_arrival,
DJ,GY,visa_required,
DJ,HK,visa_free,14
DJ,HN,visa_required,
DJ,HR,visa_required,
DJ,HT,visa_free,90
DJ,HU,visa_required,
DJ,ID,e_visa,
DJ,IE,visa_required,
DJ,IL,visa_required,
DJ,IN,e_visa,
DJ,IQ,e_visa,
DJ,IR,visa_on_arrival,
DJ,IS,visa_required,
DJ,IT,visa_required,
DJ,JM,visa_required,
DJ,JO,visa_required,
DJ,JP,visa_required,
DJ,KE,eta,
DJ,KG,e_visa,
DJ,KH,visa_on_arrival,
DJ,KI,visa_required,
DJ,KM,visa_on_arrival,
DJ,KN,e_visa,
DJ,KP,visa_required,
DJ,KR,e_visa,
DJ,KW,visa_required,
DJ,KZ,e_visa,
DJ,LA,visa_on_arrival,
DJ,LB,visa_on_arrival,
DJ,LC,visa_on_arrival,
DJ,LI,visa_required,
DJ,LK,visa_on_arrival,
DJ,LR,visa_required,
DJ,LS,e_visa,
DJ,LT,visa_required,
DJ,LU,visa_required,
DJ,LV,visa_required,
DJ,LY,e_visa,
DJ,MA,visa_required,
DJ,MC,visa_required,
DJ,MD,e_visa,
DJ,ME,visa_required,
DJ,MG,visa_on_arrival,
DJ,MH,visa_required,
DJ,MK,visa_required,
DJ,ML,visa_required,
DJ,MM,visa_required,
DJ,MN,e_visa,
DJ,MO,visa_on_arrival,
DJ,MR,visa_on_arrival,
DJ,MT,visa_required,
DJ,MU,visa_on_arrival,
DJ,MV,visa_on_arrival,
DJ,MW,e_visa,
DJ,MX,visa_required,
DJ,MY,e_visa,
DJ,MZ,visa_on_arrival,
DJ,NA,visa_on_arrival,
DJ,NE,visa_required,
DJ,NG,visa_on_arrival,
DJ,NI,visa_on_arrival,
DJ,NL,visa_required,
DJ,NO,visa_required,
DJ,NP,visa_on_arrival,
DJ,NR,visa_required,
DJ,NZ,visa_required,
DJ,OM,e_visa,
DJ,PA,visa_required,
DJ,PE,visa_required,
DJ,PG,e_visa,
DJ,PH,visa_free,30
DJ,PK,e_visa,
DJ,PL,visa_required,
DJ,PS,visa_required,
DJ,PT,visa_required,
DJ,PW,visa_on_arrival,
DJ,PY,visa_required,
DJ,QA,e_visa,
DJ,RO,visa_required,
DJ,RS,visa_required,
DJ,RU,visa_required,
DJ,RW,visa_free,30
DJ,SA,visa_required,
DJ,SB,visa_required,
DJ,SC,visa_free,90
DJ,SD,visa_required,
DJ,SE,visa_required,
DJ,SG,visa_free,30
DJ,SI,visa_required,
DJ,SK,visa_required,
DJ,SL,e_visa,
DJ,SM,visa_required,
DJ,SN,visa_free,90
DJ,SO,visa_on_arrival,
DJ,SR,visa_required,
DJ,SS,e_visa,
DJ,ST,e_visa,
DJ,SV,e_visa,
DJ,SY,e_visa,
DJ,SZ,visa_required,
DJ,TD,visa_required,
DJ,TG,e_visa,
DJ,TH,e_visa,
DJ,TJ,e_visa,
DJ,TL,visa_on_arrival,
DJ,TM,visa_required,
DJ,TN,visa_required,
DJ,TO,visa_required,
DJ,TR,visa_required,
DJ,TT,visa_required,
DJ,TV,visa_on_arrival,
DJ,TW,visa_required,
DJ,TZ,e_visa,
DJ,UA,visa_required,
DJ,UG,e_visa,
DJ,US,visa_required,
DJ,UY,visa_required,
DJ,UZ,visa_required,
DJ,VA,visa_required,
DJ,VC,visa_free,90
DJ,VE,visa_required,
DJ,VN,e_visa,
DJ,VU,visa_required,
DJ,WS,visa_on_arrival,
DJ,XK,visa_required,
DJ,YE,visa_required,
DJ,ZA,visa_required,
DJ,ZM,visa_on_arrival,
DJ,ZW,e_visa,
DK,AD,visa_free,
DK,AE,visa_free,90
DK,AF,visa_required,
DK,AG,visa_free,180
DK,AL,visa_free,90
DK,AM,visa_free,180
DK,AO,visa_free,30
DK,AR,visa_free,90
DK,AT,freedom_of_movement,
DK,AU,eta,
DK,AZ,e_visa,
DK,BA,visa_free,90
DK,BB,visa_free,90
DK,BD,visa_on_arrival,
DK,BE,freedom_of_movement,
DK,BF,visa_on_arrival,
DK,BG,freedom_of_movement,
DK,BH,visa_on_arrival,
DK,BI,visa_on_arrival,
DK,BJ,e_visa,
DK,BN,visa_free,90
DK,BO,visa_free,90
DK,BR,visa_free,90
DK,BS,visa_free,240
DK,BT,e_visa,
DK,BW,visa_free,90
DK,BY,visa_free,30
DK,BZ,visa_free,
DK,CA,eta,
DK,CD,e_visa,
DK,CF,visa_required,
DK,CG,visa_required,
DK,CH,freedom_of_movement,
DK,CI,eta,
DK,CL,visa_free,90
DK,CM,e_visa,
DK,CN,visa_free,30
DK,CO,visa_free,90
DK,CR,visa_free,180
DK,CU,e_visa,
DK,CV,visa_free,30
DK,CY,freedom_of_movement,
DK,CZ,freedom_of_movement,
DK,DE,freedom_of_movement,
DK,DJ,visa_on_arrival,
DK,DM,visa_free,180
DK,DO,visa_free,
DK,DZ,visa_required,
DK,EC,visa_free,90
DK,EE,freedom_of_movement,
DK,EG,visa_on_arrival,
DK,ER,visa_required,
DK,ES,freedom_of_movement,
DK,ET,visa_on_arrival,
DK,FI,freedom_of_movement,
DK,FJ,visa_free,120
DK,FM,visa_free,90
DK,FR,freedom_of_movement,
DK,GA,e_visa,
DK,GB,visa_free,180
DK,GD,visa_free,90
DK,GE,visa_free,360
DK,GH,visa_on_arrival,
DK,GM,visa_free,90
DK,GN,e_visa,
DK,GQ,e_visa,
DK,GR,freedom_of_movement,
DK,GT,visa_free,90
DK,GW,visa_on_arrival,
DK,GY,visa_free,90
DK,HK,visa_free,90
DK,HN,visa_free,90
DK,HR,freedom_of_movement,
DK,HT,visa_free,90
DK,HU,freedom_of_movement,
DK,ID,visa_on_arrival,
DK,IE,freedom_of_movement,
DK,IL,visa_free,90
DK,IN,e_visa,
DK,IQ,visa_on_arrival,
DK,IR,visa_on_arrival,
DK,IS,freedom_of_movement,
DK,IT,freedom_of_movement,
DK,JM,visa_free,90
DK,JO,visa_on_arrival,
DK,JP,visa_free,90
DK,KE,eta,
DK,KG,visa_free,60
DK,KH,visa_on_arrival,
DK,KI,visa_free,90
DK,KM,visa_on_arrival,
DK,KN,visa_free,90
DK,KP,visa_required,
DK,KR,visa_free,90
DK,KW,visa_on_arrival,
DK,KZ,visa_free,30
DK,LA,visa_free,15
DK,LB,visa_on_arrival,
DK,LC,visa_free,90
DK,LI,freedom_of_movement,
DK,LK,visa_on_arrival,
DK,LR,visa_required,
DK,LS,visa_free,14
DK,LT,freedom_of_movement,
DK,LU,freedom_of_movement,
DK,LV,freedom_of_movement,
DK,LY,e_visa,
DK,MA,visa_free,90
DK,MC,visa_free,
DK,MD,visa_free,90
DK,ME,visa_free,90
DK,MG,visa_on_arrival,
DK,MH,visa_free,90
DK,MK,visa_free,90
DK,ML,visa_required,
DK,MM,e_visa,
DK,MN,visa_free,30
DK,MO,visa_free,90
DK,MR,visa_on_arrival,
DK,MT,freedom_of_movement,
DK,MU,visa_free,90
DK,MV,visa_on_arrival,
DK,MW,visa_on_arrival,
DK,MX,visa_free,180
DK,MY,visa_free,90
DK,MZ,visa_free,30
DK,NA,visa_free,90
DK,NE,visa_required,
DK,NG,e_visa,
DK,NI,visa_free,90
DK,NL,freedom_of_movement,
DK,NO,freedom_of_movement,
DK,NP,visa_on_arrival,
DK,NR,visa_required,
DK,NZ,eta,
DK,OM,visa_on_arrival,
DK,PA,visa_free,90
DK,PE,visa_free,90
DK,PG,eta,
DK,PH,visa_free,30
DK,PK,e_visa,
DK,PL,freedom_of_movement,
DK,PS,visa_free,
DK,PT,freedom_of_movement,
DK,PW,visa_free,90
DK,PY,visa_free,90
DK,QA,visa_on_arrival,
DK,RO,freedom_of_movement,
DK,RS,visa_free,90
DK,RU,e_visa,
DK,RW,visa_on_arrival,
DK,SA,visa_on_arrival,
DK,SB,visa_free,90
DK,SC,visa_free,90
DK,SD,visa_required,
DK,SE,freedom_of_movement,
DK,SG,visa_free,90
DK,SI,freedom_of_movement,
DK,SK,freedom_of_movement,
DK,SL,visa_on_arrival,
DK,SM,visa_free,
DK,SN,visa_free,90
DK,SO,visa_on_arrival,
DK,SR,visa_free,90
DK,SS,e_visa,
DK,ST,visa_free,15
DK,SV,visa_free,180
DK,SY,e_visa,
DK,SZ,visa_free,30
DK,TD,visa_required,
DK,TG,e_visa,
DK,TH,visa_free,60
DK,TJ,visa_free,30
DK,TL,visa_free,90
DK,TM,visa_required,
DK,TN,visa_free,90
DK,TO,visa_free,90
DK,TR,visa_free,90
DK,TT,visa_free,90
DK,TV,visa_free,90
DK,TW,visa_free,90
DK,TZ,visa_on_arrival,
DK,UA,visa_free,90
DK,UG,e_visa,
DK,US,eta,
DK,UY,visa_free,90
DK,UZ,visa_free,30
DK,VA,visa_free,
DK,VC,visa_free,90
DK,VE,visa_free,90
DK,VN,visa_free,45
DK,VU,visa_free,120
DK,WS,visa_free,90
DK,XK,visa_free,90
DK,YE,visa_required,
DK,ZA,visa_free,90
DK,ZM,visa_free,90
DK,ZW,visa_on_arrival,
DM,AD,visa_free,90
DM,AE,e_visa,
DM,AF,visa_required,
DM,AG,visa_free,
DM,AL,e_visa,
DM,AM,visa_on_arrival,
DM,AO,visa_required,
DM,AR,visa_free,90
DM,AT,visa_free,90
DM,AU,e_visa,
DM,AZ,visa_required,
DM,BA,visa_free,90
DM,BB,visa_free,
DM,BD,visa_on_arrival,
DM,BE,visa_free,90
DM,BF,e_visa,
DM,BG,visa_free,90
DM,BH,e_visa,
DM,BI,visa_on_arrival,
DM,BJ,e_visa,
DM,BN,visa_required,
DM,BO,visa_on_arrival,
DM,BR,visa_free,90
DM,BS,visa_free,90
DM,BT,e_visa,
DM,BW,visa_free,90
DM,BY,visa_free,30
DM,BZ,visa_free,
DM,CA,visa_required,
DM,CD,e_visa,
DM,CF,visa_required,
DM,CG,visa_required,
DM,CH,visa_free,90
DM,CI,eta,
DM,CL,visa_required,
DM,CM,e_visa,
DM,CN,visa_free,30
DM,CO,visa_free,90
DM,CR,visa_free,30
DM,CU,visa_free,28
DM,CV,visa_free,
DM,CY,visa_free,90
DM,CZ,visa_free,90
DM,DE,visa_free,90
DM,DJ,visa_on_arrival,
DM,DK,visa_free,90
DM,DO,visa_free,
DM,DZ,visa_required,
DM,EC,visa_free,90
DM,EE,visa_free,90
DM,EG,visa_on_arrival,
DM,ER,visa_required,
DM,ES,visa_free,90
DM,ET,e_visa,
DM,FI,visa_free,90
DM,FJ,visa_free,120
DM,FM,visa_free,30
DM,FR,visa_free,90
DM,GA,e_visa,
DM,GB,visa_required,
DM,GD,visa_free,
DM,GE,e_visa,
DM,GH,visa_on_arrival,
DM,GM,visa_free,90
DM,GN,e_visa,
DM,GQ,e_visa,
DM,GR,visa_free,90
DM,GT,visa_required,
DM,GW,visa_on_arrival,
DM,GY,visa_free,180
DM,HK,visa_free,90
DM,HN,visa_required,
DM,HR,visa_free,90
DM,HT,visa_free,90
DM,HU,visa_free,90
DM,ID,e_visa,
DM,IE,visa_required,
DM,IL,visa_free,90
DM,IN,e_visa,
DM,IQ,e_visa,
DM,IR,visa_on_arrival,
DM,IS,visa_free,90
DM,IT,visa_free,90
DM,JM,visa_free,
DM,JO,visa_on_arrival,
DM,JP,visa_required,
DM,KE,eta,
DM,KG,e_visa,
DM,KH,visa_on_arrival,
DM,KI,visa_free,90
DM,KM,visa_on_arrival,
DM,KN,visa_free,
DM,KP,visa_required,
DM,KR,eta,
DM,KW,visa_required,
DM,KZ,e_visa,
DM,LA,visa_on_arrival,
DM,LB,visa_required,
DM,LC,visa_free,
DM,LI,visa_free,90
DM,LK,visa_on_arrival,
DM,LR,visa_required,
DM,LS,visa_free,90
DM,LT,visa_free,90
DM,LU,visa_free,90
DM,LV,visa_free,90
DM,LY,e_visa,
DM,MA,visa_required,
DM,MC,visa_free,90
DM,MD,visa_free,90
DM,ME,visa_free,90
DM,MG,visa_on_arrival,
DM,MH,visa_required,
DM,MK,visa_required,
DM,ML,visa_required,
DM,MM,visa_required,
DM,MN,e_visa,
DM,MO,visa_free,90
DM,MR,visa_on_arrival,
DM,MT,visa_free,90
DM,MU,visa_free,90
DM,MV,visa_on_arrival,
DM,MW,visa_free,
DM,MX,visa_required,
DM,MY,visa_free,30
DM,MZ,visa_on_arrival,
DM,NA,visa_required,
DM,NE,visa_required,
DM,NG,e_visa,
DM,NI,visa_on_arrival,
DM,NL,visa_free,90
DM,NO,visa_free,90
DM,NP,visa_on_arrival,
DM,NR,visa_required,
DM,NZ,visa_required,
DM,OM,e_visa,
DM,PA,visa_free,90
DM,PE,visa_free,180
DM,PG,eta,
DM,PH,visa_free,30
DM,PK,e_visa,
DM,PL,visa_free,90
DM,PS,visa_free,
DM,PT,visa_free,90
DM,PW,visa_on_arrival,
DM,PY,visa_required,
DM,QA,e_visa,
DM,RO,visa_free,90
DM,RS,visa_free,90
DM,RU,visa_free,90
DM,RW,visa_free,30
DM,SA,visa_required,
DM,SB,visa_on_arrival,
DM,SC,visa_free,90
DM,SD,visa_required,
DM,SE,visa_free,90
DM,SG,visa_free,30
DM,SI,visa_free,90
DM,SK,visa_free,90
DM,SL,visa_on_arrival,
DM,SM,visa_free,90
DM,SN,visa_required,
DM,SO,e_visa,
DM,SR,visa_free,180
DM,SS,e_visa,
DM,ST,e_visa,
DM,SV,e_visa,
DM,SY,e_visa,
DM,SZ,visa_free,30
DM,TD,visa_required,
DM,TG,e_visa,
DM,TH,visa_free,60
DM,TJ,e_visa,
DM,TL,visa_on_arrival,
DM,TM,visa_required,
DM,TN,visa_required,
DM,TO,visa_on_arrival,
DM,TR,visa_required,
DM,TT,visa_free,
DM,TV,visa_on_arrival,
DM,TW,e_visa,
DM,TZ,visa_free,90
DM,UA,visa_free,90
DM,UG,e_visa,
DM,US,visa_required,
DM,UY,visa_free,90
DM,UZ,visa_free,30
DM,VA,visa_free,90
DM,VC,visa_free,
DM,VE,visa_free,90
DM,VN,e_visa,
DM,VU,visa_free,120
DM,WS,visa_on_arrival,
DM,XK,visa_free,90
DM,YE,visa_required,
DM,ZA,visa_required,
DM,ZM,visa_free,90
DM,ZW,e_visa,
DO,AD,visa_required,
DO,AE,e_visa,
DO,AF,visa_required,
DO,AG,e_visa,
DO,AL,e_visa,
DO,AM,visa_on_arrival,
DO,AO,visa_free,30
DO,AR,visa_required,
DO,AT,visa_required,
DO,AU,e_visa,
DO,AZ,visa_required,
DO,BA,visa_required,
DO,BB,visa_required,
DO,BD,visa_on_arrival,
DO,BE,visa_required,
DO,BF,e_visa,
DO,BG,visa_required,
DO,BH,e_visa,
DO,BI,visa_on_arrival,
DO,BJ,e_visa,
DO,BN,visa_required,
DO,BO,visa_on_arrival,
DO,BR,visa_free,60
DO,BS,e_visa,
DO,BT,e_visa,
DO,BW,visa_free,90
DO,BY,visa_required,
DO,BZ,visa_required,
DO,CA,visa_required,
DO,CD,e_visa,
DO,CF,visa_required,
DO,CG,visa_required,
DO,CH,visa_required,
DO,CI,eta,
DO,CL,visa_required,
DO,CM,e_visa,
DO,CN,visa_required,
DO,CO,visa_free,90
DO,CR,visa_required,
DO,CU,e_visa,
DO,CV,visa_on_arrival,
DO,CY,visa_required,
DO,CZ,visa_required,
DO,DE,visa_required,
DO,DJ,visa_on_arrival,
DO,DK,visa_required,
DO,DM,visa_required,
DO,DZ,visa_required,
DO,EC,visa_free,90
DO,EE,visa_required,
DO,EG,visa_on_arrival,
DO,ER,visa_required,
DO,ES,visa_required,
DO,ET,e_visa,
DO,FI,visa_required,
DO,FJ,visa_required,
DO,FM,visa_free,30
DO,FR,visa_required,
DO,GA,e_visa,
DO,GB,visa_required,
DO,GD,visa_free,90
DO,GE,visa_free,360
DO,GH,visa_on_arrival,
DO,GM,visa_free,90
DO,GN,e_visa,
DO,GQ,e_visa,
DO,GR,visa_required,
DO,GT,visa_required,
DO,GW,visa_on_arrival,
DO,GY,visa_free,30
DO,HK,visa_free,30
DO,HN,visa_free,60
DO,HR,visa_required,
DO,HT,visa_required,
DO,HU,visa_required,
DO,ID,e_visa,
DO,IE,visa_required,
DO,IL,visa_free,90
DO,IN,e_visa,
DO,IQ,e_visa,
DO,IR,visa_on_arrival,
DO,IS,visa_required,
DO,IT,visa_required,
DO,JM,visa_required,
DO,JO,visa_on_arrival,
DO,JP,visa_free,90
DO,KE,eta,
DO,KG,e_visa,
DO,KH,visa_on_arrival,
DO,KI,visa_free,90
DO,KM,visa_on_arrival,
DO,KN,e_visa,
DO,KP,visa_required,
DO,KR,eta,
DO,KW,visa_required,
DO,KZ,e_visa,
DO,LA,visa_on_arrival,
DO,LB,visa_on_arrival,
DO,LC,visa_required,
DO,LI,visa_required,
DO,LK,visa_on_arrival,
DO,LR,visa_required,
DO,LS,e_visa,
DO,LT,visa_required,
DO,LU,visa_required,
DO,LV,visa_required,
DO,LY,e_visa,
DO,MA,visa_free,60
DO,MC,visa_required,
DO,MD,e_visa,
DO,ME,visa_required,
DO,MG,visa_on_arrival,
DO,MH,visa_on_arrival,
DO,MK,visa_required,
DO,ML,visa_required,
DO,MM,visa_required,
DO,MN,visa_required,
DO,MO,visa_on_arrival,
DO,MR,visa_on_arrival,
DO,MT,visa_required,
DO,MU,visa_on_arrival,
DO,MV,visa_on_arrival,
DO,MW,visa_on_arrival,
DO,MX,visa_required,
DO,MY,visa_free,30
DO,MZ,visa_on_arrival,
DO,NA,visa_required,
DO,NE,visa_required,
DO,NG,e_visa,
DO,NI,visa_on_arrival,
DO,NL,visa_required,
DO,NO,visa_required,
DO,NP,visa_on_arrival,
DO,NR,visa_required,
DO,NZ,visa_required,
DO,OM,e_visa,
DO,PA,visa_required,
DO,PE,visa_free,60
DO,PG,e_visa,
DO,PH,visa_free,30
DO,PK,e_visa,
DO,PL,visa_required,
DO,PS,visa_free,
DO,PT,visa_required,
DO,PW,visa_on_arrival,
DO,PY,visa_free,60
DO,QA,visa_on_arrival,
DO,RO,visa_required,
DO,RS,visa_required,
DO,RU,visa_free,60
DO,RW,visa_on_arrival,
DO,SA,visa_required,
DO,SB,visa_on_arrival,
DO,SC,visa_free,90
DO,SD,visa_required,
DO,SE,visa_required,
DO,SG,visa_free,30
DO,SI,visa_required,
DO,SK,visa_required,
DO,SL,e_visa,
DO,SM,visa_required,
DO,SN,visa_on_arrival,
DO,SO,e_visa,
DO,SR,e_visa,
DO,SS,e_visa,
DO,ST,e_visa,
DO,SV,visa_free,180
DO,SY,e_visa,
DO,SZ,visa_required,
DO,TD,visa_required,
DO,TG,e_visa,
DO,TH,visa_free,60
DO,TJ,visa_free,30
DO,TL,visa_on_arrival,
DO,TM,visa_required,
DO,TN,visa_free,7
DO,TO,visa_required,
DO,TR,e_visa,
DO,TT,visa_free,90
DO,TV,visa_on_arrival,
DO,TW,visa_free,30
DO,TZ,visa_on_arrival,
DO,UA,visa_required,
DO,UG,e_visa,
DO,US,visa_required,
DO,UY,visa_required,
DO,UZ,visa_free,30
DO,VA,visa_required,
DO,VC,visa_required,
DO,VE,visa_required,
DO,VN,e_visa,
DO,VU,visa_required,
DO,WS,visa_on_arrival,
DO,XK,visa_required,
DO,YE,visa_required,
DO,ZA,visa_required,
DO,ZM,visa_on_arrival,
DO,ZW,visa_on_arrival,
DZ,AD,visa_required,
DZ,AE,e_visa,
DZ,AF,visa_required,
DZ,AG,e_visa,
DZ,AL,e_visa,
DZ,AM,e_visa,
DZ,AO,visa_free,30
DZ,AR,visa_required,
DZ,AT,visa_required,
DZ,AU,e_visa,
DZ,AZ,e_visa,
DZ,BA,visa_required,
DZ,BB,visa_free,90
DZ,BD,visa_required,
DZ,BE,visa_required,
DZ,BF,e_visa,
DZ,BG,visa_required,
DZ,BH,e_visa,
DZ,BI,visa_on_arrival,
DZ,BJ,visa_free,90
DZ,BN,visa_required,
DZ,BO,visa_on_arrival,
DZ,BR,visa_required,
DZ,BS,e_visa,
DZ,BT,e_visa,
DZ,BW,e_visa,
DZ,BY,visa_required,
DZ,BZ,visa_required,
DZ,CA,visa_required,
DZ,CD,e_visa,
DZ,CF,visa_required,
DZ,CG,visa_required,
DZ,CH,visa_required,
DZ,CI,eta,
DZ,CL,visa_required,
DZ,CM,e_visa,
DZ,CN,visa_required,
DZ,CO,e_visa,
DZ,CR,visa_required,
DZ,CU,e_visa,
DZ,CV,visa_on_arrival,
DZ,CY,visa_required,
DZ,CZ,visa_required,
DZ,DE,visa_required,
DZ,DJ,visa_on_arrival,
DZ,DK,visa_required,
DZ,DM,visa_free,21
DZ,DO,visa_required,
DZ,EC,visa_free,90
DZ,EE,visa_required,
DZ,EG,visa_required,
DZ,ER,visa_required,
DZ,ES,visa_required,
DZ,ET,visa_on_arrival,
DZ,FI,visa_required,
DZ,FJ,visa_required,
DZ,FM,visa_free,30
DZ,FR,visa_required,
DZ,GA,e_visa,
DZ,GB,visa_required,
DZ,GD,visa_required,
DZ,GE,e_visa,
DZ,GH,visa_on_arrival,
DZ,GM,visa_free,90
DZ,GN,visa_free,
DZ,GQ,e_visa,
DZ,GR,visa_required,
DZ,GT,visa_required,
DZ,GW,visa_on_arrival,
DZ,GY,visa_required,
DZ,HK,visa_free,14
DZ,HN,visa_required,
DZ,HR,visa_required,
DZ,HT,visa_free,90
DZ,HU,visa_required,
DZ,ID,e_visa,
DZ,IE,visa_required,
DZ,IL,visa_required,
DZ,IN,visa_required,
DZ,IQ,e_visa,
DZ,IR,visa_on_arrival,
DZ,IS,visa_required,
DZ,IT,visa_required,
DZ,JM,visa_required,
DZ,JO,visa_on_arrival,
DZ,JP,visa_required,
DZ,KE,eta,
DZ,KG,e_visa,
DZ,KH,visa_on_arrival,
DZ,KI,visa_required,
DZ,KM,visa_on_arrival,
DZ,KN,e_visa,
DZ,KP,visa_required,
DZ,KR,e_visa,
DZ,KW,visa_required,
DZ,KZ,e_visa,
DZ,LA,visa_required,
DZ,LB,visa_on_arrival,
DZ,LC,visa_required,
DZ,LI,visa_required,
DZ,LK,visa_on_arrival,
DZ,LR,visa_required,
DZ,LS,e_visa,
DZ,LT,visa_required,
DZ,LU,visa_required,
DZ,LV,visa_required,
DZ,LY,visa_free,
DZ,MA,visa_free,90
DZ,MC,visa_required,
DZ,MD,e_visa,
DZ,ME,visa_required,
DZ,MG,visa_on_arrival,
DZ,MH,visa_on_arrival,
DZ,MK,visa_required,
DZ,ML,visa_free,30
DZ,MM,e_visa,
DZ,MN,visa_required,
DZ,MO,visa_on_arrival,
DZ,MR,visa_free,90
DZ,MT,visa_required,
DZ,MU,visa_on_arrival,
DZ,MV,visa_on_arrival,
DZ,MW,e_visa,
DZ,MX,visa_required,
DZ,MY,visa_free,90
DZ,MZ,visa_on_arrival,
DZ,NA,visa_required,
DZ,NE,visa_required,
DZ,NG,visa_on_arrival,
DZ,NI,visa_on_arrival,
DZ,NL,visa_required,
DZ,NO,visa_required,
DZ,NP,visa_on_arrival,
DZ,NR,visa_required,
DZ,NZ,visa_required,
DZ,OM,e_visa,
DZ,PA,visa_required,
DZ,PE,visa_required,
DZ,PG,e_visa,
DZ,PH,visa_required,
DZ,PK,e_visa,
DZ,PL,visa_required,
DZ,PS,visa_free,
DZ,PT,visa_required,
DZ,PW,visa_on_arrival,
DZ,PY,visa_required,
DZ,QA,e_visa,
DZ,RO,visa_required,
DZ,RS,visa_required,
DZ,RU,visa_required,
DZ,RW,visa_free,30
DZ,SA,visa_required,
DZ,SB,visa_required,
DZ,SC,visa_free,90
DZ,SD,visa_required,
DZ,SE,visa_required,
DZ,SG,e_visa,
DZ,SI,visa_required,
DZ,SK,visa_required,
DZ,SL,e_visa,
DZ,SM,visa_required,
DZ,SN,visa_on_arrival,
DZ,SO,e_visa,
DZ,SR,visa_required,
DZ,SS,e_visa,
DZ,ST,e_visa,
DZ,SV,e_visa,
DZ,SY,visa_free,
DZ,SZ,visa_required,
DZ,TD,visa_required,
DZ,TG,e_visa,
DZ,TH,e_visa,
DZ,TJ,visa_on_arrival,
DZ,TL,visa_on_arrival,
DZ,TM,visa_required,
DZ,TN,visa_free,90
DZ,TO,visa_required,
DZ,TR,visa_required,
DZ,TT,visa_required,
DZ,TV,visa_on_arrival,
DZ,TW,visa_required,
DZ,TZ,visa_on_arrival,
DZ,UA,visa_required,
DZ,UG,e_visa,
DZ,US,visa_required,
DZ,UY,visa_required,
DZ,UZ,e_visa,
DZ,VA,visa_required,
DZ,VC,visa_free,90
DZ,VE,visa_required,
DZ,VN,e_visa,
DZ,VU,visa_required,
DZ,WS,visa_on_arrival,
DZ,XK,visa_required,
DZ,YE,visa_on_arrival,
DZ,ZA,e_visa,
DZ,ZM,e_visa,
DZ,ZW,visa_on_arrival,
EC,AD,visa_required,
EC,AE,e_visa,
EC,AF,visa_required,
EC,AG,visa_free,90
EC,AL,e_visa,
EC,AM,visa_free,180
EC,AO,visa_required,
EC,AR,visa_free,90
EC,AT,visa_required,
EC,AU,e_visa,
EC,AZ,e_visa,
EC,BA,visa_required,
EC,BB,visa_free,90
EC,BD,visa_on_arrival,
EC,BE,visa_required,
EC,BF,e_visa,
EC,BG,visa_required,
EC,BH,visa_on_arrival,
EC,BI,visa_on_arrival,
EC,BJ,e_visa,
EC,BN,visa_required,
EC,BO,visa_free,90
EC,BR,visa_free,90
EC,BS,visa_free,90
EC,BT,e_visa,
EC,BW,e_visa,
EC,BY,visa_free,30
EC,BZ,visa_required,
EC,CA,visa_required,
EC,CD,e_visa,
EC,CF,visa_required,
EC,CG,visa_required,
EC,CH,visa_required,
EC,CI,eta,
EC,CL,visa_free,90
EC,CM,e_visa,
EC,CN,visa_free,30
EC,CO,visa_free,90
EC,CR,visa_required,
EC,CU,e_visa,
EC,CV,visa_on_arrival,
EC,CY,visa_required,
EC,CZ,visa_required,
EC,DE,visa_required,
EC,DJ,visa_on_arrival,
EC,DK,visa_required,
EC,DM,visa_free,21
EC,DO,visa_free,
EC,DZ,visa_required,
EC,EE,visa_required,
EC,EG,visa_on_arrival,
EC,ER,visa_required,
EC,ES,visa_required,
EC,ET,e_visa,
EC,FI,visa_required,
EC,FJ,visa_required,
EC,FM,visa_free,30
EC,FR,visa_required,
EC,GA,e_visa,
EC,GB,visa_required,
EC,GD,visa_free,90
EC,GE,visa_free,360
EC,GH,visa_on_arrival,
EC,GM,visa_free,90
EC,GN,e_visa,
EC,GQ,e_visa,
EC,GR,visa_required,
EC,GT,visa_required,
EC,GW,visa_on_arrival,
EC,GY,visa_free,90
EC,HK,visa_free,90
EC,HN,visa_free,90
EC,HR,visa_required,
EC,HT,visa_free,90
EC,HU,visa_required,
EC,ID,visa_on_arrival,
EC,IE,visa_required,
EC,IL,visa_free,90
EC,IN,e_visa,
EC,IQ,e_visa,
EC,IR,visa_on_arrival,
EC,IS,visa_required,
EC,IT,visa_required,
EC,JM,visa_free,30
EC,JO,visa_on_arrival,
EC,JP,visa_required,
EC,KE,eta,
EC,KG,e_visa,
EC,KH,visa_on_arrival,
EC,KI,visa_required,
EC,KM,visa_on_arrival,
EC,KN,visa_free,90
EC,KP,visa_required,
EC,KR,eta,
EC,KW,visa_required,
EC,KZ,visa_free,30
EC,LA,visa_on_arrival,
EC,LB,visa_required,
EC,LC,visa_on_arrival,
EC,LI,visa_required,
EC,LK,visa_on_arrival,
EC,LR,visa_required,
EC,LS,e_visa,
EC,LT,visa_required,
EC,LU,visa_required,
EC,LV,visa_required,
EC,LY,e_visa,
EC,MA,visa_required,
EC,MC,visa_required,
EC,MD,visa_free,90
EC,ME,visa_required,
EC,MG,visa_on_arrival,
EC,MH,visa_on_arrival,
EC,MK,visa_required,
EC,ML,visa_required,
EC,MM,e_visa,
EC,MN,visa_free,30
EC,MO,visa_free,30
EC,MR,visa_on_arrival,
EC,MT,visa_required,
EC,MU,visa_on_arrival,
EC,MV,visa_on_arrival,
EC,MW,visa_on_arrival,
EC,MX,visa_required,
EC,MY,visa_free,30
EC,MZ,visa_on_arrival,
EC,NA,visa_on_arrival,
EC,NE,visa_required,
EC,NG,e_visa,
EC,NI,visa_free,90
EC,NL,visa_required,
EC,NO,visa_required,
EC,NP,visa_on_arrival,
EC,NR,visa_required,
EC,NZ,visa_required,
EC,OM,visa_on_arrival,
EC,PA,visa_free,90
EC,PE,visa_free,180
EC,PG,eta,
EC,PH,visa_free,30
EC,PK,e_visa,
EC,PL,visa_required,
EC,PS,visa_free,
EC,PT,visa_required,
EC,PW,visa_on_arrival,
EC,PY,visa_free,90
EC,QA,visa_on_arrival,
EC,RO,visa_required,
EC,RS,visa_required,
EC,RU,visa_free,90
EC,RW,visa_on_arrival,
EC,SA,visa_required,
EC,SB,visa_required,
EC,SC,visa_free,90
EC,SD,visa_required,
EC,SE,visa_required,
EC,SG,visa_free,30
EC,SI,visa_required,
EC,SK,visa_required,
EC,SL,e_visa,
EC,SM,visa_required,
EC,SN,visa_required,
EC,SO,e_visa,
EC,SR,visa_required,
EC,SS,e_visa,
EC,ST,e_visa,
EC,SV,visa_free,180
EC,SY,e_visa,
EC,SZ,visa_required,
EC,TD,visa_required,
EC,TG,e_visa,
EC,TH,visa_free,60
EC,TJ,visa_free,30
EC,TL,visa_on_arrival,
EC,TM,visa_required,
EC,TN,visa_required,
EC,TO,visa_required,
EC,TR,visa_free,90
EC,TT,visa_free,90
EC,TV,visa_on_arrival,
EC,TW,e_visa,
EC,TZ,visa_on_arrival,
EC,UA,visa_free,90
EC,UG,e_visa,
EC,US,visa_required,
EC,UY,visa_free,90
EC,UZ,e_visa,
EC,VA,visa_required,
EC,VC,visa_free,90
EC,VE,visa_free,90
EC,VN,e_visa,
EC,VU,visa_required,
EC,WS,visa_on_arrival,
EC,XK,visa_required,
EC,YE,visa_required,
EC,ZA,visa_free,90
EC,ZM,visa_on_arrival,
EC,ZW,visa_on_arrival,
EE,AD,visa_free,
EE,AE,visa_free,90
EE,AF,visa_required,
EE,AG,visa_free,180
EE,AL,visa_free,90
EE,AM,visa_free,180
EE,AO,visa_free,30
EE,AR,visa_free,90
EE,AT,freedom_of_movement,
EE,AU,eta,
EE,AZ,e_visa,
EE,BA,visa_free,90
EE,BB,visa_free,90
EE,BD,visa_on_arrival,
EE,BE,freedom_of_movement,
EE,BF,visa_on_arrival,
EE,BG,freedom_of_movement,
EE,BH,visa_on_arrival,
EE,BI,visa_on_arrival,
EE,BJ,e_visa,
EE,BN,visa_free,90
EE,BO,visa_free,90
EE,BR,visa_free,90
EE,BS,visa_free,90
EE,BT,e_visa,
EE,BW,visa_free,90
EE,BY,visa_free,30
EE,BZ,visa_free,
EE,CA,eta,
EE,CD,e_visa,
EE,CF,visa_required,
EE,CG,visa_required,
EE,CH,freedom_of_movement,
EE,CI,eta,
EE,CL,visa_free,90
EE,CM,e_visa,
EE,CN,visa_free,30
EE,CO,visa_free,90
EE,CR,visa_free,180
EE,CU,e_visa,
EE,CV,visa_free,30
EE,CY,freedom_of_movement,
EE,CZ,freedom_of_movement,
EE,DE,freedom_of_movement,
EE,DJ,visa_on_arrival,
EE,DK,freedom_of_movement,
EE,DM,visa_free,180
EE,DO,visa_free,
EE,DZ,visa_required,
EE,EC,visa_free,90
EE,EG,visa_on_arrival,
EE,ER,visa_required,
EE,ES,freedom_of_movement,
EE,ET,visa_on_arrival,
EE,FI,freedom_of_movement,
EE,FJ,visa_free,120
EE,FM,visa_free,90
EE,FR,freedom_of_movement,
EE,GA,e_visa,
EE,GB,visa_free,180
EE,GD,visa_free,90
EE,GE,visa_free,360
EE,GH,visa_on_arrival,
EE,GM,visa_free,90
EE,GN,e_visa,
EE,GQ,e_visa,
EE,GR,freedom_of_movement,
EE,GT,visa_free,90
EE,GW,visa_on_arrival,
EE,GY,visa_required,
EE,HK,visa_free,90
EE,HN,visa_free,90
EE,HR,freedom_of_movement,
EE,HT,visa_free,90
EE,HU,freedom_of_movement,
EE,ID,visa_on_arrival,
EE,IE,freedom_of_movement,
EE,IL,visa_free,90
EE,IN,e_visa,
EE,IQ,visa_on_arrival,
EE,IR,visa_on_arrival,
EE,IS,freedom_of_movement,
EE,IT,freedom_of_movement,
EE,JM,visa_free,30
EE,JO,visa_on_arrival,
EE,JP,visa_free,90
EE,KE,eta,
EE,KG,visa_free,60
EE,KH,visa_on_arrival,
EE,KI,visa_free,90
EE,KM,visa_on_arrival,
EE,KN,visa_free,90
EE,KP,visa_required,
EE,KR,visa_free,90
EE,KW,visa_on_arrival,
EE,KZ,visa_free,30
EE,LA,visa_on_arrival,
EE,LB,visa_on_arrival,
EE,LC,visa_free,90
EE,LI,freedom_of_movement,
EE,LK,visa_on_arrival,
EE,LR,visa_required,
EE,LS,e_visa,
EE,LT,freedom_of_movement,
EE,LU,freedom_of_movement,
EE,LV,freedom_of_movement,
EE,LY,e_visa,
EE,MA,visa_free,90
EE,MC,visa_free,
EE,MD,visa_free,90
EE,ME,visa_free,90
EE,MG,visa_on_arrival,
EE,MH,visa_free,90
EE,MK,visa_free,90
EE,ML,visa_required,
EE,MM,e_visa,
EE,MN,visa_free,30
EE,MO,visa_free,90
EE,MR,visa_on_arrival,
EE,MT,freedom_of_movement,
EE,MU,visa_free,90
EE,MV,visa_on_arrival,
EE,MW,visa_on_arrival,
EE,MX,visa_free,180
EE,MY,visa_free,90
EE,MZ,visa_on_arrival,
EE,NA,visa_on_arrival,
EE,NE,visa_required,
EE,NG,e_visa,
EE,NI,visa_free,90
EE,NL,freedom_of_movement,
EE,NO,freedom_of_movement,
EE,NP,visa_on_arrival,
EE,NR,visa_required,
EE,NZ,eta,
EE,OM,visa_on_arrival,
EE,PA,visa_free,90
EE,PE,visa_free,90
EE,PG,eta,
EE,PH,visa_free,30
EE,PK,e_visa,
EE,PL,freedom_of_movement,
EE,PS,visa_free,
EE,PT,freedom_of_movement,
EE,PW,visa_free,90
EE,PY,visa_free,90
EE,QA,visa_on_arrival,
EE,RO,freedom_of_movement,
EE,RS,visa_free,90
EE,RU,e_visa,
EE,RW,visa_on_arrival,
EE,SA,visa_on_arrival,
EE,SB,visa_free,90
EE,SC,visa_free,90
EE,SD,visa_required,
EE,SE,freedom_of_movement,
EE,SG,visa_free,90
EE,SI,freedom_of_movement,
EE,SK,freedom_of_movement,
EE,SL,visa_on_arrival,
EE,SM,visa_free,
EE,SN,visa_free,90
EE,SO,visa_on_arrival,
EE,SR,visa_required,
EE,SS,e_visa,
EE,ST,visa_free,
EE,SV,visa_free,180
EE,SY,e_visa,
EE,SZ,visa_free,30
EE,TD,visa_required,
EE,TG,e_visa,
EE,TH,visa_free,60
EE,TJ,visa_free,30
EE,TL,visa_free,90
EE,TM,visa_required,
EE,TN,visa_free,90
EE,TO,visa_free,90
EE,TR,visa_free,90
EE,TT,visa_free,90
EE,TV,visa_free,90
EE,TW,visa_free,90
EE,TZ,visa_on_arrival,
EE,UA,visa_free,90
EE,UG,e_visa,
EE,US,eta,
EE,UY,visa_free,90
EE,UZ,visa_free,30
EE,VA,visa_free,
EE,VC,visa_free,90
EE,VE,visa_free,90
EE,VN,e_visa,
EE,VU,visa_free,120
EE,WS,visa_free,90
EE,XK,visa_free,90
EE,YE,visa_required,
EE,ZA,visa_required,
EE,ZM,visa_free,90
EE,ZW,visa_on_arrival,
EG,AD,visa_required,
EG,AE,e_visa,
EG,AF,visa_required,
EG,AG,e_visa,
EG,AL,e_visa,
EG,AM,e_visa,
EG,AO,visa_required,
EG,AR,visa_required,
EG,AT,visa_required,
EG,AU,e_visa,
EG,AZ,visa_required,
EG,BA,visa_required,
EG,BB,visa_free,90
EG,BD,visa_required,
EG,BE,visa_required,
EG,BF,visa_on_arrival,
EG,BG,visa_required,
EG,BH,e_visa,
EG,BI,visa_on_arrival,
EG,BJ,visa_free,90
EG,BN,visa_required,
EG,BO,visa_on_arrival,
EG,BR,visa_required,
EG,BS,e_visa,
EG,BT,e_visa,
EG,BW,e_visa,
EG,BY,visa_required,
EG,BZ,visa_required,
EG,CA,visa_required,
EG,CD,e_visa,
EG,CF,visa_required,
EG,CG,visa_required,
EG,CH,visa_required,
EG,CI,eta,
EG,CL,visa_required,
EG,CM,e_visa,
EG,CN,visa_required,
EG,CO,e_visa,
EG,CR,visa_required,
EG,CU,e_visa,
EG,CV,visa_on_arrival,
EG,CY,visa_required,
EG,CZ,visa_required,
EG,DE,visa_required,
EG,DJ,visa_on_arrival,
EG,DK,visa_required,
EG,DM,visa_free,21
EG,DO,visa_required,
EG,DZ,visa_required,
EG,EC,e_visa,
EG,EE,visa_required,
EG,ER,visa_required,
EG,ES,visa_required,
EG,ET,e_visa,
EG,FI,visa_required,
EG,FJ,visa_required,
EG,FM,visa_free,30
EG,FR,visa_required,
EG,GA,e_visa,
EG,GB,visa_required,
EG,GD,visa_required,
EG,GE,e_visa,
EG,GH,visa_on_arrival,
EG,GM,visa_free,90
EG,GN,visa_free,
EG,GQ,e_visa,
EG,GR,visa_required,
EG,GT,visa_required,
EG,GW,visa_on_arrival,
EG,GY,visa_required,
EG,HK,visa_free,90
EG,HN,visa_required,
EG,HR,visa_required,
EG,HT,visa_free,90
EG,HU,visa_required,
EG,ID,visa_on_arrival,
EG,IE,visa_required,
EG,IL,visa_required,
EG,IN,visa_required,
EG,IQ,e_visa,
EG,IR,visa_free,21
EG,IS,visa_required,
EG,IT,visa_required,
EG,JM,visa_required,
EG,JO,visa_free,30
EG,JP,visa_required,
EG,KE,eta,
EG,KG,e_visa,
EG,KH,visa_on_arrival,
EG,KI,visa_free,90
EG,KM,visa_on_arrival,
EG,KN,visa_free,90
EG,KP,visa_required,
EG,KR,e_visa,
EG,KW,visa_required,
EG,KZ,e_visa,
EG,LA,visa_on_arrival,
EG,LB,visa_on_arrival,
EG,LC,visa_required,
EG,LI,visa_required,
EG,LK,visa_on_arrival,
EG,LR,visa_required,
EG,LS,e_visa,
EG,LT,visa_required,
EG,LU,visa_required,
EG,LV,visa_required,
EG,LY,visa_required,
EG,MA,visa_required,
EG,MC,visa_required,
EG,MD,e_visa,
EG,ME,visa_required,
EG,MG,visa_on_arrival,
EG,MH,visa_on_arrival,
EG,MK,visa_required,
EG,ML,visa_required,
EG,MM,e_visa,
EG,MN,visa_required,
EG,MO,visa_free,90
EG,MR,visa_on_arrival,
EG,MT,visa_required,
EG,MU,visa_free,90
EG,MV,visa_on_arrival,
EG,MW,e_visa,
EG,MX,visa_required,
EG,MY,visa_free,90
EG,MZ,visa_on_arrival,
EG,NA,visa_required,
EG,NE,visa_required,
EG,NG,visa_on_arrival,
EG,NI,visa_on_arrival,
EG,NL,visa_required,
EG,NO,visa_required,
EG,NP,visa_on_arrival,
EG,NR,visa_required,
EG,NZ,visa_required,
EG,OM,e_visa,
EG,PA,visa_required,
EG,PE,visa_required,
EG,PG,e_visa,
EG,PH,visa_required,
EG,PK,e_visa,
EG,PL,visa_required,
EG,PS,visa_free,
EG,PT,visa_required,
EG,PW,visa_on_arrival,
EG,PY,visa_required,
EG,QA,e_visa,
EG,RO,visa_required,
EG,RS,visa_required,
EG,RU,visa_required,
EG,RW,visa_free,30
EG,SA,visa_required,
EG,SB,visa_required,
EG,SC,visa_free,90
EG,SD,visa_required,
EG,SE,visa_required,
EG,SG,e_visa,
EG,SI,visa_required,
EG,SK,visa_required,
EG,SL,e_visa,
EG,SM,visa_required,
EG,SN,visa_on_arrival,
EG,SO,visa_on_arrival,
EG,SR,e_visa,
EG,SS,e_visa,
EG,ST,e_visa,
EG,SV,e_visa,
EG,SY,e_visa,
EG,SZ,visa_required,
EG,TD,visa_required,
EG,TG,e_visa,
EG,TH,e_visa,
EG,TJ,visa_on_arrival,
EG,TL,visa_on_arrival,
EG,TM,visa_required,
EG,TN,visa_required,
EG,TO,visa_required,
EG,TR,visa_required,
EG,TT,visa_required,
EG,TV,visa_on_arrival,
EG,TW,visa_required,
EG,TZ,visa_on_arrival,
EG,UA,visa_required,
EG,UG,e_visa,
EG,US,visa_required,
EG,UY,visa_required,
EG,UZ,e_visa,
EG,VA,visa_required,
EG,VC,visa_free,90
EG,VE,visa_required,
EG,VN,e_visa,
EG,VU,visa_required,
EG,WS,visa_on_arrival,
EG,XK,visa_required,
EG,YE,visa_on_arrival,
EG,ZA,e_visa,
EG,ZM,e_visa,
EG,ZW,visa_on_arrival,
ER,AD,visa_required,
ER,AE,e_visa,
ER,AF,visa_required,
ER,AG,e_visa,
ER,AL,e_visa,
ER,AM,visa_required,
ER,AO,visa_required,
ER,AR,visa_required,
ER,AT,visa_required,
ER,AU,e_visa,
ER,AZ,visa_required,
ER,BA,visa_required,
ER,BB,visa_required,
ER,BD,visa_on_arrival,
ER,BE,visa_required,
ER,BF,visa_on_arrival,
ER,BG,visa_required,
ER,BH,e_visa,
ER,BI,visa_on_arrival,
ER,BJ,visa_free,90
ER,BN,visa_required,
ER,BO,visa_on_arrival,
ER,BR,visa_required,
ER,BS,e_visa,
ER,BT,e_visa,
ER,BW,e_visa,
ER,BY,visa_required,
ER,BZ,visa_required,
ER,CA,visa_required,
ER,CD,e_visa,
ER,CF,visa_required,
ER,CG,visa_required,
ER,CH,visa_required,
ER,CI,eta,
ER,CL,visa_required,
ER,CM,e_visa,
ER,CN,visa_required,
ER,CO,e_visa,
ER,CR,visa_required,
ER,CU,visa_required,
ER,CV,visa_on_arrival,
ER,CY,visa_required,
ER,CZ,visa_required,
ER,DE,visa_required,
ER,DJ,visa_on_arrival,
ER,DK,visa_required,
ER,DM,visa_free,21
ER,DO,visa_required,
ER,DZ,visa_required,
ER,EC,e_visa,
ER,EE,visa_required,
ER,EG,visa_required,
ER,ES,visa_required,
ER,ET,e_visa,
ER,FI,visa_required,
ER,FJ,visa_required,
ER,FM,visa_free,30
ER,FR,visa_required,
ER,GA,e_visa,
ER,GB,visa_required,
ER,GD,visa_required,
ER,GE,e_visa,
ER,GH,visa_on_arrival,
ER,GM,visa_free,90
ER,GN,e_visa,
ER,GQ,e_visa,
ER,GR,visa_required,
ER,GT,visa_required,
ER,GW,visa_on_arrival,
ER,GY,visa_required,
ER,HK,e_visa,
ER,HN,visa_required,
ER,HR,visa_required,
ER,HT,visa_free,90
ER,HU,visa_required,
ER,ID,e_visa,
ER,IE,visa_required,
ER,IL,visa_required,
ER,IN,e_visa,
ER,IQ,e_visa,
ER,IR,visa_on_arrival,
ER,IS,visa_required,
ER,IT,visa_required,
ER,JM,visa_required,
ER,JO,visa_required,
ER,JP,visa_required,
ER,KE,eta,
ER,KG,e_visa,
ER,KH,visa_on_arrival,
ER,KI,visa_required,
ER,KM,visa_on_arrival,
ER,KN,e_visa,
ER,KP,visa_required,
ER,KR,e_visa,
ER,KW,visa_required,
ER,KZ,e_visa,
ER,LA,visa_on_arrival,
ER,LB,visa_required,
ER,LC,visa_required,
ER,LI,visa_required,
ER,LK,visa_on_arrival,
ER,LR,visa_required,
ER,LS,e_visa,
ER,LT,visa_required,
ER,LU,visa_required,
ER,LV,visa_required,
ER,LY,e_visa,
ER,MA,visa_required,
ER,MC,visa_required,
ER,MD,e_visa,
ER,ME,visa_required,
ER,MG,visa_on_arrival,
ER,MH,visa_required,
ER,MK,visa_required,
ER,ML,visa_required,
ER,MM,e_visa,
ER,MN,e_visa,
ER,MO,visa_on_arrival,
ER,MR,visa_on_arrival,
ER,MT,visa_required,
ER,MU,visa_on_arrival,
ER,MV,visa_on_arrival,
ER,MW,e_visa,
ER,MX,visa_required,
ER,MY,e_visa,
ER,MZ,e_visa,
ER,NA,visa_on_arrival,
ER,NE,visa_required,
ER,NG,visa_on_arrival,
ER,NI,visa_required,
ER,NL,visa_required,
ER,NO,visa_required,
ER,NP,visa_on_arrival,
ER,NR,visa_required,
ER,NZ,visa_required,
ER,OM,e_visa,
ER,PA,visa_required,
ER,PE,visa_required,
ER,PG,e_visa,
ER,PH,visa_free,30
ER,PK,e_visa,
ER,PL,visa_required,
ER,PS,visa_required,
ER,PT,visa_required,
ER,PW,visa_on_arrival,
ER,PY,visa_required,
ER,QA,e_visa,
ER,RO,visa_required,
ER,RS,visa_required,
ER,RU,visa_required,
ER,RW,visa_free,30
ER,SA,visa_required,
ER,SB,visa_required,
ER,SC,visa_free,90
ER,SD,visa_required,
ER,SE,visa_required,
ER,SG,visa_free,30
ER,SI,visa_required,
ER,SK,visa_required,
ER,SL,e_visa,
ER,SM,visa_required,
ER,SN,visa_required,
ER,SO,visa_on_arrival,
ER,SR,e_visa,
ER,SS,e_visa,
ER,ST,e_visa,
ER,SV,e_visa,
ER,SY,e_visa,
ER,SZ,visa_required,
ER,TD,visa_required,
ER,TG,e_visa,
ER,TH,e_visa,
ER,TJ,e_visa,
ER,TL,visa_on_arrival,
ER,TM,visa_required,
ER,TN,visa_required,
ER,TO,visa_required,
ER,TR,visa_required,
ER,TT,visa_required,
ER,TV,visa_on_arrival,
ER,TW,visa_required,
ER,TZ,e_visa,
ER,UA,visa_required,
ER,UG,visa_free,90
ER,US,visa_required,
ER,UY,visa_required,
ER,UZ,visa_required,
ER,VA,visa_required,
ER,VC,visa_free,90
ER,VE,visa_required,
ER,VN,e_visa,
ER,VU,visa_required,
ER,WS,visa_on_arrival,
ER,XK,visa_required,
ER,YE,visa_required,
ER,ZA,visa_required,
ER,ZM,visa_on_arrival,
ER,ZW,e_visa,
ES,AD,visa_free,
ES,AE,visa_free,90
ES,AF,visa_required,
ES,AG,visa_free,180
ES,AL,visa_free,90
ES,AM,visa_free,180
ES,AO,visa_free,30
ES,AR,visa_free,90
ES,AT,freedom_of_movement,
ES,AU,eta,
ES,AZ,e_visa,
ES,BA,visa_free,90
ES,BB,visa_free,90
ES,BD,visa_on_arrival,
ES,BE,freedom_of_movement,
ES,BF,visa_on_arrival,
ES,BG,freedom_of_movement,
ES,BH,visa_on_arrival,
ES,BI,visa_on_arrival,
ES,BJ,e_visa,
ES,BN,visa_free,90
ES,BO,visa_free,90
ES,BR,visa_free,90
ES,BS,visa_free,90
ES,BT,e_visa,
ES,BW,visa_free,90
ES,BY,visa_free,30
ES,BZ,visa_free,
ES,CA,eta,
ES,CD,e_visa,
ES,CF,visa_required,
ES,CG,visa_required,
ES,CH,freedom_of_movement,
ES,CI,eta,
ES,CL,visa_free,90
ES,CM,e_visa,
ES,CN,visa_free,30
ES,CO,visa_free,90
ES,CR,visa_free,180
ES,CU,e_visa,
ES,CV,visa_free,30
ES,CY,freedom_of_movement,
ES,CZ,freedom_of_movement,
ES,DE,freedom_of_movement,
ES,DJ,visa_on_arrival,
ES,DK,freedom_of_movement,
ES,DM,visa_free,180
ES,DO,visa_free,
ES,DZ,visa_required,
ES,EC,visa_free,90
ES,EE,freedom_of_movement,
ES,EG,visa_on_arrival,
ES,ER,visa_required,
ES,ET,visa_on_arrival,
ES,FI,freedom_of_movement,
ES,FJ,visa_free,120
ES,FM,visa_free,90
ES,FR,freedom_of_movement,
ES,GA,e_visa,
ES,GB,visa_free,180
ES,GD,visa_free,90
ES,GE,visa_free,360
ES,GH,visa_on_arrival,
ES,GM,visa_free,90
ES,GN,e_visa,
ES,GQ,e_visa,
ES,GR,freedom_of_movement,
ES,GT,visa_free,90
ES,GW,visa_on_arrival,
ES,GY,visa_free,90
ES,HK,visa_free,90
ES,HN,visa_free,90
ES,HR,freedom_of_movement,
ES,HT,visa_free,90
ES,HU,freedom_of_movement,
ES,ID,visa_on_arrival,
ES,IE,freedom_of_movement,
ES,IL,visa_free,90
ES,IN,e_visa,
ES,IQ,visa_on_arrival,
ES,IR,visa_on_arrival,
ES,IS,freedom_of_movement,
ES,IT,freedom_of_movement,
ES,JM,visa_free,90
ES,JO,visa_on_arrival,
ES,JP,visa_free,90
ES,KE,eta,
ES,KG,visa_free,60
ES,KH,visa_on_arrival,
ES,KI,visa_free,90
ES,KM,visa_on_arrival,
ES,KN,visa_free,90
ES,KP,visa_required,
ES,KR,visa_free,90
ES,KW,visa_on_arrival,
ES,KZ,visa_free,30
ES,LA,visa_free,15
ES,LB,visa_on_arrival,
ES,LC,visa_free,90
ES,LI,freedom_of_movement,
ES,LK,visa_on_arrival,
ES,LR,visa_required,
ES,LS,visa_free,14
ES,LT,freedom_of_movement,
ES,LU,freedom_of_movement,
ES,LV,freedom_of_movement,
ES,LY,e_visa,
ES,MA,visa_free,90
ES,MC,visa_free,
ES,MD,visa_free,90
ES,ME,visa_free,90
ES,MG,visa_on_arrival,
ES,MH,visa_free,90
ES,MK,visa_free,90
ES,ML,visa_required,
ES,MM,e_visa,
ES,MN,visa_free,30
ES,MO,visa_free,90
ES,MR,visa_on_arrival,
ES,MT,freedom_of_movement,
ES,MU,visa_free,90
ES,MV,visa_on_arrival,
ES,MW,visa_on_arrival,
ES,MX,visa_free,180
ES,MY,visa_free,90
ES,MZ,visa_free,30
ES,NA,visa_free,90
ES,NE,visa_required,
ES,NG,e_visa,
ES,NI,visa_free,90
ES,NL,freedom_of_movement,
ES,NO,freedom_of_movement,
ES,NP,visa_on_arrival,
ES,NR,visa_free,90
ES,NZ,eta,
ES,OM,visa_on_arrival,
ES,PA,visa_free,90
ES,PE,visa_free,90
ES,PG,eta,
ES,PH,visa_free,30
ES,PK,eta,
ES,PL,freedom_of_movement,
ES,PS,visa_free,
ES,PT,freedom_of_movement,
ES,PW,visa_free,90
ES,PY,visa_free,90
ES,QA,visa_on_arrival,
ES,RO,freedom_of_movement,
ES,RS,visa_free,90
ES,RU,e_visa,
ES,RW,visa_on_arrival,
ES,SA,visa_on_arrival,
ES,SB,visa_free,90
ES,SC,visa_free,90
ES,SD,visa_required,
ES,SE,freedom_of_movement,
ES,SG,visa_free,90
ES,SI,freedom_of_movement,
ES,SK,freedom_of_movement,
ES,SL,visa_on_arrival,
ES,SM,visa_free,
ES,SN,visa_free,90
ES,SO,visa_on_arrival,
ES,SR,visa_required,
ES,SS,e_visa,
ES,ST,visa_free,15
ES,SV,visa_free,180
ES,SY,e_visa,
ES,SZ,visa_free,30
ES,TD,visa_required,
ES,TG,e_visa,
ES,TH,visa_free,60
ES,TJ,visa_free,30
ES,TL,visa_free,90
ES,TM,visa_required,
ES,TN,visa_free,90
ES,TO,visa_free,90
ES,TR,visa_free,90
ES,TT,visa_free,90
ES,TV,visa_free,90
ES,TW,visa_free,90
ES,TZ,visa_on_arrival,
ES,UA,visa_free,90
ES,UG,e_visa,
ES,US,eta,
ES,UY,visa_free,90
ES,UZ,visa_free,30
ES,VA,visa_free,
ES,VC,visa_free,90
ES,VE,visa_free,90
ES,VN,visa_free,45
ES,VU,visa_free,120
ES,WS,visa_free,90
ES,XK,visa_free,90
ES,YE,visa_required,
ES,ZA,visa_free,90
ES,ZM,visa_free,90
ES,ZW,visa_on_arrival,
ET,AD,visa_required,
ET,AE,e_visa,
ET,AF,visa_required,
ET,AG,e_visa,
ET,AL,e_visa,
ET,AM,visa_required,
ET,AO,visa_required,
ET,AR,visa_required,
ET,AT,visa_required,
ET,AU,e_visa,
ET,AZ,visa_required,
ET,BA,visa_required,
ET,BB,visa_free,90
ET,BD,visa_on_arrival,
ET,BE,visa_required,
ET,BF,e_visa,
ET,BG,visa_required,
ET,BH,e_visa,
ET,BI,visa_on_arrival,
ET,BJ,visa_free,90
ET,BN,visa_required,
ET,BO,visa_on_arrival,
ET,BR,visa_required,
ET,BS,e_visa,
ET,BT,e_visa,
ET,BW,e_visa,
ET,BY,visa_required,
ET,BZ,visa_required,
ET,CA,visa_required,
ET,CD,e_visa,
ET,CF,visa_required,
ET,CG,visa_required,
ET,CH,visa_required,
ET,CI,eta,
ET,CL,visa_required,
ET,CM,e_visa,
ET,CN,visa_required,
ET,CO,e_visa,
ET,CR,visa_required,
ET,CU,visa_required,
ET,CV,visa_on_arrival,
ET,CY,visa_required,
ET,CZ,visa_required,
ET,DE,visa_required,
ET,DJ,visa_on_arrival,
ET,DK,visa_required,
ET,DM,visa_free,21
ET,DO,visa_required,
ET,DZ,visa_required,
ET,EC,e_visa,
ET,EE,visa_required,
ET,EG,visa_required,
ET,ER,visa_on_arrival,
ET,ES,visa_required,
ET,FI,visa_required,
ET,FJ,visa_required,
ET,FM,visa_free,30
ET,FR,visa_required,
ET,GA,e_visa,
ET,GB,visa_required,
ET,GD,visa_required,
ET,GE,e_visa,
ET,GH,visa_on_arrival,
ET,GM,visa_free,90
ET,GN,e_visa,
ET,GQ,e_visa,
ET,GR,visa_required,
ET,GT,visa_required,
ET,GW,visa_on_arrival,
ET,GY,visa_required,
ET,HK,e_visa,
ET,HN,visa_required,
ET,HR,visa_required,
ET,HT,visa_free,90
ET,HU,visa_required,
ET,ID,e_visa,
ET,IE,visa_required,
ET,IL,visa_required,
ET,IN,visa_required,
ET,IQ,e_visa,
ET,IR,visa_on_arrival,
ET,IS,visa_required,
ET,IT,visa_required,
ET,JM,visa_required,
ET,JO,visa_required,
ET,JP,visa_required,
ET,KE,eta,
ET,KG,e_visa,
ET,KH,visa_on_arrival,
ET,KI,visa_required,
ET,KM,visa_on_arrival,
ET,KN,e_visa,
ET,KP,visa_required,
ET,KR,e_visa,
ET,KW,visa_required,
ET,KZ,e_visa,
ET,LA,visa_on_arrival,
ET,LB,visa_required,
ET,LC,visa_on_arrival,
ET,LI,visa_required,
ET,LK,visa_on_arrival,
ET,LR,visa_required,
ET,LS,e_visa,
ET,LT,visa_required,
ET,LU,visa_required,
ET,LV,visa_required,
ET,LY,e_visa,
ET,MA,visa_required,
ET,MC,visa_required,
ET,MD,e_visa,
ET,ME,visa_required,
ET,MG,visa_on_arrival,
ET,MH,visa_required,
ET,MK,visa_required,
ET,ML,visa_required,
ET,MM,visa_required,
ET,MN,e_visa,
ET,MO,visa_on_arrival,
ET,MR,visa_on_arrival,
ET,MT,visa_required,
ET,MU,visa_on_arrival,
ET,MV,visa_on_arrival,
ET,MW,e_visa,
ET,MX,visa_required,
ET,MY,e_visa,
ET,MZ,visa_on_arrival,
ET,NA,visa_required,
ET,NE,visa_required,
ET,NG,visa_on_arrival,
ET,NI,visa_on_arrival,
ET,NL,visa_required,
ET,NO,visa_required,
ET,NP,visa_required,
ET,NR,visa_required,
ET,NZ,visa_required,
ET,OM,e_visa,
ET,PA,visa_required,
ET,PE,visa_required,
ET,PG,e_visa,
ET,PH,visa_free,30
ET,PK,e_visa,
ET,PL,visa_required,
ET,PS,visa_required,
ET,PT,visa_required,
ET,PW,visa_on_arrival,
ET,PY,visa_required,
ET,QA,e_visa,
ET,RO,visa_required,
ET,RS,visa_required,
ET,RU,visa_required,
ET,RW,visa_free,30
ET,SA,visa_required,
ET,SB,visa_required,
ET,SC,visa_free,90
ET,SD,visa_required,
ET,SE,visa_required,
ET,SG,visa_free,30
ET,SI,visa_required,
ET,SK,visa_required,
ET,SL,e_visa,
ET,SM,visa_required,
ET,SN,visa_on_arrival,
ET,SO,visa_on_arrival,
ET,SR,visa_required,
ET,SS,e_visa,
ET,ST,e_visa,
ET,SV,e_visa,
ET,SY,e_visa,
ET,SZ,visa_required,
ET,TD,visa_required,
ET,TG,e_visa,
ET,TH,visa_on_arrival,
ET,TJ,e_visa,
ET,TL,visa_on_arrival,
ET,TM,visa_required,
ET,TN,visa_required,
ET,TO,visa_required,
ET,TR,visa_required,
ET,TT,visa_required,
ET,TV,visa_on_arrival,
ET,TW,visa_required,
ET,TZ,visa_on_arrival,
ET,UA,visa_required,
ET,UG,e_visa,
ET,US,visa_required,
ET,UY,visa_required,
ET,UZ,visa_required,
ET,VA,visa_required,
ET,VC,visa_free,90
ET,VE,visa_required,
ET,VN,e_visa,
ET,VU,visa_required,
ET,WS,visa_on_arrival,
ET,XK,visa_required,
ET,YE,visa_required,
ET,ZA,e_visa,
ET,ZM,e_visa,
ET,ZW,visa_on_arrival,
FI,AD,visa_free,
FI,AE,visa_free,90
FI,AF,visa_required,
FI,AG,visa_free,180
FI,AL,visa_free,90
FI,AM,visa_free,180
FI,AO,visa_free,30
FI,AR,visa_free,90
FI,AT,freedom_of_movement,
FI,AU,eta,
FI,AZ,e_visa,
FI,BA,visa_free,90
FI,BB,visa_free,90
FI,BD,visa_on_arrival,
FI,BE,freedom_of_movement,
FI,BF,visa_on_arrival,
FI,BG,freedom_of_movement,
FI,BH,visa_on_arrival,
FI,BI,visa_on_arrival,
FI,BJ,e_visa,
FI,BN,visa_free,90
FI,BO,visa_free,90
FI,BR,visa_free,90
FI,BS,visa_free,90
FI,BT,e_visa,
FI,BW,visa_free,90
FI,BY,visa_free,30
FI,BZ,visa_free,
FI,CA,eta,
FI,CD,e_visa,
FI,CF,visa_required,
FI,CG,visa_required,
FI,CH,freedom_of_movement,
FI,CI,eta,
FI,CL,visa_free,90
FI,CM,e_visa,
FI,CN,visa_free,30
FI,CO,visa_free,90
FI,CR,visa_free,180
FI,CU,e_visa,
FI,CV,visa_free,30
FI,CY,freedom_of_movement,
FI,CZ,freedom_of_movement,
FI,DE,freedom_of_movement,
FI,DJ,visa_on_arrival,
FI,DK,freedom_of_movement,
FI,DM,visa_free,180
FI,DO,visa_free,
FI,DZ,visa_required,
FI,EC,visa_free,90
FI,EE,freedom_of_movement,
FI,EG,visa_on_arrival,
FI,ER,visa_required,
FI,ES,freedom_of_movement,
FI,ET,visa_on_arrival,
FI,FJ,visa_free,120
FI,FM,visa_free,90
FI,FR,freedom_of_movement,
FI,GA,e_visa,
FI,GB,visa_free,180
FI,GD,visa_free,90
FI,GE,visa_free,360
FI,GH,visa_on_arrival,
FI,GM,visa_free,90
FI,GN,e_visa,
FI,GQ,e_visa,
FI,GR,freedom_of_movement,
FI,GT,visa_free,90
FI,GW,visa_on_arrival,
FI,GY,visa_free,90
FI,HK,visa_free,90
FI,HN,visa_free,90
FI,HR,freedom_of_movement,
FI,HT,visa_free,90
FI,HU,freedom_of_movement,
FI,ID,visa_on_arrival,
FI,IE,freedom_of_movement,
FI,IL,visa_free,90
FI,IN,e_visa,
FI,IQ,visa_on_arrival,
FI,IR,visa_on_arrival,
FI,IS,freedom_of_movement,
FI,IT,freedom_of_movement,
FI,JM,visa_free,90
FI,JO,visa_on_arrival,
FI,JP,visa_free,90
FI,KE,eta,
FI,KG,visa_free,60
FI,KH,visa_on_arrival,
FI,KI,visa_free,90
FI,KM,visa_on_arrival,
FI,KN,visa_free,90
FI,KP,visa_required,
FI,KR,visa_free,90
FI,KW,visa_on_arrival,
FI,KZ,visa_free,30
FI,LA,visa_free,15
FI,LB,visa_on_arrival,
FI,LC,visa_free,90
FI,LI,freedom_of_movement,
FI,LK,visa_on_arrival,
FI,LR,visa_required,
FI,LS,visa_free,14
FI,LT,freedom_of_movement,
FI,LU,freedom_of_movement,
FI,LV,freedom_of_movement,
FI,LY,e_visa,
FI,MA,visa_free,90
FI,MC,visa_free,
FI,MD,visa_free,90
FI,ME,visa_free,90
FI,MG,visa_on_arrival,
FI,MH,visa_free,90
FI,MK,visa_free,90
FI,ML,visa_required,
FI,MM,e_visa,
FI,MN,visa_free,30
FI,MO,visa_free,90
FI,MR,visa_on_arrival,
FI,MT,freedom_of_movement,
FI,MU,visa_free,90
FI,MV,visa_on_arrival,
FI,MW,visa_free,30
FI,MX,visa_free,180
FI,MY,visa_free,90
FI,MZ,visa_free,30
FI,NA,visa_free,90
FI,NE,visa_required,
FI,NG,e_visa,
FI,NI,visa_free,90
FI,NL,freedom_of_movement,
FI,NO,freedom_of_movement,
FI,NP,visa_on_arrival,
FI,NR,visa_required,
FI,NZ,eta,
FI,OM,visa_on_arrival,
FI,PA,visa_free,90
FI,PE,visa_free,90
FI,PG,eta,
FI,PH,visa_free,30
FI,PK,eta,
FI,PL,freedom_of_movement,
FI,PS,visa_free,
FI,PT,freedom_of_movement,
FI,PW,visa_free,90
FI,PY,visa_free,90
FI,QA,visa_on_arrival,
FI,RO,freedom_of_movement,
FI,RS,visa_free,90
FI,RU,e_visa,
FI,RW,visa_on_arrival,
FI,SA,visa_on_arrival,
FI,SB,visa_free,90
FI,SC,visa_free,90
FI,SD,visa_required,
FI,SE,freedom_of_movement,
FI,SG,visa_free,90
FI,SI,freedom_of_movement,
FI,SK,freedom_of_movement,
FI,SL,visa_on_arrival,
FI,SM,visa_free,
FI,SN,visa_free,90
FI,SO,visa_on_arrival,
FI,SR,visa_required,
FI,SS,e_visa,
FI,ST,visa_free,15
FI,SV,visa_free,180
FI,SY,e_visa,
FI,SZ,visa_free,30
FI,TD,visa_required,
FI,TG,e_visa,
FI,TH,visa_free,60
FI,TJ,visa_free,30
FI,TL,visa_free,90
FI,TM,visa_required,
FI,TN,visa_free,90
FI,TO,visa_free,90
FI,TR,visa_free,90
FI,TT,visa_free,90
FI,TV,visa_free,90
FI,TW,visa_free,90
FI,TZ,visa_on_arrival,
FI,UA,visa_free,90
FI,UG,e_visa,
FI,US,eta,
FI,UY,visa_free,90
FI,UZ,visa_free,30
FI,VA,visa_free,
FI,VC,visa_free,90
FI,VE,visa_free,90
FI,VN,visa_free,45
FI,VU,visa_free,120
FI,WS,visa_free,90
FI,XK,visa_free,90
FI,YE,visa_required,
FI,ZA,visa_free,90
FI,ZM,visa_free,90
FI,ZW,visa_on_arrival,
FJ,AD,visa_required,
FJ,AE,e_visa,
FJ,AF,visa_required,
FJ,AG,visa_free,180
FJ,AL,e_visa,
FJ,AM,e_visa,
FJ,AO,visa_free,30
FJ,AR,visa_free,90
FJ,AT,visa_required,
FJ,AU,e_visa,
FJ,AZ,visa_required,
FJ,BA,visa_required,
FJ,BB,visa_free,180
FJ,BD,visa_free,90
FJ,BE,visa_required,
FJ,BF,e_visa,
FJ,BG,visa_required,
FJ,BH,e_visa,
FJ,BI,visa_on_arrival,
FJ,BJ,e_visa,
FJ,BN,visa_required,
FJ,BO,visa_on_arrival,
FJ,BR,visa_free,90
FJ,BS,visa_free,90
FJ,BT,e_visa,
FJ,BW,e_visa,
FJ,BY,visa_required,
FJ,BZ,visa_free,
FJ,CA,visa_required,
FJ,CD,e_visa,
FJ,CF,visa_required,
FJ,CG,visa_required,
FJ,CH,visa_required,
FJ,CI,eta,
FJ,CL,visa_free,90
FJ,CM,e_visa,
FJ,CN,visa_free,30
FJ,CO,visa_free,90
FJ,CR,visa_free,30
FJ,CU,e_visa,
FJ,CV,visa_on_arrival,
FJ,CY,visa_required,
FJ,CZ,visa_required,
FJ,DE,visa_required,
FJ,DJ,visa_on_arrival,
FJ,DK,visa_required,
FJ,DM,visa_free,21
FJ,DO,visa_free,
FJ,DZ,visa_required,
FJ,EC,visa_free,90
FJ,EE,visa_required,
FJ,EG,visa_on_arrival,
FJ,ER,visa_required,
FJ,ES,visa_required,
FJ,ET,e_visa,
FJ,FI,visa_required,
FJ,FM,visa_free,30
FJ,FR,visa_required,
FJ,GA,e_visa,
FJ,GB,visa_required,
FJ,GD,visa_required,
FJ,GE,visa_free,90
FJ,GH,visa_on_arrival,
FJ,GM,visa_free,90
FJ,GN,e_visa,
FJ,GQ,e_visa,
FJ,GR,visa_required,
FJ,GT,visa_free,90
FJ,GW,visa_on_arrival,
FJ,GY,visa_required,
FJ,HK,visa_free,90
FJ,HN,visa_required,
FJ,HR,visa_required,
FJ,HT,visa_free,90
FJ,HU,visa_required,
FJ,ID,e_visa,
FJ,IE,visa_free,90
FJ,IL,visa_free,90
FJ,IN,e_visa,
FJ,IQ,e_visa,
FJ,IR,visa_on_arrival,
FJ,IS,visa_required,
FJ,IT,visa_required,
FJ,JM,visa_free,
FJ,JO,visa_on_arrival,
FJ,JP,visa_required,
FJ,KE,eta,
FJ,KG,e_visa,
FJ,KH,visa_on_arrival,
FJ,KI,visa_free,90
FJ,KM,visa_on_arrival,
FJ,KN,visa_free,90
FJ,KP,visa_required,
FJ,KR,visa_free,30
FJ,KW,visa_required,
FJ,KZ,e_visa,
FJ,LA,visa_on_arrival,
FJ,LB,visa_required,
FJ,LC,visa_free,42
FJ,LI,visa_required,
FJ,LK,visa_on_arrival,
FJ,LR,visa_required,
FJ,LS,e_visa,
FJ,LT,visa_required,
FJ,LU,visa_required,
FJ,LV,visa_required,
FJ,LY,e_visa,
FJ,MA,visa_required,
FJ,MC,visa_required,
FJ,MD,e_visa,
FJ,ME,visa_required,
FJ,MG,visa_on_arrival,
FJ,MH,visa_on_arrival,
FJ,MK,visa_required,
FJ,ML,visa_required,
FJ,MM,e_visa,
FJ,MN,e_visa,
FJ,MO,visa_on_arrival,
FJ,MR,visa_on_arrival,
FJ,MT,visa_required,
FJ,MU,visa_free,90
FJ,MV,visa_on_arrival,
FJ,MW,visa_free,90
FJ,MX,visa_required,
FJ,MY,visa_free,30
FJ,MZ,visa_on_arrival,
FJ,NA,visa_required,
FJ,NE,visa_required,
FJ,NG,e_visa,
FJ,NI,visa_free,90
FJ,NL,visa_required,
FJ,NO,visa_required,
FJ,NP,visa_on_arrival,
FJ,NR,visa_on_arrival,
FJ,NZ,visa_required,
FJ,OM,e_visa,
FJ,PA,visa_free,90
FJ,PE,visa_free,180
FJ,PG,eta,
FJ,PH,visa_free,30
FJ,PK,e_visa,
FJ,PL,visa_required,
FJ,PS,visa_free,
FJ,PT,visa_required,
FJ,PW,visa_on_arrival,
FJ,PY,visa_required,
FJ,QA,e_visa,
FJ,RO,visa_required,
FJ,RS,visa_required,
FJ,RU,visa_free,90
FJ,RW,visa_free,30
FJ,SA,visa_required,
FJ,SB,visa_on_arrival,
FJ,SC,visa_free,90
FJ,SD,visa_required,
FJ,SE,visa_required,
FJ,SG,visa_free,30
FJ,SI,visa_required,
FJ,SK,visa_required,
FJ,SL,visa_on_arrival,
FJ,SM,visa_required,
FJ,SN,visa_on_arrival,
FJ,SO,e_visa,
FJ,SR,visa_required,
FJ,SS,e_visa,
FJ,ST,e_visa,
FJ,SV,visa_free,180
FJ,SY,e_visa,
FJ,SZ,visa_required,
FJ,TD,visa_required,
FJ,TG,e_visa,
FJ,TH,visa_free,60
FJ,TJ,e_visa,
FJ,TL,visa_on_arrival,
FJ,TM,visa_required,
FJ,TN,visa_free,90
FJ,TO,visa_on_arrival,
FJ,TR,e_visa,
FJ,TT,visa_required,
FJ,TV,visa_on_arrival,
FJ,TW,visa_required,
FJ,TZ,visa_on_arrival,
FJ,UA,visa_required,
FJ,UG,visa_free,90
FJ,US,visa_required,
FJ,UY,visa_required,
FJ,UZ,e_visa,
FJ,VA,visa_required,
FJ,VC,visa_free,90
FJ,VE,visa_required,
FJ,VN,e_visa,
FJ,VU,visa_free,120
FJ,WS,visa_on_arrival,
FJ,XK,visa_free,90
FJ,YE,visa_required,
FJ,ZA,visa_required,
FJ,ZM,visa_free,90
FJ,ZW,visa_free,90
FM,AD,visa_free,90
FM,AE,e_visa,
FM,AF,visa_required,
FM,AG,e_visa,
FM,AL,e_visa,
FM,AM,e_visa,
FM,AO,visa_free,30
FM,AR,visa_required,
FM,AT,visa_free,90
FM,AU,e_visa,
FM,AZ,visa_required,
FM,BA,visa_free,90
FM,BB,visa_free,90
FM,BD,visa_on_arrival,
FM,BE,visa_free,90
FM,BF,e_visa,
FM,BG,visa_free,90
FM,BH,e_visa,
FM,BI,visa_on_arrival,
FM,BJ,e_visa,
FM,BN,visa_required,
FM,BO,visa_on_arrival,
FM,BR,visa_required,
FM,BS,e_visa,
FM,BT,e_visa,
FM,BW,e_visa,
FM,BY,visa_free,30
FM,BZ,visa_free,
FM,CA,visa_required,
FM,CD,e_visa,
FM,CF,visa_required,
FM,CG,visa_required,
FM,CH,visa_free,90
FM,CI,eta,
FM,CL,visa_required,
FM,CM,e_visa,
FM,CN,visa_required,
FM,CO,visa_free,90
FM,CR,visa_free,30
FM,CU,e_visa,
FM,CV,visa_on_arrival,
FM,CY,visa_free,90
FM,CZ,visa_free,90
FM,DE,visa_free,90
FM,DJ,visa_on_arrival,
FM,DK,visa_free,90
FM,DM,visa_free,21
FM,DO,visa_free,
FM,DZ,visa_required,
FM,EC,visa_free,90
FM,EE,visa_free,90
FM,EG,visa_on_arrival,
FM,ER,visa_required,
FM,ES,visa_free,90
FM,ET,e_visa,
FM,FI,visa_free,90
FM,FJ,visa_free,120
FM,FR,visa_free,90
FM,GA,e_visa,
FM,GB,eta,
FM,GD,visa_free,90
FM,GE,e_visa,
FM,GH,visa_on_arrival,
FM,GM,visa_free,90
FM,GN,e_visa,
FM,GQ,e_visa,
FM,GR,visa_free,90
FM,GT,visa_required,
FM,GW,visa_on_arrival,
FM,GY,visa_required,
FM,HK,visa_free,14
FM,HN,visa_required,
FM,HR,visa_free,90
FM,HT,visa_free,90
FM,HU,visa_free,90
FM,ID,e_visa,
FM,IE,visa_required,
FM,IL,visa_free,90
FM,IN,e_visa,
FM,IQ,e_visa,
FM,IR,visa_on_arrival,
FM,IS,visa_free,90
FM,IT,visa_free,90
FM,JM,visa_required,
FM,JO,visa_required,
FM,JP,visa_required,
FM,KE,eta,
FM,KG,e_visa,
FM,KH,visa_on_arrival,
FM,KI,visa_free,90
FM,KM,visa_on_arrival,
FM,KN,e_visa,
FM,KP,visa_required,
FM,KR,visa_free,30
FM,KW,visa_required,
FM,KZ,e_visa,
FM,LA,visa_on_arrival,
FM,LB,visa_required,
FM,LC,visa_free,42
FM,LI,visa_free,90
FM,LK,visa_on_arrival,
FM,LR,visa_required,
FM,LS,e_visa,
FM,LT,visa_free,90
FM,LU,visa_free,90
FM,LV,visa_free,90
FM,LY,e_visa,
FM,MA,visa_required,
FM,MC,visa_free,90
FM,MD,visa_free,90
FM,ME,visa_free,90
FM,MG,visa_on_arrival,
FM,MH,visa_free,90
FM,MK,visa_required,
FM,ML,visa_required,
FM,MM,visa_required,
FM,MN,e_visa,
FM,MO,visa_on_arrival,
FM,MR,visa_on_arrival,
FM,MT,visa_free,90
FM,MU,visa_on_arrival,
FM,MV,visa_on_arrival,
FM,MW,visa_on_arrival,
FM,MX,visa_free,180
FM,MY,visa_free,30
FM,MZ,visa_on_arrival,
FM,NA,visa_required,
FM,NE,visa_required,
FM,NG,e_visa,
FM,NI,visa_on_arrival,
FM,NL,visa_free,90
FM,NO,visa_free,90
FM,NP,visa_on_arrival,
FM,NR,visa_on_arrival,
FM,NZ,visa_required,
FM,OM,e_visa,
FM,PA,visa_free,90
FM,PE,visa_free,180
FM,PG,visa_on_arrival,
FM,PH,visa_free,30
FM,PK,e_visa,
FM,PL,visa_free,90
FM,PS,visa_free,
FM,PT,visa_free,90
FM,PW,visa_free,360
FM,PY,visa_required,
FM,QA,e_visa,
FM,RO,visa_free,90
FM,RS,visa_required,
FM,RU,visa_required,
FM,RW,visa_on_arrival,
FM,SA,visa_required,
FM,SB,visa_on_arrival,
FM,SC,visa_free,90
FM,SD,visa_required,
FM,SE,visa_free,90
FM,SG,visa_free,30
FM,SI,visa_free,90
FM,SK,visa_free,90
FM,SL,e_visa,
FM,SM,visa_free,90
FM,SN,visa_on_arrival,
FM,SO,e_visa,
FM,SR,visa_required,
FM,SS,e_visa,
FM,ST,e_visa,
FM,SV,e_visa,
FM,SY,e_visa,
FM,SZ,visa_required,
FM,TD,visa_required,
FM,TG,e_visa,
FM,TH,e_visa,
FM,TJ,e_visa,
FM,TL,visa_on_arrival,
FM,TM,visa_required,
FM,TN,visa_required,
FM,TO,visa_on_arrival,
FM,TR,visa_required,
FM,TT,visa_required,
FM,TV,visa_on_arrival,
FM,TW,visa_required,
FM,TZ,visa_on_arrival,
FM,UA,visa_required,
FM,UG,e_visa,
FM,US,visa_free,
FM,UY,visa_required,
FM,UZ,e_visa,
FM,VA,visa_free,90
FM,VC,visa_free,90
FM,VE,visa_required,
FM,VN,e_visa,
FM,VU,visa_free,120
FM,WS,visa_on_arrival,
FM,XK,visa_free,90
FM,YE,visa_required,
FM,ZA,visa_required,
FM,ZM,visa_on_arrival,
FM,ZW,visa_on_arrival,
FR,AD,visa_free,
FR,AE,visa_free,90
FR,AF,visa_required,
FR,AG,visa_free,180
FR,AL,visa_free,90
FR,AM,visa_free,180
FR,AO,visa_free,30
FR,AR,visa_free,90
FR,AT,freedom_of_movement,
FR,AU,eta,
FR,AZ,e_visa,
FR,BA,visa_free,90
FR,BB,visa_free,90
FR,BD,visa_on_arrival,
FR,BE,freedom_of_movement,
FR,BF,visa_on_arrival,
FR,BG,freedom_of_movement,
FR,BH,visa_on_arrival,
FR,BI,visa_on_arrival,
FR,BJ,e_visa,
FR,BN,visa_free,90
FR,BO,visa_free,90
FR,BR,visa_free,90
FR,BS,visa_free,90
FR,BT,e_visa,
FR,BW,visa_free,90
FR,BY,visa_free,30
FR,BZ,visa_free,
FR,CA,eta,
FR,CD,e_visa,
FR,CF,visa_required,
FR,CG,visa_required,
FR,CH,freedom_of_movement,
FR,CI,eta,
FR,CL,visa_free,90
FR,CM,e_visa,
FR,CN,visa_free,30
FR,CO,visa_free,90
FR,CR,visa_free,180
FR,CU,e_visa,
FR,CV,visa_free,30
FR,CY,freedom_of_movement,
FR,CZ,freedom_of_movement,
FR,DE,freedom_of_movement,
FR,DJ,visa_on_arrival,
FR,DK,freedom_of_movement,
FR,DM,visa_free,180
FR,DO,visa_free,
FR,DZ,visa_required,
FR,EC,visa_free,90
FR,EE,freedom_of_movement,
FR,EG,visa_on_arrival,
FR,ER,visa_required,
FR,ES,freedom_of_movement,
FR,ET,visa_on_arrival,
FR,FI,freedom_of_movement,
FR,FJ,visa_free,120
FR,FM,visa_free,90
FR,GA,e_visa,
FR,GB,visa_free,180
FR,GD,visa_free,90
FR,GE,visa_free,360
FR,GH,visa_on_arrival,
FR,GM,visa_free,90
FR,GN,e_visa,
FR,GQ,e_visa,
FR,GR,freedom_of_movement,
FR,GT,visa_free,90
FR,GW,visa_on_arrival,
FR,GY,visa_free,90
FR,HK,visa_free,90
FR,HN,visa_free,90
FR,HR,freedom_of_movement,
FR,HT,visa_free,90
FR,HU,freedom_of_movement,
FR,ID,visa_on_arrival,
FR,IE,freedom_of_movement,
FR,IL,visa_free,90
FR,IN,e_visa,
FR,IQ,visa_on_arrival,
FR,IR,visa_on_arrival,
FR,IS,freedom_of_movement,
FR,IT,freedom_of_movement,
FR,JM,visa_free,30
FR,JO,visa_on_arrival,
FR,JP,visa_free,90
FR,KE,eta,
FR,KG,visa_free,60
FR,KH,visa_on_arrival,
FR,KI,visa_free,90
FR,KM,visa_on_arrival,
FR,KN,visa_free,90
FR,KP,visa_required,
FR,KR,visa_free,90
FR,KW,visa_on_arrival,
FR,KZ,visa_free,30
FR,LA,visa_on_arrival,
FR,LB,visa_on_arrival,
FR,LC,visa_free,90
FR,LI,freedom_of_movement,
FR,LK,visa_on_arrival,
FR,LR,visa_required,
FR,LS,visa_free,14
FR,LT,freedom_of_movement,
FR,LU,freedom_of_movement,
FR,LV,freedom_of_movement,
FR,LY,e_visa,
FR,MA,visa_free,90
FR,MC,visa_free,
FR,MD,visa_free,90
FR,ME,visa_free,90
FR,MG,visa_on_arrival,
FR,MH,visa_free,90
FR,MK,visa_free,90
FR,ML,visa_required,
FR,MM,e_visa,
FR,MN,visa_free,30
FR,MO,visa_free,90
FR,MR,visa_on_arrival,
FR,MT,freedom_of_movement,
FR,MU,visa_free,90
FR,MV,visa_on_arrival,
FR,MW,visa_free,30
FR,MX,visa_free,180
FR,MY,visa_free,90
FR,MZ,visa_free,30
FR,NA,visa_free,90
FR,NE,visa_required,
FR,NG,e_visa,
FR,NI,visa_free,90
FR,NL,freedom_of_movement,
FR,NO,freedom_of_movement,
FR,NP,visa_on_arrival,
FR,NR,visa_required,
FR,NZ,eta,
FR,OM,visa_on_arrival,
FR,PA,visa_free,90
FR,PE,visa_free,90
FR,PG,eta,
FR,PH,visa_free,30
FR,PK,eta,
FR,PL,freedom_of_movement,
FR,PS,visa_free,
FR,PT,freedom_of_movement,
FR,PW,visa_free,90
FR,PY,visa_free,90
FR,QA,visa_on_arrival,
FR,RO,freedom_of_movement,
FR,RS,visa_free,90
FR,RU,e_visa,
FR,RW,visa_free,30
FR,SA,visa_on_arrival,
FR,SB,visa_free,90
FR,SC,visa_free,90
FR,SD,visa_required,
FR,SE,freedom_of_movement,
FR,SG,visa_free,90
FR,SI,freedom_of_movement,
FR,SK,freedom_of_movement,
FR,SL,visa_on_arrival,
FR,SM,visa_free,
FR,SN,visa_free,90
FR,SO,visa_on_arrival,
FR,SR,visa_required,
FR,SS,e_visa,
FR,ST,visa_free,15
FR,SV,visa_free,180
FR,SY,e_visa,
FR,SZ,visa_free,30
FR,TD,visa_required,
FR,TG,e_visa,
FR,TH,visa_free,60
FR,TJ,visa_free,30
FR,TL,visa_free,90
FR,TM,visa_required,
FR,TN,visa_free,90
FR,TO,visa_free,90
FR,TR,visa_free,90
FR,TT,visa_free,90
FR,TV,visa_free,90
FR,TW,visa_free,90
FR,TZ,visa_on_arrival,
FR,UA,visa_free,90
FR,UG,e_visa,
FR,US,eta,
FR,UY,visa_free,90
FR,UZ,visa_free,30
FR,VA,visa_free,
FR,VC,visa_free,90
FR,VE,visa_free,90
FR,VN,visa_free,45
FR,VU,visa_free,120
FR,WS,visa_free,90
FR,XK,visa_free,90
FR,YE,visa_required,
FR,ZA,visa_free,90
FR,ZM,visa_free,90
FR,ZW,visa_on_arrival,
GA,AD,visa_required,
GA,AE,e_visa,
GA,AF,visa_required,
GA,AG,e_visa,
GA,AL,e_visa,
GA,AM,visa_required,
GA,AO,visa_required,
GA,AR,visa_required,
GA,AT,visa_required,
GA,AU,e_visa,
GA,AZ,visa_required,
GA,BA,visa_required,
GA,BB,visa_free,90
GA,BD,visa_free,90
GA,BE,visa_required,
GA,BF,e_visa,
GA,BG,visa_required,
GA,BH,e_visa,
GA,BI,visa_on_arrival,
GA,BJ,visa_free,90
GA,BN,visa_required,
GA,BO,visa_on_arrival,
GA,BR,visa_required,
GA,BS,e_visa,
GA,BT,e_visa,
GA,BW,e_visa,
GA,BY,visa_required,
GA,BZ,visa_required,
GA,CA,visa_required,
GA,CD,e_visa,
GA,CF,visa_free,90
GA,CG,visa_free,90
GA,CH,visa_required,
GA,CI,eta,
GA,CL,visa_required,
GA,CM,visa_free,90
GA,CN,visa_required,
GA,CO,e_visa,
GA,CR,visa_required,
GA,CU,e_visa,
GA,CV,visa_on_arrival,
GA,CY,visa_required,
GA,CZ,visa_required,
GA,DE,visa_required,
GA,DJ,visa_on_arrival,
GA,DK,visa_required,
GA,DM,visa_free,21
GA,DO,visa_required,
GA,DZ,visa_required,
GA,EC,visa_free,90
GA,EE,visa_required,
GA,EG,visa_required,
GA,ER,visa_required,
GA,ES,visa_required,
GA,ET,visa_on_arrival,
GA,FI,visa_required,
GA,FJ,visa_required,
GA,FM,visa_free,30
GA,FR,visa_required,
GA,GB,visa_required,
GA,GD,visa_required,
GA,GE,e_visa,
GA,GH,visa_on_arrival,
GA,GM,visa_free,90
GA,GN,e_visa,
GA,GQ,e_visa,
GA,GR,visa_required,
GA,GT,visa_required,
GA,GW,visa_on_arrival,
GA,GY,visa_required,
GA,HK,visa_free,14
GA,HN,visa_required,
GA,HR,visa_required,
GA,HT,visa_free,90
GA,HU,visa_required,
GA,ID,e_visa,
GA,IE,visa_required,
GA,IL,visa_required,
GA,IN,e_visa,
GA,IQ,e_visa,
GA,IR,visa_on_arrival,
GA,IS,visa_required,
GA,IT,visa_required,
GA,JM,visa_required,
GA,JO,visa_required,
GA,JP,visa_required,
GA,KE,eta,
GA,KG,e_visa,
GA,KH,visa_on_arrival,
GA,KI,visa_free,90
GA,KM,visa_on_arrival,
GA,KN,e_visa,
GA,KP,visa_required,
GA,KR,e_visa,
GA,KW,visa_required,
GA,KZ,e_visa,
GA,LA,visa_on_arrival,
GA,LB,visa_required,
GA,LC,visa_on_arrival,
GA,LI,visa_required,
GA,LK,visa_on_arrival,
GA,LR,visa_required,
GA,LS,e_visa,
GA,LT,visa_required,
GA,LU,visa_required,
GA,LV,visa_required,
GA,LY,e_visa,
GA,MA,visa_free,90
GA,MC,visa_required,
GA,MD,e_visa,
GA,ME,visa_required,
GA,MG,visa_on_arrival,
GA,MH,visa_required,
GA,MK,visa_required,
GA,ML,visa_required,
GA,MM,visa_required,
GA,MN,e_visa,
GA,MO,visa_on_arrival,
GA,MR,visa_on_arrival,
GA,MT,visa_required,
GA,MU,visa_free,90
GA,MV,visa_on_arrival,
GA,MW,visa_on_arrival,
GA,MX,visa_required,
GA,MY,visa_free,30
GA,MZ,visa_on_arrival,
GA,NA,visa_on_arrival,
GA,NE,visa_required,
GA,NG,visa_on_arrival,
GA,NI,visa_on_arrival,
GA,NL,visa_required,
GA,NO,visa_required,
GA,NP,visa_on_arrival,
GA,NR,visa_required,
GA,NZ,visa_required,
GA,OM,e_visa,
GA,PA,visa_free,90
GA,PE,visa_required,
GA,PG,e_visa,
GA,PH,visa_free,30
GA,PK,e_visa,
GA,PL,visa_required,
GA,PS,visa_required,
GA,PT,visa_required,
GA,PW,visa_on_arrival,
GA,PY,visa_required,
GA,QA,e_visa,
GA,RO,visa_required,
GA,RS,visa_required,
GA,RU,visa_required,
GA,RW,visa_free,30
GA,SA,visa_required,
GA,SB,visa_required,
GA,SC,visa_free,90
GA,SD,visa_required,
GA,SE,visa_required,
GA,SG,visa_free,30
GA,SI,visa_required,
GA,SK,visa_required,
GA,SL,e_visa,
GA,SM,visa_required,
GA,SN,visa_on_arrival,
GA,SO,e_visa,
GA,SR,visa_required,
GA,SS,e_visa,
GA,ST,visa_free,15
GA,SV,e_visa,
GA,SY,e_visa,
GA,SZ,visa_required,
GA,TD,visa_free,90
GA,TG,e_visa,
GA,TH,visa_required,
GA,TJ,e_visa,
GA,TL,visa_on_arrival,
GA,TM,visa_required,
GA,TN,visa_free,90
GA,TO,visa_required,
GA,TR,visa_required,
GA,TT,visa_required,
GA,TV,visa_on_arrival,
GA,TW,visa_required,
GA,TZ,visa_on_arrival,
GA,UA,visa_required,
GA,UG,e_visa,
GA,US,visa_required,
GA,UY,visa_required,
GA,UZ,e_visa,
GA,VA,visa_required,
GA,VC,visa_free,90
GA,VE,visa_required,
GA,VN,e_visa,
GA,VU,visa_required,
GA,WS,visa_on_arrival,
GA,XK,visa_required,
GA,YE,visa_required,
GA,ZA,visa_free,30
GA,ZM,e_visa,
GA,ZW,e_visa,
GB,AD,visa_free,90
GB,AE,visa_free,30
GB,AF,visa_required,
GB,AG,visa_free,180
GB,AL,visa_free,90
GB,AM,visa_free,180
GB,AO,visa_free,30
GB,AR,visa_free,90
GB,AT,visa_free,90
GB,AU,eta,
GB,AZ,e_visa,
GB,BA,visa_free,90
GB,BB,visa_free,180
GB,BD,visa_on_arrival,
GB,BE,visa_free,90
GB,BF,visa_on_arrival,
GB,BG,visa_free,90
GB,BH,visa_on_arrival,
GB,BI,visa_on_arrival,
GB,BJ,e_visa,
GB,BN,visa_free,90
GB,BO,visa_free,90
GB,BR,visa_free,90
GB,BS,visa_free,240
GB,BT,e_visa,
GB,BW,visa_free,90
GB,BY,visa_free,30
GB,BZ,visa_free,
GB,CA,eta,
GB,CD,e_visa,
GB,CF,visa_required,
GB,CG,visa_required,
GB,CH,visa_free,90
GB,CI,eta,
GB,CL,visa_free,90
GB,CM,e_visa,
GB,CN,visa_required,
GB,CO,visa_free,90
GB,CR,visa_free,180
GB,CU,e_visa,
GB,CV,visa_free,30
GB,CY,visa_free,90
GB,CZ,visa_free,90
GB,DE,visa_free,90
GB,DJ,visa_on_arrival,
GB,DK,visa_free,90
GB,DM,visa_free,180
GB,DO,visa_free,
GB,DZ,visa_required,
GB,EC,visa_free,90
GB,EE,visa_free,90
GB,EG,visa_on_arrival,
GB,ER,visa_required,
GB,ES,visa_free,90
GB,ET,visa_on_arrival,
GB,FI,visa_free,90
GB,FJ,visa_free,120
GB,FM,visa_free,30
GB,FR,visa_free,90
GB,GA,e_visa,
GB,GD,visa_free,90
GB,GE,visa_free,360
GB,GH,visa_on_arrival,
GB,GM,visa_free,90
GB,GN,e_visa,
GB,GQ,e_visa,
GB,GR,visa_free,90
GB,GT,visa_free,90
GB,GW,visa_on_arrival,
GB,GY,visa_free,90
GB,HK,visa_free,180
GB,HN,visa_required,
GB,HR,visa_free,90
GB,HT,visa_free,90
GB,HU,visa_free,90
GB,ID,visa_on_arrival,
GB,IE,visa_free,
GB,IL,visa_free,90
GB,IN,e_visa,
GB,IQ,visa_on_arrival,
GB,IR,visa_required,
GB,IS,visa_free,90
GB,IT,visa_free,90
GB,JM,visa_free,
GB,JO,visa_on_arrival,
GB,JP,visa_free,90
GB,KE,eta,
GB,KG,visa_free,60
GB,KH,visa_on_arrival,
GB,KI,visa_free,90
GB,KM,visa_on_arrival,
GB,KN,visa_free,180
GB,KP,visa_required,
GB,KR,visa_free,90
GB,KW,visa_on_arrival,
GB,KZ,visa_free,30
GB,LA,visa_on_arrival,
GB,LB,visa_on_arrival,
GB,LC,visa_free,42
GB,LI,visa_free,90
GB,LK,visa_on_arrival,
GB,LR,visa_required,
GB,LS,visa_free,
GB,LT,visa_free,90
GB,LU,visa_free,90
GB,LV,visa_free,90
GB,LY,e_visa,
GB,MA,visa_free,90
GB,MC,visa_free,90
GB,MD,visa_free,90
GB,ME,visa_free,90
GB,MG,visa_on_arrival,
GB,MH,visa_free,90
GB,MK,visa_free,90
GB,ML,visa_required,
GB,MM,e_visa,
GB,MN,visa_free,30
GB,MO,visa_free,180
GB,MR,visa_on_arrival,
GB,MT,visa_free,90
GB,MU,visa_free,90
GB,MV,visa_on_arrival,
GB,MW,visa_free,30
GB,MX,visa_free,180
GB,MY,visa_free,
GB,MZ,visa_free,30
GB,NA,visa_free,90
GB,NE,visa_required,
GB,NG,e_visa,
GB,NI,visa_free,90
GB,NL,visa_free,90
GB,NO,visa_free,90
GB,NP,visa_on_arrival,
GB,NR,visa_required,
GB,NZ,eta,
GB,OM,visa_on_arrival,
GB,PA,visa_free,90
GB,PE,visa_free,180
GB,PG,eta,
GB,PH,visa_free,30
GB,PK,eta,
GB,PL,visa_free,90
GB,PS,visa_free,
GB,PT,visa_free,90
GB,PW,visa_on_arrival,
GB,PY,visa_free,90
GB,QA,visa_on_arrival,
GB,RO,visa_free,90
GB,RS,visa_free,90
GB,RU,visa_required,
GB,RW,visa_free,30
GB,SA,visa_on_arrival,
GB,SB,visa_on_arrival,
GB,SC,visa_free,90
GB,SD,visa_required,
GB,SE,visa_free,90
GB,SG,visa_free,
GB,SI,visa_free,90
GB,SK,visa_free,90
GB,SL,visa_on_arrival,
GB,SM,visa_free,90
GB,SN,visa_free,90
GB,SO,visa_on_arrival,
GB,SR,visa_required,
GB,SS,e_visa,
GB,ST,visa_free,15
GB,SV,visa_free,180
GB,SY,e_visa,
GB,SZ,visa_free,30
GB,TD,visa_required,
GB,TG,e_visa,
GB,TH,visa_free,60
GB,TJ,visa_on_arrival,
GB,TL,visa_on_arrival,
GB,TM,visa_required,
GB,TN,visa_free,90
GB,TO,visa_on_arrival,
GB,TR,visa_free,90
GB,TT,visa_free,
GB,TV,visa_on_arrival,
GB,TW,visa_free,90
GB,TZ,visa_on_arrival,
GB,UA,visa_free,90
GB,UG,e_visa,
GB,US,eta,
GB,UY,visa_free,90
GB,UZ,visa_free,30
GB,VA,visa_free,90
GB,VC,visa_free,180
GB,VE,visa_free,90
GB,VN,visa_free,45
GB,VU,visa_free,120
GB,WS,visa_on_arrival,
GB,XK,visa_free,90
GB,YE,visa_required,
GB,ZA,visa_free,90
GB,ZM,visa_free,90
GB,ZW,visa_on_arrival,
GD,AD,visa_free,90
GD,AE,e_visa,
GD,AF,visa_required,
GD,AG,visa_free,
GD,AL,e_visa,
GD,AM,e_visa,
GD,AO,visa_free,30
GD,AR,visa_free,90
GD,AT,visa_free,90
GD,AU,e_visa,
GD,AZ,visa_required,
GD,BA,visa_free,90
GD,BB,visa_free,
GD,BD,visa_free,90
GD,BE,visa_free,90
GD,BF,e_visa,
GD,BG,visa_free,90
GD,BH,e_visa,
GD,BI,visa_on_arrival,
GD,BJ,e_visa,
GD,BN,visa_required,
GD,BO,visa_on_arrival,
GD,BR,visa_free,90
GD,BS,visa_free,90
GD,BT,e_visa,
GD,BW,visa_free,90
GD,BY,visa_required,
GD,BZ,visa_free,
GD,CA,visa_required,
GD,CD,e_visa,
GD,CF,visa_required,
GD,CG,visa_required,
GD,CH,visa_free,90
GD,CI,eta,
GD,CL,visa_free,90
GD,CM,e_visa,
GD,CN,visa_free,30
GD,CO,visa_free,90
GD,CR,visa_free,30
GD,CU,visa_free,60
GD,CV,visa_on_arrival,
GD,CY,visa_free,90
GD,CZ,visa_free,90
GD,DE,visa_free,90
GD,DJ,visa_on_arrival,
GD,DK,visa_free,90
GD,DM,visa_free,
GD,DO,visa_free,
GD,DZ,visa_required,
GD,EC,visa_free,90
GD,EE,visa_free,90
GD,EG,visa_on_arrival,
GD,ER,visa_required,
GD,ES,visa_free,90
GD,ET,e_visa,
GD,FI,visa_free,90
GD,FJ,visa_free,120
GD,FM,visa_free,30
GD,FR,visa_free,90
GD,GA,e_visa,
GD,GB,eta,
GD,GE,e_visa,
GD,GH,visa_on_arrival,
GD,GM,visa_free,90
GD,GN,e_visa,
GD,GQ,e_visa,
GD,GR,visa_free,90
GD,GT,visa_required,
GD,GW,visa_on_arrival,
GD,GY,visa_free,90
GD,HK,visa_free,90
GD,HN,visa_required,
GD,HR,visa_free,90
GD,HT,visa_free,90
GD,HU,visa_free,90
GD,ID,e_visa,
GD,IE,visa_free,90
GD,IL,visa_free,90
GD,IN,e_visa,
GD,IQ,e_visa,
GD,IR,visa_on_arrival,
GD,IS,visa_free,90
GD,IT,visa_free,90
GD,JM,visa_free,
GD,JO,visa_on_arrival,
GD,JP,visa_required,
GD,KE,eta,
GD,KG,e_visa,
GD,KH,visa_on_arrival,
GD,KI,visa_free,90
GD,KM,visa_on_arrival,
GD,KN,visa_free,
GD,KP,visa_required,
GD,KR,eta,
GD,KW,visa_required,
GD,KZ,e_visa,
GD,LA,visa_on_arrival,
GD,LB,visa_required,
GD,LC,visa_free,
GD,LI,visa_free,90
GD,LK,visa_on_arrival,
GD,LR,visa_required,
GD,LS,visa_free,90
GD,LT,visa_free,90
GD,LU,visa_free,90
GD,LV,visa_free,90
GD,LY,e_visa,
GD,MA,visa_required,
GD,MC,visa_free,90
GD,MD,visa_free,90
GD,ME,visa_free,90
GD,MG,visa_on_arrival,
GD,MH,visa_required,
GD,MK,visa_required,
GD,ML,visa_required,
GD,MM,visa_required,
GD,MN,e_visa,
GD,MO,visa_free,90
GD,MR,visa_on_arrival,
GD,MT,visa_free,90
GD,MU,visa_free,90
GD,MV,visa_on_arrival,
GD,MW,visa_free,90
GD,MX,visa_required,
GD,MY,visa_free,30
GD,MZ,visa_on_arrival,
GD,NA,visa_required,
GD,NE,visa_required,
GD,NG,e_visa,
GD,NI,visa_on_arrival,
GD,NL,visa_free,90
GD,NO,visa_free,90
GD,NP,visa_on_arrival,
GD,NR,visa_required,
GD,NZ,visa_required,
GD,OM,e_visa,
GD,PA,visa_free,90
GD,PE,visa_free,180
GD,PG,eta,
GD,PH,visa_free,30
GD,PK,e_visa,
GD,PL,visa_free,90
GD,PS,visa_free,
GD,PT,visa_free,90
GD,PW,visa_on_arrival,
GD,PY,visa_required,
GD,QA,e_visa,
GD,RO,visa_free,90
GD,RS,visa_free,90
GD,RU,visa_free,90
GD,RW,visa_free,30
GD,SA,visa_on_arrival,
GD,SB,visa_on_arrival,
GD,SC,visa_free,90
GD,SD,visa_required,
GD,SE,visa_free,90
GD,SG,visa_free,30
GD,SI,visa_free,90
GD,SK,visa_free,90
GD,SL,visa_on_arrival,
GD,SM,visa_free,90
GD,SN,visa_on_arrival,
GD,SO,e_visa,
GD,SR,visa_free,180
GD,SS,e_visa,
GD,ST,e_visa,
GD,SV,e_visa,
GD,SY,e_visa,
GD,SZ,visa_free,30
GD,TD,visa_required,
GD,TG,e_visa,
GD,TH,e_visa,
GD,TJ,e_visa,
GD,TL,visa_on_arrival,
GD,TM,visa_required,
GD,TN,visa_required,
GD,TO,visa_required,
GD,TR,visa_on_arrival,
GD,TT,visa_free,
GD,TV,visa_on_arrival,
GD,TW,visa_required,
GD,TZ,visa_free,90
GD,UA,visa_free,90
GD,UG,visa_free,90
GD,US,visa_required,
GD,UY,visa_free,90
GD,UZ,visa_free,30
GD,VA,visa_free,90
GD,VC,visa_free,
GD,VE,visa_free,90
GD,VN,e_visa,
GD,VU,visa_free,120
GD,WS,visa_on_arrival,
GD,XK,visa_free,90
GD,YE,visa_required,
GD,ZA,visa_required,
GD,ZM,visa_free,90
GD,ZW,visa_free,90
GE,AD,visa_free,90
GE,AE,visa_free,90
GE,AF,visa_required,
GE,AG,visa_free,180
GE,AL,visa_free,90
GE,AM,visa_free,
GE,AO,visa_required,
GE,AR,visa_free,90
GE,AT,visa_free,90
GE,AU,e_visa,
GE,AZ,visa_free,90
GE,BA,visa_free,90
GE,BB,visa_free,28
GE,BD,visa_on_arrival,
GE,BE,visa_free,90
GE,BF,e_visa,
GE,BG,visa_free,90
GE,BH,visa_on_arrival,
GE,BI,visa_on_arrival,
GE,BJ,e_visa,
GE,BN,visa_required,
GE,BO,visa_on_arrival,
GE,BR,visa_free,90
GE,BS,visa_free,90
GE,BT,e_visa,
GE,BW,e_visa,
GE,BY,visa_free,
GE,BZ,visa_required,
GE,CA,visa_required,
GE,CD,e_visa,
GE,CF,visa_required,
GE,CG,visa_required,
GE,CH,visa_free,90
GE,CI,eta,
GE,CL,visa_free,90
GE,CM,e_visa,
GE,CN,visa_free,30
GE,CO,visa_free,90
GE,CR,visa_required,
GE,CU,e_visa,
GE,CV,visa_on_arrival,
GE,CY,visa_free,90
GE,CZ,visa_free,90
GE,DE,visa_free,90
GE,DJ,visa_on_arrival,
GE,DK,visa_free,90
GE,DM,visa_free,21
GE,DO,visa_free,
GE,DZ,visa_required,
GE,EC,visa_free,90
GE,EE,visa_free,90
GE,EG,visa_on_arrival,
GE,ER,visa_required,
GE,ES,visa_free,90
GE,ET,visa_on_arrival,
GE,FI,visa_free,90
GE,FJ,visa_free,120
GE,FM,visa_free,30
GE,FR,visa_free,90
GE,GA,e_visa,
GE,GB,visa_required,
GE,GD,visa_free,90
GE,GH,visa_on_arrival,
GE,GM,visa_required,
GE,GN,e_visa,
GE,GQ,e_visa,
GE,GR,visa_free,90
GE,GT,visa_required,
GE,GW,visa_on_arrival,
GE,GY,visa_required,
GE,HK,visa_free,30
GE,HN,visa_required,
GE,HR,visa_free,90
GE,HT,visa_free,90
GE,HU,visa_free,90
GE,ID,e_visa,
GE,IE,visa_required,
GE,IL,visa_free,90
GE,IN,e_visa,
GE,IQ,e_visa,
GE,IR,visa_free,45
GE,IS,visa_free,90
GE,IT,visa_free,90
GE,JM,visa_on_arrival,
GE,JO,visa_on_arrival,
GE,JP,visa_required,
GE,KE,eta,
GE,KG,visa_free,360
GE,KH,visa_on_arrival,
GE,KI,visa_required,
GE,KM,visa_on_arrival,
GE,KN,e_visa,
GE,KP,visa_required,
GE,KR,e_visa,
GE,KW,visa_on_arrival,
GE,KZ,visa_free,90
GE,LA,visa_on_arrival,
GE,LB,visa_on_arrival,
GE,LC,visa_free,42
GE,LI,visa_free,90
GE,LK,visa_on_arrival,
GE,LR,visa_required,
GE,LS,e_visa,
GE,LT,visa_free,90
GE,LU,visa_free,90
GE,LV,visa_free,90
GE,LY,e_visa,
GE,MA,visa_required,
GE,MC,visa_free,90
GE,MD,visa_free,90
GE,ME,visa_free,90
GE,MG,visa_on_arrival,
GE,MH,visa_on_arrival,
GE,MK,visa_free,90
GE,ML,visa_required,
GE,MM,e_visa,
GE,MN,visa_required,
GE,MO,visa_free,30
GE,MR,visa_on_arrival,
GE,MT,visa_free,90
GE,MU,visa_free,90
GE,MV,visa_on_arrival,
GE,MW,visa_on_arrival,
GE,MX,visa_required,
GE,MY,visa_free,30
GE,MZ,visa_on_arrival,
GE,NA,visa_required,
GE,NE,visa_required,
GE,NG,e_visa,
GE,NI,visa_on_arrival,
GE,NL,visa_free,90
GE,NO,visa_free,90
GE,NP,visa_on_arrival,
GE,NR,visa_required,
GE,NZ,visa_required,
GE,OM,visa_on_arrival,
GE,PA,visa_required,
GE,PE,visa_free,90
GE,PG,e_visa,
GE,PH,visa_required,
GE,PK,e_visa,
GE,PL,visa_free,90
GE,PS,visa_free,
GE,PT,visa_free,90
GE,PW,visa_on_arrival,
GE,PY,visa_free,90
GE,QA,visa_on_arrival,
GE,RO,visa_free,90
GE,RS,visa_free,30
GE,RU,visa_free,90
GE,RW,visa_on_arrival,
GE,SA,visa_on_arrival,
GE,SB,visa_required,
GE,SC,visa_free,90
GE,SD,visa_required,
GE,SE,visa_free,90
GE,SG,e_visa,
GE,SI,visa_free,90
GE,SK,visa_free,90
GE,SL,visa_on_arrival,
GE,SM,visa_free,
GE,SN,visa_required,
GE,SO,e_visa,
GE,SR,visa_required,
GE,SS,e_visa,
GE,ST,e_visa,
GE,SV,e_visa,
GE,SY,visa_on_arrival,
GE,SZ,visa_required,
GE,TD,visa_required,
GE,TG,e_visa,
GE,TH,visa_free,60
GE,TJ,visa_free,
GE,TL,visa_on_arrival,
GE,TM,visa_required,
GE,TN,visa_required,
GE,TO,visa_required,
GE,TR,visa_free,90
GE,TT,visa_required,
GE,TV,visa_on_arrival,
GE,TW,visa_required,
GE,TZ,visa_on_arrival,
GE,UA,visa_free,90
GE,UG,e_visa,
GE,US,visa_required,
GE,UY,visa_free,90
GE,UZ,visa_free,
GE,VA,visa_free,90
GE,VC,visa_free,90
GE,VE,visa_required,
GE,VN,e_visa,
GE,VU,visa_required,
GE,WS,visa_on_arrival,
GE,XK,visa_required,
GE,YE,visa_required,
GE,ZA,visa_required,
GE,ZM,visa_on_arrival,
GE,ZW,visa_on_arrival,
GH,AD,visa_required,
GH,AE,e_visa,
GH,AF,visa_required,
GH,AG,e_visa,
GH,AL,e_visa,
GH,AM,visa_required,
GH,AO,visa_required,
GH,AR,visa_required,
GH,AT,visa_required,
GH,AU,e_visa,
GH,AZ,visa_required,
GH,BA,visa_required,
GH,BB,visa_free,180
GH,BD,visa_free,90
GH,BE,visa_required,
GH,BF,visa_free,
GH,BG,visa_required,
GH,BH,e_visa,
GH,BI,visa_on_arrival,
GH,BJ,visa_free,90
GH,BN,visa_required,
GH,BO,visa_on_arrival,
GH,BR,visa_required,
GH,BS,visa_free,90
GH,BT,e_visa,
GH,BW,e_visa,
GH,BY,visa_required,
GH,BZ,visa_free,
GH,CA,visa_required,
GH,CD,e_visa,
GH,CF,visa_required,
GH,CG,visa_required,
GH,CH,visa_required,
GH,CI,visa_free,90
GH,CL,visa_required,
GH,CM,e_visa,
GH,CN,visa_required,
GH,CO,e_visa,
GH,CR,visa_required,
GH,CU,visa_required,
GH,CV,visa_free,
GH,CY,visa_required,
GH,CZ,visa_required,
GH,DE,visa_required,
GH,DJ,visa_on_arrival,
GH,DK,visa_required,
GH,DM,visa_free,180
GH,DO,visa_required,
GH,DZ,visa_required,
GH,EC,e_visa,
GH,EE,visa_required,
GH,EG,visa_required,
GH,ER,visa_required,
GH,ES,visa_required,
GH,ET,visa_on_arrival,
GH,FI,visa_required,
GH,FJ,visa_free,120
GH,FM,visa_free,30
GH,FR,visa_required,
GH,GA,e_visa,
GH,GB,visa_required,
GH,GD,visa_free,90
GH,GE,e_visa,
GH,GM,visa_free,90
GH,GN,visa_free,
GH,GQ,e_visa,
GH,GR,visa_required,
GH,GT,visa_required,
GH,GW,visa_free,
GH,GY,visa_free,90
GH,HK,e_visa,
GH,HN,visa_required,
GH,HR,visa_required,
GH,HT,visa_free,90
GH,HU,visa_required,
GH,ID,e_visa,
GH,IE,visa_required,
GH,IL,visa_required,
GH,IN,e_visa,
GH,IQ,e_visa,
GH,IR,visa_on_arrival,
GH,IS,visa_required,
GH,IT,visa_required,
GH,JM,visa_free,
GH,JO,visa_on_arrival,
GH,JP,visa_required,
GH,KE,eta,
GH,KG,e_visa,
GH,KH,visa_on_arrival,
GH,KI,visa_free,90
GH,KM,visa_on_arrival,
GH,KN,visa_free,90
GH,KP,visa_required,
GH,KR,e_visa,
GH,KW,visa_required,
GH,KZ,e_visa,
GH,LA,visa_required,
GH,LB,visa_on_arrival,
GH,LC,visa_on_arrival,
GH,LI,visa_required,
GH,LK,visa_on_arrival,
GH,LR,visa_free,
GH,LS,visa_on_arrival,
GH,LT,visa_required,
GH,LU,visa_required,
GH,LV,visa_required,
GH,LY,e_visa,
GH,MA,visa_required,
GH,MC,visa_required,
GH,MD,e_visa,
GH,ME,visa_required,
GH,MG,visa_on_arrival,
GH,MH,visa_required,
GH,MK,visa_required,
GH,ML,visa_free,
GH,MM,e_visa,
GH,MN,e_visa,
GH,MO,visa_on_arrival,
GH,MR,visa_on_arrival,
GH,MT,visa_required,
GH,MU,visa_free,90
GH,MV,visa_on_arrival,
GH,MW,visa_free,90
GH,MX,visa_required,
GH,MY,e_visa,
GH,MZ,visa_free,30
GH,NA,visa_required,
GH,NE,visa_free,
GH,NG,visa_free,
GH,NI,visa_on_arrival,
GH,NL,visa_required,
GH,NO,visa_required,
GH,NP,visa_required,
GH,NR,visa_required,
GH,NZ,visa_required,
GH,OM,e_visa,
GH,PA,visa_required,
GH,PE,visa_required,
GH,PG,e_visa,
GH,PH,visa_free,30
GH,PK,eta,
GH,PL,visa_required,
GH,PS,visa_required,
GH,PT,visa_required,
GH,PW,visa_on_arrival,
GH,PY,visa_required,
GH,QA,e_visa,
GH,RO,visa_required,
GH,RS,visa_required,
GH,RU,visa_required,
GH,RW,visa_free,90
GH,SA,visa_required,
GH,SB,visa_required,
GH,SC,visa_free,90
GH,SD,visa_required,
GH,SE,visa_required,
GH,SG,visa_free,30
GH,SI,visa_required,
GH,SK,visa_required,
GH,SL,visa_free,
GH,SM,visa_required,
GH,SN,visa_free,90
GH,SO,e_visa,
GH,SR,e_visa,
GH,SS,e_visa,
GH,ST,e_visa,
GH,SV,e_visa,
GH,SY,e_visa,
GH,SZ,visa_free,30
GH,TD,visa_required,
GH,TG,visa_free,
GH,TH,visa_required,
GH,TJ,e_visa,
GH,TL,visa_on_arrival,
GH,TM,visa_required,
GH,TN,visa_required,
GH,TO,visa_required,
GH,TR,visa_required,
GH,TT,visa_free,
GH,TV,visa_on_arrival,
GH,TW,visa_required,
GH,TZ,visa_free,90
GH,UA,visa_required,
GH,UG,visa_free,90
GH,US,visa_required,
GH,UY,visa_required,
GH,UZ,e_visa,
GH,VA,visa_required,
GH,VC,visa_free,90
GH,VE,visa_required,
GH,VN,e_visa,
GH,VU,visa_free,120
GH,WS,visa_on_arrival,
GH,XK,visa_required,
GH,YE,visa_required,
GH,ZA,visa_free,90
GH,ZM,visa_on_arrival,
GH,ZW,visa_free,90
GM,AD,visa_required,
GM,AE,e_visa,
GM,AF,visa_required,
GM,AG,e_visa,
GM,AL,e_visa,
GM,AM,visa_required,
GM,AO,visa_required,
GM,AR,visa_required,
GM,AT,visa_required,
GM,AU,e_visa,
GM,AZ,visa_required,
GM,BA,visa_required,
GM,BB,visa_free,180
GM,BD,visa_free,90
GM,BE,visa_required,
GM,BF,visa_free,
GM,BG,visa_required,
GM,BH,e_visa,
GM,BI,visa_on_arrival,
GM,BJ,visa_free,90
GM,BN,visa_required,
GM,BO,visa_on_arrival,
GM,BR,visa_required,
GM,BS,visa_free,90
GM,BT,e_visa,
GM,BW,visa_free,90
GM,BY,visa_required,
GM,BZ,visa_free,
GM,CA,visa_required,
GM,CD,e_visa,
GM,CF,visa_required,
GM,CG,visa_required,
GM,CH,visa_required,
GM,CI,visa_free,90
GM,CL,visa_required,
GM,CM,e_visa,
GM,CN,visa_required,
GM,CO,e_visa,
GM,CR,visa_required,
GM,CU,e_visa,
GM,CV,visa_free,
GM,CY,visa_required,
GM,CZ,visa_required,
GM,DE,visa_required,
GM,DJ,visa_on_arrival,
GM,DK,visa_required,
GM,DM,visa_free,180
GM,DO,visa_required,
GM,DZ,visa_required,
GM,EC,e_visa,
GM,EE,visa_required,
GM,EG,visa_required,
GM,ER,visa_required,
GM,ES,visa_required,
GM,ET,visa_on_arrival,
GM,FI,visa_required,
GM,FJ,visa_free,120
GM,FM,visa_free,30
GM,FR,visa_required,
GM,GA,e_visa,
GM,GB,visa_required,
GM,GD,visa_free,90
GM,GE,e_visa,
GM,GH,visa_free,
GM,GN,visa_free,
GM,GQ,e_visa,
GM,GR,visa_required,
GM,GT,visa_required,
GM,GW,visa_free,
GM,GY,visa_required,
GM,HK,e_visa,
GM,HN,visa_required,
GM,HR,visa_required,
GM,HT,visa_free,90
GM,HU,visa_required,
GM,ID,e_visa,
GM,IE,visa_required,
GM,IL,visa_required,
GM,IN,e_visa,
GM,IQ,e_visa,
GM,IR,visa_on_arrival,
GM,IS,visa_required,
GM,IT,visa_required,
GM,JM,visa_free,
GM,JO,visa_required,
GM,JP,visa_required,
GM,KE,eta,
GM,KG,e_visa,
GM,KH,visa_on_arrival,
GM,KI,visa_free,90
GM,KM,visa_on_arrival,
GM,KN,visa_free,90
GM,KP,visa_required,
GM,KR,e_visa,
GM,KW,visa_required,
GM,KZ,e_visa,
GM,LA,visa_on_arrival,
GM,LB,visa_required,
GM,LC,visa_on_arrival,
GM,LI,visa_required,
GM,LK,visa_on_arrival,
GM,LR,visa_free,
GM,LS,visa_free,90
GM,LT,visa_required,
GM,LU,visa_required,
GM,LV,visa_required,
GM,LY,e_visa,
GM,MA,visa_required,
GM,MC,visa_required,
GM,MD,e_visa,
GM,ME,visa_required,
GM,MG,visa_on_arrival,
GM,MH,visa_required,
GM,MK,visa_required,
GM,ML,visa_free,
GM,MM,visa_required,
GM,MN,e_visa,
GM,MO,visa_on_arrival,
GM,MR,visa_free,90
GM,MT,visa_required,
GM,MU,visa_free,90
GM,MV,visa_on_arrival,
GM,MW,visa_free,90
GM,MX,visa_required,
GM,MY,visa_free,30
GM,MZ,visa_on_arrival,
GM,NA,visa_on_arrival,
GM,NE,visa_free,
GM,NG,visa_free,
GM,NI,visa_on_arrival,
GM,NL,visa_required,
GM,NO,visa_required,
GM,NP,visa_on_arrival,
GM,NR,visa_required,
GM,NZ,visa_required,
GM,OM,e_visa,
GM,PA,visa_required,
GM,PE,visa_required,
GM,PG,e_visa,
GM,PH,visa_free,30
GM,PK,e_visa,
GM,PL,visa_required,
GM,PS,visa_required,
GM,PT,visa_required,
GM,PW,visa_on_arrival,
GM,PY,visa_required,
GM,QA,e_visa,
GM,RO,visa_required,
GM,RS,visa_required,
GM,RU,visa_required,
GM,RW,visa_free,30
GM,SA,visa_required,
GM,SB,visa_required,
GM,SC,visa_free,90
GM,SD,visa_required,
GM,SE,visa_required,
GM,SG,visa_free,30
GM,SI,visa_required,
GM,SK,visa_required,
GM,SL,visa_free,
GM,SM,visa_required,
GM,SN,visa_free,90
GM,SO,e_visa,
GM,SR,visa_required,
GM,SS,e_visa,
GM,ST,e_visa,
GM,SV,e_visa,
GM,SY,e_visa,
GM,SZ,visa_free,30
GM,TD,visa_required,
GM,TG,visa_free,
GM,TH,visa_required,
GM,TJ,e_visa,
GM,TL,visa_on_arrival,
GM,TM,visa_required,
GM,TN,visa_free,
GM,TO,visa_required,
GM,TR,visa_required,
GM,TT,visa_free,
GM,TV,visa_on_arrival,
GM,TW,visa_required,
GM,TZ,visa_free,90
GM,UA,visa_required,
GM,UG,visa_free,90
GM,US,visa_required,
GM,UY,visa_required,
GM,UZ,visa_required,
GM,VA,visa_required,
GM,VC,visa_free,90
GM,VE,visa_required,
GM,VN,e_visa,
GM,VU,visa_free,120
GM,WS,visa_on_arrival,
GM,XK,visa_required,
GM,YE,visa_required,
GM,ZA,visa_required,
GM,ZM,e_visa,
GM,ZW,e_visa,
GN,AD,visa_required,
GN,AE,e_visa,
GN,AF,visa_required,
GN,AG,e_visa,
GN,AL,e_visa,
GN,AM,visa_required,
GN,AO,visa_required,
GN,AR,visa_required,
GN,AT,visa_required,
GN,AU,e_visa,
GN,AZ,visa_required,
GN,BA,visa_required,
GN,BB,visa_free,90
GN,BD,visa_free,90
GN,BE,visa_required,
GN,BF,visa_free,
GN,BG,visa_required,
GN,BH,e_visa,
GN,BI,visa_on_arrival,
GN,BJ,visa_free,90
GN,BN,visa_required,
GN,BO,visa_on_arrival,
GN,BR,visa_required,
GN,BS,e_visa,
GN,BT,e_visa,
GN,BW,e_visa,
GN,BY,visa_required,
GN,BZ,visa_required,
GN,CA,visa_required,
GN,CD,e_visa,
GN,CF,visa_required,
GN,CG,visa_required,
GN,CH,visa_required,
GN,CI,visa_free,90
GN,CL,visa_required,
GN,CM,e_visa,
GN,CN,visa_required,
GN,CO,e_visa,
GN,CR,visa_required,
GN,CU,visa_required,
GN,CV,visa_free,
GN,CY,visa_required,
GN,CZ,visa_required,
GN,DE,visa_required,
GN,DJ,visa_on_arrival,
GN,DK,visa_required,
GN,DM,visa_free,21
GN,DO,visa_required,
GN,DZ,visa_required,
GN,EC,e_visa,
GN,EE,visa_required,
GN,EG,visa_on_arrival,
GN,ER,visa_required,
GN,ES,visa_required,
GN,ET,visa_on_arrival,
GN,FI,visa_required,
GN,FJ,visa_required,
GN,FM,visa_free,30
GN,FR,visa_required,
GN,GA,e_visa,
GN,GB,visa_required,
GN,GD,visa_required,
GN,GE,e_visa,
GN,GH,visa_free,90
GN,GM,visa_free,90
GN,GQ,e_visa,
GN,GR,visa_required,
GN,GT,visa_required,
GN,GW,visa_free,
GN,GY,visa_required,
GN,HK,visa_free,14
GN,HN,visa_required,
GN,HR,visa_required,
GN,HT,visa_free,90
GN,HU,visa_required,
GN,ID,e_visa,
GN,IE,visa_required,
GN,IL,visa_required,
GN,IN,e_visa,
GN,IQ,e_visa,
GN,IR,visa_on_arrival,
GN,IS,visa_required,
GN,IT,visa_required,
GN,JM,visa_required,
GN,JO,visa_required,
GN,JP,visa_required,
GN,KE,eta,
GN,KG,e_visa,
GN,KH,visa_on_arrival,
GN,KI,visa_required,
GN,KM,visa_on_arrival,
GN,KN,e_visa,
GN,KP,visa_required,
GN,KR,e_visa,
GN,KW,visa_required,
GN,KZ,e_visa,
GN,LA,visa_on_arrival,
GN,LB,visa_required,
GN,LC,visa_on_arrival,
GN,LI,visa_required,
GN,LK,visa_on_arrival,
GN,LR,visa_free,
GN,LS,e_visa,
GN,LT,visa_required,
GN,LU,visa_required,
GN,LV,visa_required,
GN,LY,e_visa,
GN,MA,eta,
GN,MC,visa_required,
GN,MD,e_visa,
GN,ME,visa_required,
GN,MG,visa_on_arrival,
GN,MH,visa_required,
GN,MK,visa_required,
GN,ML,visa_free,
GN,MM,e_visa,
GN,MN,e_visa,
GN,MO,visa_on_arrival,
GN,MR,visa_on_arrival,
GN,MT,visa_required,
GN,MU,visa_on_arrival,
GN,MV,visa_on_arrival,
GN,MW,visa_on_arrival,
GN,MX,visa_required,
GN,MY,visa_free,30
GN,MZ,visa_on_arrival,
GN,NA,visa_on_arrival,
GN,NE,visa_free,
GN,NG,visa_free,
GN,NI,visa_on_arrival,
GN,NL,visa_required,
GN,NO,visa_required,
GN,NP,visa_on_arrival,
GN,NR,visa_required,
GN,NZ,visa_required,
GN,OM,e_visa,
GN,PA,visa_required,
GN,PE,visa_required,
GN,PG,e_visa,
GN,PH,visa_free,30
GN,PK,e_visa,
GN,PL,visa_required,
GN,PS,visa_required,
GN,PT,visa_required,
GN,PW,visa_on_arrival,
GN,PY,visa_required,
GN,QA,e_visa,
GN,RO,visa_required,
GN,RS,visa_required,
GN,RU,visa_required,
GN,RW,visa_free,90
GN,SA,visa_required,
GN,SB,visa_required,
GN,SC,visa_free,90
GN,SD,visa_required,
GN,SE,visa_required,
GN,SG,visa_free,30
GN,SI,visa_required,
GN,SK,visa_required,
GN,SL,visa_free,
GN,SM,visa_required,
GN,SN,visa_free,90
GN,SO,e_visa,
GN,SR,visa_required,
GN,SS,e_visa,
GN,ST,e_visa,
GN,SV,e_visa,
GN,SY,e_visa,
GN,SZ,visa_required,
GN,TD,visa_required,
GN,TG,visa_free,
GN,TH,visa_required,
GN,TJ,e_visa,
GN,TL,visa_on_arrival,
GN,TM,visa_required,
GN,TN,visa_free,90
GN,TO,visa_required,
GN,TR,visa_required,
GN,TT,visa_required,
GN,TV,visa_on_arrival,
GN,TW,visa_required,
GN,TZ,e_visa,
GN,UA,visa_required,
GN,UG,e_visa,
GN,US,visa_required,
GN,UY,visa_required,
GN,UZ,visa_required,
GN,VA,visa_required,
GN,VC,visa_free,90
GN,VE,visa_required,
GN,VN,e_visa,
GN,VU,visa_required,
GN,WS,visa_on_arrival,
GN,XK,visa_required,
GN,YE,visa_required,
GN,ZA,e_visa,
GN,ZM,e_visa,
GN,ZW,e_visa,
GQ,AD,visa_required,
GQ,AE,e_visa,
GQ,AF,visa_required,
GQ,AG,e_visa,
GQ,AL,e_visa,
GQ,AM,visa_required,
GQ,AO,visa_free,30
GQ,AR,visa_required,
GQ,AT,visa_required,
GQ,AU,e_visa,
GQ,AZ,visa_required,
GQ,BA,visa_required,
GQ,BB,visa_free,90
GQ,BD,visa_on_arrival,
GQ,BE,visa_required,
GQ,BF,e_visa,
GQ,BG,visa_required,
GQ,BH,e_visa,
GQ,BI,visa_on_arrival,
GQ,BJ,visa_free,90
GQ,BN,visa_required,
GQ,BO,visa_on_arrival,
GQ,BR,visa_required,
GQ,BS,e_visa,
GQ,BT,e_visa,
GQ,BW,e_visa,
GQ,BY,visa_required,
GQ,BZ,visa_required,
GQ,CA,visa_required,
GQ,CD,e_visa,
GQ,CF,visa_free,90
GQ,CG,visa_free,90
GQ,CH,visa_required,
GQ,CI,eta,
GQ,CL,visa_required,
GQ,CM,visa_free,90
GQ,CN,visa_required,
GQ,CO,e_visa,
GQ,CR,visa_required,
GQ,CU,e_visa,
GQ,CV,visa_on_arrival,
GQ,CY,visa_required,
GQ,CZ,visa_required,
GQ,DE,visa_required,
GQ,DJ,visa_on_arrival,
GQ,DK,visa_required,
GQ,DM,visa_free,21
GQ,DO,visa_required,
GQ,DZ,visa_required,
GQ,EC,visa_free,90
GQ,EE,visa_required,
GQ,EG,visa_required,
GQ,ER,visa_required,
GQ,ES,visa_required,
GQ,ET,visa_on_arrival,
GQ,FI,visa_required,
GQ,FJ,visa_required,
GQ,FM,visa_free,30
GQ,FR,visa_required,
GQ,GA,visa_free,90
GQ,GB,visa_required,
GQ,GD,visa_required,
GQ,GE,e_visa,
GQ,GH,visa_on_arrival,
GQ,GM,visa_free,90
GQ,GN,e_visa,
GQ,GR,visa_required,
GQ,GT,visa_required,
GQ,GW,visa_on_arrival,
GQ,GY,visa_required,
GQ,HK,visa_free,14
GQ,HN,visa_required,
GQ,HR,visa_required,
GQ,HT,visa_free,90
GQ,HU,visa_required,
GQ,ID,e_visa,
GQ,IE,visa_required,
GQ,IL,visa_required,
GQ,IN,e_visa,
GQ,IQ,e_visa,
GQ,IR,visa_on_arrival,
GQ,IS,visa_required,
GQ,IT,visa_required,
GQ,JM,visa_required,
GQ,JO,visa_required,
GQ,JP,visa_required,
GQ,KE,eta,
GQ,KG,e_visa,
GQ,KH,visa_on_arrival,
GQ,KI,visa_required,
GQ,KM,visa_on_arrival,
GQ,KN,e_visa,
GQ,KP,visa_required,
GQ,KR,e_visa,
GQ,KW,visa_required,
GQ,KZ,visa_required,
GQ,LA,visa_on_arrival,
GQ,LB,visa_required,
GQ,LC,visa_on_arrival,
GQ,LI,visa_required,
GQ,LK,visa_on_arrival,
GQ,LR,visa_required,
GQ,LS,e_visa,
GQ,LT,visa_required,
GQ,LU,visa_required,
GQ,LV,visa_required,
GQ,LY,e_visa,
GQ,MA,visa_required,
GQ,MC,visa_required,
GQ,MD,e_visa,
GQ,ME,visa_required,
GQ,MG,visa_on_arrival,
GQ,MH,visa_required,
GQ,MK,visa_required,
GQ,ML,visa_required,
GQ,MM,visa_required,
GQ,MN,e_visa,
GQ,MO,visa_on_arrival,
GQ,MR,visa_on_arrival,
GQ,MT,visa_required,
GQ,MU,visa_on_arrival,
GQ,MV,visa_on_arrival,
GQ,MW,visa_on_arrival,
GQ,MX,visa_required,
GQ,MY,e_visa,
GQ,MZ,visa_on_arrival,
GQ,NA,visa_on_arrival,
GQ,NE,visa_required,
GQ,NG,visa_on_arrival,
GQ,NI,visa_on_arrival,
GQ,NL,visa_required,
GQ,NO,visa_required,
GQ,NP,visa_on_arrival,
GQ,NR,visa_required,
GQ,NZ,visa_required,
GQ,OM,e_visa,
GQ,PA,visa_required,
GQ,PE,visa_required,
GQ,PG,e_visa,
GQ,PH,visa_free,30
GQ,PK,e_visa,
GQ,PL,visa_required,
GQ,PS,visa_free,
GQ,PT,visa_required,
GQ,PW,visa_on_arrival,
GQ,PY,visa_required,
GQ,QA,e_visa,
GQ,RO,visa_required,
GQ,RS,visa_required,
GQ,RU,visa_required,
GQ,RW,visa_free,30
GQ,SA,visa_required,
GQ,SB,visa_required,
GQ,SC,visa_free,90
GQ,SD,visa_required,
GQ,SE,visa_required,
GQ,SG,visa_free,30
GQ,SI,visa_required,
GQ,SK,visa_required,
GQ,SL,e_visa,
GQ,SM,visa_required,
GQ,SN,visa_on_arrival,
GQ,SO,e_visa,
GQ,SR,visa_required,
GQ,SS,e_visa,
GQ,ST,visa_free,15
GQ,SV,e_visa,
GQ,SY,e_visa,
GQ,SZ,visa_required,
GQ,TD,visa_free,90
GQ,TG,e_visa,
GQ,TH,visa_required,
GQ,TJ,e_visa,
GQ,TL,visa_on_arrival,
GQ,TM,visa_required,
GQ,TN,visa_free,90
GQ,TO,visa_required,
GQ,TR,visa_required,
GQ,TT,visa_required,
GQ,TV,visa_on_arrival,
GQ,TW,visa_required,
GQ,TZ,visa_on_arrival,
GQ,UA,visa_required,
GQ,UG,e_visa,
GQ,US,visa_required,
GQ,UY,visa_required,
GQ,UZ,visa_required,
GQ,VA,visa_required,
GQ,VC,visa_free,90
GQ,VE,visa_required,
GQ,VN,e_visa,
GQ,VU,visa_required,
GQ,WS,visa_on_arrival,
GQ,XK,visa_required,
GQ,YE,visa_required,
GQ,ZA,visa_required,
GQ,ZM,e_visa,
GQ,ZW,visa_on_arrival,
GR,AD,visa_free,
GR,AE,visa_free,90
GR,AF,visa_required,
GR,AG,visa_free,180
GR,AL,visa_free,90
GR,AM,visa_free,180
GR,AO,visa_free,30
GR,AR,visa_free,90
GR,AT,freedom_of_movement,
GR,AU,eta,
GR,AZ,e_visa,
GR,BA,visa_free,90
GR,BB,visa_free,90
GR,BD,visa_on_arrival,
GR,BE,freedom_of_movement,
GR,BF,visa_on_arrival,
GR,BG,freedom_of_movement,
GR,BH,visa_on_arrival,
GR,BI,visa_on_arrival,
GR,BJ,e_visa,
GR,BN,visa_free,90
GR,BO,visa_free,90
GR,BR,visa_free,90
GR,BS,visa_free,240
GR,BT,e_visa,
GR,BW,visa_free,90
GR,BY,visa_free,30
GR,BZ,visa_free,
GR,CA,eta,
GR,CD,e_visa,
GR,CF,visa_required,
GR,CG,visa_required,
GR,CH,freedom_of_movement,
GR,CI,eta,
GR,CL,visa_free,90
GR,CM,e_visa,
GR,CN,visa_free,30
GR,CO,visa_free,90
GR,CR,visa_free,180
GR,CU,e_visa,
GR,CV,visa_free,30
GR,CY,freedom_of_movement,
GR,CZ,freedom_of_movement,
GR,DE,freedom_of_movement,
GR,DJ,visa_on_arrival,
GR,DK,freedom_of_movement,
GR,DM,visa_free,180
GR,DO,visa_free,
GR,DZ,visa_required,
GR,EC,visa_free,90
GR,EE,freedom_of_movement,
GR,EG,visa_on_arrival,
GR,ER,visa_required,
GR,ES,freedom_of_movement,
GR,ET,visa_on_arrival,
GR,FI,freedom_of_movement,
GR,FJ,visa_free,120
GR,FM,visa_free,90
GR,FR,freedom_of_movement,
GR,GA,e_visa,
GR,GB,visa_free,180
GR,GD,visa_free,90
GR,GE,visa_free,360
GR,GH,visa_on_arrival,
GR,GM,visa_free,90
GR,GN,e_visa,
GR,GQ,e_visa,
GR,GT,visa_free,90
GR,GW,visa_on_arrival,
GR,GY,visa_free,90
GR,HK,visa_free,90
GR,HN,visa_free,90
GR,HR,freedom_of_movement,
GR,HT,visa_free,90
GR,HU,freedom_of_movement,
GR,ID,visa_on_arrival,
GR,IE,freedom_of_movement,
GR,IL,visa_free,90
GR,IN,e_visa,
GR,IQ,visa_on_arrival,
GR,IR,visa_on_arrival,
GR,IS,freedom_of_movement,
GR,IT,freedom_of_movement,
GR,JM,visa_free,30
GR,JO,visa_on_arrival,
GR,JP,visa_free,90
GR,KE,eta,
GR,KG,visa_free,60
GR,KH,visa_on_arrival,
GR,KI,visa_free,90
GR,KM,visa_on_arrival,
GR,KN,visa_free,90
GR,KP,visa_required,
GR,KR,visa_free,90
GR,KW,visa_on_arrival,
GR,KZ,visa_free,30
GR,LA,visa_free,15
GR,LB,visa_on_arrival,
GR,LC,visa_free,90
GR,LI,freedom_of_movement,
GR,LK,visa_on_arrival,
GR,LR,visa_required,
GR,LS,e_visa,
GR,LT,freedom_of_movement,
GR,LU,freedom_of_movement,
GR,LV,freedom_of_movement,
GR,LY,e_visa,
GR,MA,visa_free,90
GR,MC,visa_free,
GR,MD,visa_free,90
GR,ME,visa_free,90
GR,MG,visa_on_arrival,
GR,MH,visa_free,90
GR,MK,visa_free,90
GR,ML,visa_required,
GR,MM,e_visa,
GR,MN,visa_free,30
GR,MO,visa_free,90
GR,MR,visa_on_arrival,
GR,MT,freedom_of_movement,
GR,MU,visa_free,90
GR,MV,visa_on_arrival,
GR,MW,visa_on_arrival,
GR,MX,visa_free,180
GR,MY,visa_free,90
GR,MZ,visa_on_arrival,
GR,NA,visa_on_arrival,
GR,NE,visa_required,
GR,NG,e_visa,
GR,NI,visa_free,90
GR,NL,freedom_of_movement,
GR,NO,freedom_of_movement,
GR,NP,visa_on_arrival,
GR,NR,visa_required,
GR,NZ,eta,
GR,OM,visa_on_arrival,
GR,PA,visa_free,90
GR,PE,visa_free,180
GR,PG,eta,
GR,PH,visa_free,30
GR,PK,e_visa,
GR,PL,freedom_of_movement,
GR,PS,visa_free,
GR,PT,freedom_of_movement,
GR,PW,visa_free,90
GR,PY,visa_free,90
GR,QA,visa_on_arrival,
GR,RO,freedom_of_movement,
GR,RS,visa_free,90
GR,RU,e_visa,
GR,RW,visa_free,30
GR,SA,visa_on_arrival,
GR,SB,visa_free,90
GR,SC,visa_free,90
GR,SD,visa_required,
GR,SE,freedom_of_movement,
GR,SG,visa_free,90
GR,SI,freedom_of_movement,
GR,SK,freedom_of_movement,
GR,SL,visa_on_arrival,
GR,SM,visa_free,
GR,SN,visa_free,90
GR,SO,visa_on_arrival,
GR,SR,visa_required,
GR,SS,e_visa,
GR,ST,visa_free,15
GR,SV,visa_free,180
GR,SY,e_visa,
GR,SZ,visa_free,30
GR,TD,visa_required,
GR,TG,e_visa,
GR,TH,visa_free,60
GR,TJ,visa_free,30
GR,TL,visa_free,90
GR,TM,visa_required,
GR,TN,visa_free,30
GR,TO,visa_free,90
GR,TR,visa_free,90
GR,TT,visa_free,90
GR,TV,visa_free,90
GR,TW,visa_free,90
GR,TZ,visa_on_arrival,
GR,UA,visa_free,90
GR,UG,e_visa,
GR,US,eta,
GR,UY,visa_free,90
GR,UZ,visa_free,30
GR,VA,visa_free,
GR,VC,visa_free,90
GR,VE,visa_free,90
GR,VN,e_visa,
GR,VU,visa_free,120
GR,WS,visa_free,90
GR,XK,visa_free,90
GR,YE,visa_required,
GR,ZA,visa_free,90
GR,ZM,visa_free,90
GR,ZW,visa_on_arrival,
GT,AD,visa_free,90
GT,AE,e_visa,
GT,AF,visa_required,
GT,AG,e_visa,
GT,AL,visa_free,90
GT,AM,e_visa,
GT,AO,visa_required,
GT,AR,visa_free,90
GT,AT,visa_free,90
GT,AU,e_visa,
GT,AZ,e_visa,
GT,BA,visa_free,90
GT,BB,visa_free,90
GT,BD,visa_on_arrival,
GT,BE,visa_free,90
GT,BF,e_visa,
GT,BG,visa_free,90
GT,BH,e_visa,
GT,BI,visa_on_arrival,
GT,BJ,e_visa,
GT,BN,visa_required,
GT,BO,visa_on_arrival,
GT,BR,visa_free,90
GT,BS,visa_free,90
GT,BT,e_visa,
GT,BW,e_visa,
GT,BY,visa_required,
GT,BZ,visa_free,30
GT,CA,visa_required,
GT,CD,e_visa,
GT,CF,visa_required,
GT,CG,visa_required,
GT,CH,visa_free,90
GT,CI,eta,
GT,CL,visa_free,90
GT,CM,e_visa,
GT,CN,visa_required,
GT,CO,visa_free,90
GT,CR,visa_free,30
GT,CU,e_visa,
GT,CV,visa_on_arrival,
GT,CY,visa_free,90
GT,CZ,visa_free,90
GT,DE,visa_free,90
GT,DJ,visa_on_arrival,
GT,DK,visa_free,90
GT,DM,visa_free,21
GT,DO,visa_free,
GT,DZ,visa_required,
GT,EC,visa_free,90
GT,EE,visa_free,90
GT,EG,visa_required,
GT,ER,visa_required,
GT,ES,visa_free,90
GT,ET,e_visa,
GT,FI,visa_free,90
GT,FJ,visa_required,
GT,FM,visa_free,30
GT,FR,visa_free,90
GT,GA,e_visa,
GT,GB,eta,
GT,GD,visa_required,
GT,GE,e_visa,
GT,GH,visa_on_arrival,
GT,GM,visa_required,
GT,GN,e_visa,
GT,GQ,e_visa,
GT,GR,visa_free,90
GT,GW,visa_on_arrival,
GT,GY,visa_required,
GT,HK,visa_free,30
GT,HN,visa_free,90
GT,HR,visa_free,90
GT,HT,visa_free,90
GT,HU,visa_free,90
GT,ID,visa_on_arrival,
GT,IE,visa_free,90
GT,IL,visa_free,90
GT,IN,e_visa,
GT,IQ,e_visa,
GT,IR,visa_on_arrival,
GT,IS,visa_free,90
GT,IT,visa_free,90
GT,JM,visa_free,30
GT,JO,visa_on_arrival,
GT,JP,visa_free,90
GT,KE,eta,
GT,KG,e_visa,
GT,KH,visa_on_arrival,
GT,KI,visa_free,90
GT,KM,visa_on_arrival,
GT,KN,visa_free,90
GT,KP,visa_required,
GT,KR,eta,
GT,KW,visa_required,
GT,KZ,e_visa,
GT,LA,visa_on_arrival,
GT,LB,visa_required,
GT,LC,visa_on_arrival,
GT,LI,visa_free,90
GT,LK,visa_on_arrival,
GT,LR,visa_required,
GT,LS,e_visa,
GT,LT,visa_free,90
GT,LU,visa_free,90
GT,LV,visa_free,90
GT,LY,e_visa,
GT,MA,e_visa,
GT,MC,visa_free,90
GT,MD,visa_free,90
GT,ME,visa_free,90
GT,MG,visa_on_arrival,
GT,MH,visa_on_arrival,
GT,MK,visa_free,90
GT,ML,visa_required,
GT,MM,e_visa,
GT,MN,e_visa,
GT,MO,visa_on_arrival,
GT,MR,visa_on_arrival,
GT,MT,visa_free,90
GT,MU,visa_on_arrival,
GT,MV,visa_on_arrival,
GT,MW,visa_on_arrival,
GT,MX,visa_required,
GT,MY,visa_free,30
GT,MZ,visa_on_arrival,
GT,NA,visa_required,
GT,NE,visa_required,
GT,NG,e_visa,
GT,NI,visa_free,90
GT,NL,visa_free,90
GT,NO,visa_free,90
GT,NP,visa_on_arrival,
GT,NR,visa_required,
GT,NZ,visa_required,
GT,OM,e_visa,
GT,PA,visa_free,90
GT,PE,visa_free,90
GT,PG,e_visa,
GT,PH,visa_free,30
GT,PK,e_visa,
GT,PL,visa_free,90
GT,PS,visa_free,
GT,PT,visa_free,90
GT,PW,visa_on_arrival,
GT,PY,visa_free,90
GT,QA,e_visa,
GT,RO,visa_free,90
GT,RS,visa_required,
GT,RU,visa_free,90
GT,RW,visa_on_arrival,
GT,SA,visa_required,
GT,SB,visa_required,
GT,SC,visa_free,90
GT,SD,visa_required,
GT,SE,visa_free,90
GT,SG,visa_free,30
GT,SI,visa_free,90
GT,SK,visa_free,90
GT,SL,e_visa,
GT,SM,visa_free,90
GT,SN,visa_on_arrival,
GT,SO,e_visa,
GT,SR,visa_required,
GT,SS,e_visa,
GT,ST,e_visa,
GT,SV,visa_free,180
GT,SY,e_visa,
GT,SZ,visa_required,
GT,TD,visa_required,
GT,TG,e_visa,
GT,TH,visa_free,60
GT,TJ,e_visa,
GT,TL,visa_on_arrival,
GT,TM,visa_required,
GT,TN,visa_required,
GT,TO,visa_required,
GT,TR,visa_free,90
GT,TT,visa_free,90
GT,TV,visa_on_arrival,
GT,TW,visa_free,90
GT,TZ,visa_on_arrival,
GT,UA,visa_required,
GT,UG,e_visa,
GT,US,visa_required,
GT,UY,visa_free,90
GT,UZ,visa_free,30
GT,VA,visa_free,90
GT,VC,visa_free,90
GT,VE,visa_required,
GT,VN,e_visa,
GT,VU,visa_required,
GT,WS,visa_on_arrival,
GT,XK,visa_free,90
GT,YE,visa_required,
GT,ZA,visa_required,
GT,ZM,visa_on_arrival,
GT,ZW,visa_on_arrival,
GW,AD,visa_required,
GW,AE,e_visa,
GW,AF,visa_required,
GW,AG,e_visa,
GW,AL,e_visa,
GW,AM,visa_required,
GW,AO,visa_required,
GW,AR,visa_required,
GW,AT,visa_required,
GW,AU,e_visa,
GW,AZ,visa_required,
GW,BA,visa_required,
GW,BB,visa_free,90
GW,BD,visa_free,90
GW,BE,visa_required,
GW,BF,visa_free,
GW,BG,visa_required,
GW,BH,e_visa,
GW,BI,visa_on_arrival,
GW,BJ,visa_free,90
GW,BN,visa_required,
GW,BO,visa_on_arrival,
GW,BR,visa_required,
GW,BS,e_visa,
GW,BT,e_visa,
GW,BW,e_visa,
GW,BY,visa_required,
GW,BZ,visa_required,
GW,CA,visa_required,
GW,CD,e_visa,
GW,CF,visa_required,
GW,CG,visa_required,
GW,CH,visa_required,
GW,CI,visa_free,90
GW,CL,visa_required,
GW,CM,e_visa,
GW,CN,visa_required,
GW,CO,e_visa,
GW,CR,visa_required,
GW,CU,e_visa,
GW,CV,visa_free,
GW,CY,visa_required,
GW,CZ,visa_required,
GW,DE,visa_required,
GW,DJ,visa_on_arrival,
GW,DK,visa_required,
GW,DM,visa_free,21
GW,DO,visa_required,
GW,DZ,visa_required,
GW,EC,e_visa,
GW,EE,visa_required,
GW,EG,visa_required,
GW,ER,visa_required,
GW,ES,visa_required,
GW,ET,visa_on_arrival,
GW,FI,visa_required,
GW,FJ,visa_required,
GW,FM,visa_free,30
GW,FR,visa_required,
GW,GA,e_visa,
GW,GB,visa_required,
GW,GD,visa_required,
GW,GE,e_visa,
GW,GH,visa_free,90
GW,GM,visa_free,90
GW,GN,visa_free,
GW,GQ,e_visa,
GW,GR,visa_required,
GW,GT,visa_required,
GW,GY,visa_required,
GW,HK,e_visa,
GW,HN,visa_required,
GW,HR,visa_required,
GW,HT,visa_free,90
GW,HU,visa_required,
GW,ID,e_visa,
GW,IE,visa_required,
GW,IL,visa_required,
GW,IN,visa_required,
GW,IQ,e_visa,
GW,IR,visa_on_arrival,
GW,IS,visa_required,
GW,IT,visa_required,
GW,JM,visa_required,
GW,JO,visa_required,
GW,JP,visa_required,
GW,KE,eta,
GW,KG,e_visa,
GW,KH,visa_on_arrival,
GW,KI,visa_required,
GW,KM,visa_on_arrival,
GW,KN,e_visa,
GW,KP,visa_required,
GW,KR,e_visa,
GW,KW,visa_required,
GW,KZ,e_visa,
GW,LA,visa_required,
GW,LB,visa_required,
GW,LC,visa_on_arrival,
GW,LI,visa_required,
GW,LK,visa_on_arrival,
GW,LR,visa_free,
GW,LS,e_visa,
GW,LT,visa_required,
GW,LU,visa_required,
GW,LV,visa_required,
GW,LY,e_visa,
GW,MA,visa_required,
GW,MC,visa_required,
GW,MD,e_visa,
GW,ME,visa_required,
GW,MG,visa_on_arrival,
GW,MH,visa_required,
GW,MK,visa_required,
GW,ML,visa_free,
GW,MM,visa_required,
GW,MN,e_visa,
GW,MO,visa_on_arrival,
GW,MR,visa_on_arrival,
GW,MT,visa_required,
GW,MU,visa_on_arrival,
GW,MV,visa_on_arrival,
GW,MW,visa_on_arrival,
GW,MX,visa_required,
GW,MY,e_visa,
GW,MZ,visa_on_arrival,
GW,NA,visa_on_arrival,
GW,NE,visa_free,
GW,NG,visa_free,
GW,NI,visa_on_arrival,
GW,NL,visa_required,
GW,NO,visa_required,
GW,NP,visa_on_arrival,
GW,NR,visa_required,
GW,NZ,visa_required,
GW,OM,e_visa,
GW,PA,visa_required,
GW,PE,visa_required,
GW,PG,e_visa,
GW,PH,visa_free,30
GW,PK,e_visa,
GW,PL,visa_required,
GW,PS,visa_required,
GW,PT,visa_required,
GW,PW,visa_on_arrival,
GW,PY,visa_required,
GW,QA,e_visa,
GW,RO,visa_required,
GW,RS,visa_required,
GW,RU,visa_required,
GW,RW,visa_free,30
GW,SA,visa_required,
GW,SB,visa_required,
GW,SC,visa_free,90
GW,SD,visa_required,
GW,SE,visa_required,
GW,SG,visa_free,30
GW,SI,visa_required,
GW,SK,visa_required,
GW,SL,visa_free,
GW,SM,visa_required,
GW,SN,visa_free,90
GW,SO,e_visa,
GW,SR,visa_required,
GW,SS,e_visa,
GW,ST,visa_free,
GW,SV,e_visa,
GW,SY,e_visa,
GW,SZ,visa_required,
GW,TD,visa_required,
GW,TG,visa_free,
GW,TH,visa_required,
GW,TJ,e_visa,
GW,TL,visa_on_arrival,
GW,TM,visa_required,
GW,TN,visa_free,90
GW,TO,visa_required,
GW,TR,visa_required,
GW,TT,visa_required,
GW,TV,visa_on_arrival,
GW,TW,visa_required,
GW,TZ,e_visa,
GW,UA,visa_required,
GW,UG,e_visa,
GW,US,visa_required,
GW,UY,visa_required,
GW,UZ,visa_required,
GW,VA,visa_required,
GW,VC,visa_free,90
GW,VE,visa_required,
GW,VN,e_visa,
GW,VU,visa_required,
GW,WS,visa_on_arrival,
GW,XK,visa_required,
GW,YE,visa_required,
GW,ZA,visa_required,
GW,ZM,e_visa,
GW,ZW,e_visa,
GY,AD,visa_required,
GY,AE,e_visa,
GY,AF,visa_required,
GY,AG,visa_free,180
GY,AL,e_visa,
GY,AM,e_visa,
GY,AO,visa_free,30
GY,AR,visa_free,90
GY,AT,visa_required,
GY,AU,e_visa,
GY,AZ,visa_required,
GY,BA,visa_required,
GY,BB,visa_free,
GY,BD,visa_on_arrival,
GY,BE,visa_required,
GY,BF,e_visa,
GY,BG,visa_required,
GY,BH,visa_on_arrival,
GY,BI,visa_on_arrival,
GY,BJ,e_visa,
GY,BN,visa_required,
GY,BO,visa_on_arrival,
GY,BR,visa_free,90
GY,BS,visa_free,90
GY,BT,e_visa,
GY,BW,visa_free,90
GY,BY,visa_required,
GY,BZ,visa_free,
GY,CA,visa_required,
GY,CD,e_visa,
GY,CF,visa_required,
GY,CG,visa_required,
GY,CH,visa_required,
GY,CI,eta,
GY,CL,visa_free,90
GY,CM,e_visa,
GY,CN,visa_required,
GY,CO,visa_free,90
GY,CR,visa_free,30
GY,CU,e_visa,
GY,CV,visa_on_arrival,
GY,CY,visa_required,
GY,CZ,visa_required,
GY,DE,visa_required,
GY,DJ,visa_on_arrival,
GY,DK,visa_required,
GY,DM,visa_free,180
GY,DO,visa_free,
GY,DZ,visa_required,
GY,EC,visa_free,90
GY,EE,visa_required,
GY,EG,visa_on_arrival,
GY,ER,visa_required,
GY,ES,visa_required,
GY,ET,e_visa,
GY,FI,visa_required,
GY,FJ,visa_free,120
GY,FM,visa_free,30
GY,FR,visa_required,
GY,GA,e_visa,
GY,GB,eta,
GY,GD,visa_free,90
GY,GE,e_visa,
GY,GH,visa_free,90
GY,GM,visa_free,90
GY,GN,e_visa,
GY,GQ,e_visa,
GY,GR,visa_required,
GY,GT,visa_required,
GY,GW,visa_on_arrival,
GY,HK,visa_free,90
GY,HN,visa_required,
GY,HR,visa_required,
GY,HT,visa_free,90
GY,HU,visa_required,
GY,ID,e_visa,
GY,IE,visa_free,90
GY,IL,visa_required,
GY,IN,e_visa,
GY,IQ,e_visa,
GY,IR,visa_on_arrival,
GY,IS,visa_required,
GY,IT,visa_required,
GY,JM,visa_free,
GY,JO,visa_on_arrival,
GY,JP,visa_required,
GY,KE,eta,
GY,KG,e_visa,
GY,KH,visa_on_arrival,
GY,KI,visa_free,90
GY,KM,visa_on_arrival,
GY,KN,visa_free,180
GY,KP,visa_required,
GY,KR,eta,
GY,KW,visa_required,
GY,KZ,e_visa,
GY,LA,visa_on_arrival,
GY,LB,visa_required,
GY,LC,visa_free,42
GY,LI,visa_required,
GY,LK,visa_on_arrival,
GY,LR,visa_required,
GY,LS,visa_free,90
GY,LT,visa_required,
GY,LU,visa_required,
GY,LV,visa_required,
GY,LY,e_visa,
GY,MA,visa_required,
GY,MC,visa_required,
GY,MD,e_visa,
GY,ME,visa_required,
GY,MG,visa_on_arrival,
GY,MH,visa_required,
GY,MK,visa_required,
GY,ML,visa_required,
GY,MM,visa_required,
GY,MN,e_visa,
GY,MO,visa_on_arrival,
GY,MR,visa_on_arrival,
GY,MT,visa_required,
GY,MU,visa_free,90
GY,MV,visa_free,30
GY,MW,visa_free,30
GY,MX,visa_required,
GY,MY,visa_free,30
GY,MZ,visa_on_arrival,
GY,NA,visa_required,
GY,NE,visa_required,
GY,NG,e_visa,
GY,NI,visa_on_arrival,
GY,NL,visa_required,
GY,NO,visa_required,
GY,NP,visa_on_arrival,
GY,NR,visa_required,
GY,NZ,visa_required,
GY,OM,e_visa,
GY,PA,visa_free,90
GY,PE,visa_free,180
GY,PG,eta,
GY,PH,visa_free,30
GY,PK,e_visa,
GY,PL,visa_required,
GY,PS,visa_free,
GY,PT,visa_required,
GY,PW,visa_on_arrival,
GY,PY,visa_required,
GY,QA,visa_on_arrival,
GY,RO,visa_required,
GY,RS,visa_required,
GY,RU,visa_free,90
GY,RW,visa_free,30
GY,SA,visa_required,
GY,SB,visa_on_arrival,
GY,SC,visa_free,90
GY,SD,visa_required,
GY,SE,visa_required,
GY,SG,visa_free,30
GY,SI,visa_required,
GY,SK,visa_required,
GY,SL,visa_on_arrival,
GY,SM,visa_required,
GY,SN,visa_required,
GY,SO,e_visa,
GY,SR,visa_free,180
GY,SS,e_visa,
GY,ST,e_visa,
GY,SV,e_visa,
GY,SY,e_visa,
GY,SZ,visa_free,30
GY,TD,visa_required,
GY,TG,e_visa,
GY,TH,e_visa,
GY,TJ,e_visa,
GY,TL,visa_on_arrival,
GY,TM,visa_required,
GY,TN,visa_required,
GY,TO,visa_required,
GY,TR,visa_required,
GY,TT,visa_free,
GY,TV,visa_on_arrival,
GY,TW,visa_required,
GY,TZ,visa_free,90
GY,UA,visa_required,
GY,UG,e_visa,
GY,US,visa_required,
GY,UY,visa_free,90
GY,UZ,e_visa,
GY,VA,visa_required,
GY,VC,visa_free,180
GY,VE,visa_required,
GY,VN,e_visa,
GY,VU,visa_free,120
GY,WS,visa_on_arrival,
GY,XK,visa_free,90
GY,YE,visa_required,
GY,ZA,visa_free,30
GY,ZM,visa_on_arrival,
GY,ZW,visa_on_arrival,
HK,AD,visa_free,90
HK,AE,visa_free,30
HK,AF,visa_required,
HK,AG,visa_free,30
HK,AL,visa_free,90
HK,AM,visa_free,180
HK,AO,visa_on_arrival,
HK,AR,visa_free,90
HK,AT,visa_free,90
HK,AU,eta,
HK,AZ,visa_required,
HK,BA,visa_free,90
HK,BB,visa_free,30
HK,BD,visa_required,
HK,BE,visa_free,90
HK,BF,visa_on_arrival,
HK,BG,visa_free,90
HK,BH,visa_on_arrival,
HK,BI,visa_on_arrival,
HK,BJ,visa_free,14
HK,BN,visa_free,14
HK,BO,visa_on_arrival,
HK,BR,visa_free,90
HK,BS,visa_free,90
HK,BT,e_visa,
HK,BW,visa_free,90
HK,BY,visa_free,30
HK,BZ,visa_free,
HK,CA,eta,
HK,CD,e_visa,
HK,CF,visa_required,
HK,CG,visa_required,
HK,CH,visa_free,90
HK,CI,eta,
HK,CL,visa_free,90
HK,CM,e_visa,
HK,CN,visa_free,
HK,CO,visa_free,90
HK,CR,visa_required,
HK,CU,e_visa,
HK,CV,visa_free,90
HK,CY,visa_free,90
HK,CZ,visa_free,90
HK,DE,visa_free,90
HK,DJ,visa_on_arrival,
HK,DK,visa_free,90
HK,DM,visa_free,180
HK,DO,visa_free,
HK,DZ,visa_required,
HK,EC,visa_free,90
HK,EE,visa_free,90
HK,EG,visa_free,90
HK,ER,visa_required,
HK,ES,visa_free,90
HK,ET,visa_on_arrival,
HK,FI,visa_free,90
HK,FJ,visa_free,120
HK,FM,visa_free,30
HK,FR,visa_free,90
HK,GA,e_visa,
HK,GB,eta,
HK,GD,visa_free,90
HK,GE,visa_free,30
HK,GH,visa_on_arrival,
HK,GM,visa_required,
HK,GN,e_visa,
HK,GQ,e_visa,
HK,GR,visa_free,90
HK,GT,visa_free,90
HK,GW,visa_on_arrival,
HK,GY,visa_free,30
HK,HN,visa_required,
HK,HR,visa_free,90
HK,HT,visa_free,90
HK,HU,visa_free,90
HK,ID,visa_free,30
HK,IE,visa_free,90
HK,IL,visa_free,90
HK,IN,visa_required,
HK,IQ,e_visa,
HK,IR,visa_free,21
HK,IS,visa_free,90
HK,IT,visa_free,90
HK,JM,visa_free,30
HK,JO,visa_on_arrival,
HK,JP,visa_free,90
HK,KE,eta,
HK,KG,visa_free,30
HK,KH,visa_on_arrival,
HK,KI,visa_free,90
HK,KM,visa_on_arrival,
HK,KN,visa_free,90
HK,KP,visa_required,
HK,KR,visa_free,90
HK,KW,visa_on_arrival,
HK,KZ,visa_free,14
HK,LA,visa_on_arrival,
HK,LB,visa_on_arrival,
HK,LC,visa_free,42
HK,LI,visa_free,90
HK,LK,visa_on_arrival,
HK,LR,visa_required,
HK,LS,visa_free,90
HK,LT,visa_free,90
HK,LU,visa_free,90
HK,LV,visa_free,90
HK,LY,e_visa,
HK,MA,visa_free,30
HK,MC,visa_free,90
HK,MD,visa_free,90
HK,ME,visa_free,90
HK,MG,visa_on_arrival,
HK,MH,visa_required,
HK,MK,visa_free,90
HK,ML,visa_required,
HK,MM,e_visa,
HK,MN,visa_free,14
HK,MO,visa_free,
HK,MR,visa_on_arrival,
HK,MT,visa_free,90
HK,MU,visa_free,90
HK,MV,visa_on_arrival,
HK,MW,visa_free,30
HK,MX,visa_free,180
HK,MY,visa_free,30
HK,MZ,visa_on_arrival,
HK,NA,visa_free,90
HK,NE,visa_free,14
HK,NG,e_visa,
HK,NI,visa_free,90
HK,NL,visa_free,90
HK,NO,visa_free,90
HK,NP,visa_on_arrival,
HK,NR,visa_required,
HK,NZ,eta,
HK,OM,visa_on_arrival,
HK,PA,visa_free,90
HK,PE,visa_free,180
HK,PG,eta,
HK,PH,visa_free,14
HK,PK,visa_required,
HK,PL,visa_free,90
HK,PS,visa_free,
HK,PT,visa_free,90
HK,PW,visa_on_arrival,
HK,PY,visa_required,
HK,QA,visa_on_arrival,
HK,RO,visa_free,90
HK,RS,visa_free,14
HK,RU,visa_free,14
HK,RW,visa_on_arrival,
HK,SA,visa_on_arrival,
HK,SB,visa_required,
HK,SC,visa_free,90
HK,SD,visa_required,
HK,SE,visa_free,90
HK,SG,visa_free,30
HK,SI,visa_free,90
HK,SK,visa_free,90
HK,SL,e_visa,
HK,SM,visa_free,90
HK,SN,visa_required,
HK,SO,e_visa,
HK,SR,visa_free,90
HK,SS,e_visa,
HK,ST,e_visa,
HK,SV,e_visa,
HK,SY,e_visa,
HK,SZ,visa_required,
HK,TD,visa_required,
HK,TG,e_visa,
HK,TH,visa_free,60
HK,TJ,e_visa,
HK,TL,visa_on_arrival,
HK,TM,visa_required,
HK,TN,visa_free,90
HK,TO,visa_on_arrival,
HK,TR,visa_free,90
HK,TT,visa_free,
HK,TV,visa_on_arrival,
HK,TW,visa_on_arrival,
HK,TZ,visa_free,90
HK,UA,visa_free,14
HK,UG,visa_required,
HK,US,visa_required,
HK,UY,visa_free,90
HK,UZ,visa_free,7
HK,VA,visa_free,90
HK,VC,visa_free,90
HK,VE,visa_free,90
HK,VN,e_visa,
HK,VU,visa_free,120
HK,WS,visa_on_arrival,
HK,XK,visa_free,90
HK,YE,visa_free,30
HK,ZA,visa_free,30
HK,ZM,visa_free,90
HK,ZW,visa_free,180
HN,AD,visa_free,90
HN,AE,visa_free,90
HN,AF,visa_required,
HN,AG,e_visa,
HN,AL,visa_free,90
HN,AM,e_visa,
HN,AO,visa_required,
HN,AR,visa_free,90
HN,AT,visa_free,90
HN,AU,e_visa,
HN,AZ,e_visa,
HN,BA,visa_free,90
HN,BB,visa_free,90
HN,BD,visa_on_arrival,
HN,BE,visa_free,90
HN,BF,e_visa,
HN,BG,visa_free,90
HN,BH,e_visa,
HN,BI,visa_on_arrival,
HN,BJ,e_visa,
HN,BN,visa_required,
HN,BO,visa_free,30
HN,BR,visa_free,90
HN,BS,visa_free,90
HN,BT,e_visa,
HN,BW,e_visa,
HN,BY,visa_required,
HN,BZ,visa_free,30
HN,CA,visa_required,
HN,CD,e_visa,
HN,CF,visa_required,
HN,CG,visa_required,
HN,CH,visa_free,90
HN,CI,eta,
HN,CL,visa_free,90
HN,CM,e_visa,
HN,CN,visa_required,
HN,CO,visa_free,90
HN,CR,visa_free,180
HN,CU,e_visa,
HN,CV,visa_on_arrival,
HN,CY,visa_free,90
HN,CZ,visa_free,90
HN,DE,visa_free,90
HN,DJ,visa_on_arrival,
HN,DK,visa_free,90
HN,DM,visa_free,21
HN,DO,visa_free,
HN,DZ,visa_required,
HN,EC,visa_free,90
HN,EE,visa_free,90
HN,EG,visa_on_arrival,
HN,ER,visa_required,
HN,ES,visa_free,90
HN,ET,e_visa,
HN,FI,visa_free,90
HN,FJ,visa_required,
HN,FM,visa_free,30
HN,FR,visa_free,90
HN,GA,e_visa,
HN,GB,visa_required,
HN,GD,visa_required,
HN,GE,visa_free,360
HN,GH,visa_on_arrival,
HN,GM,visa_free,90
HN,GN,e_visa,
HN,GQ,e_visa,
HN,GR,visa_free,90
HN,GT,visa_free,90
HN,GW,visa_on_arrival,
HN,GY,visa_required,
HN,HK,visa_free,30
HN,HR,visa_free,90
HN,HT,visa_free,90
HN,HU,visa_free,90
HN,ID,e_visa,
HN,IE,visa_required,
HN,IL,visa_free,90
HN,IN,e_visa,
HN,IQ,e_visa,
HN,IR,e_visa,
HN,IS,visa_free,90
HN,IT,visa_free,90
HN,JM,visa_required,
HN,JO,visa_on_arrival,
HN,JP,visa_free,90
HN,KE,eta,
HN,KG,e_visa,
HN,KH,visa_on_arrival,
HN,KI,visa_free,90
HN,KM,visa_on_arrival,
HN,KN,visa_free,90
HN,KP,visa_required,
HN,KR,eta,
HN,KW,visa_required,
HN,KZ,e_visa,
HN,LA,visa_on_arrival,
HN,LB,visa_required,
HN,LC,visa_on_arrival,
HN,LI,visa_free,90
HN,LK,visa_on_arrival,
HN,LR,visa_required,
HN,LS,e_visa,
HN,LT,visa_free,90
HN,LU,visa_free,90
HN,LV,visa_free,90
HN,LY,e_visa,
HN,MA,visa_required,
HN,MC,visa_free,90
HN,MD,visa_free,90
HN,ME,visa_free,90
HN,MG,visa_on_arrival,
HN,MH,visa_on_arrival,
HN,MK,visa_free,90
HN,ML,visa_required,
HN,MM,visa_required,
HN,MN,e_visa,
HN,MO,visa_on_arrival,
HN,MR,visa_on_arrival,
HN,MT,visa_free,90
HN,MU,visa_on_arrival,
HN,MV,visa_on_arrival,
HN,MW,visa_on_arrival,
HN,MX,visa_required,
HN,MY,visa_free,30
HN,MZ,visa_on_arrival,
HN,NA,visa_required,
HN,NE,visa_required,
HN,NG,e_visa,
HN,NI,visa_free,90
HN,NL,visa_free,90
HN,NO,visa_free,90
HN,NP,visa_on_arrival,
HN,NR,visa_required,
HN,NZ,visa_required,
HN,OM,e_visa,
HN,PA,visa_free,90
HN,PE,visa_free,180
HN,PG,e_visa,
HN,PH,visa_free,30
HN,PK,e_visa,
HN,PL,visa_free,90
HN,PS,visa_free,
HN,PT,visa_free,90
HN,PW,visa_on_arrival,
HN,PY,visa_free,90
HN,QA,e_visa,
HN,RO,visa_free,90
HN,RS,visa_required,
HN,RU,visa_free,90
HN,RW,visa_on_arrival,
HN,SA,visa_required,
HN,SB,visa_required,
HN,SC,visa_free,90
HN,SD,visa_required,
HN,SE,visa_free,90
HN,SG,visa_free,30
HN,SI,visa_free,90
HN,SK,visa_free,90
HN,SL,e_visa,
HN,SM,visa_free,90
HN,SN,visa_on_arrival,
HN,SO,e_visa,
HN,SR,visa_required,
HN,SS,e_visa,
HN,ST,e_visa,
HN,SV,visa_free,180
HN,SY,e_visa,
HN,SZ,visa_required,
HN,TD,visa_required,
HN,TG,e_visa,
HN,TH,visa_required,
HN,TJ,e_visa,
HN,TL,visa_on_arrival,
HN,TM,visa_required,
HN,TN,visa_free,90
HN,TO,visa_required,
HN,TR,visa_free,90
HN,TT,visa_free,90
HN,TV,visa_on_arrival,
HN,TW,visa_free,90
HN,TZ,visa_on_arrival,
HN,UA,visa_required,
HN,UG,e_visa,
HN,US,visa_required,
HN,UY,visa_free,90
HN,UZ,visa_free,30
HN,VA,visa_free,
HN,VC,visa_free,90
HN,VE,visa_required,
HN,VN,e_visa,
HN,VU,visa_required,
HN,WS,visa_on_arrival,
HN,XK,visa_free,90
HN,YE,visa_required,
HN,ZA,visa_required,
HN,ZM,visa_on_arrival,
HN,ZW,visa_on_arrival,
HR,AD,visa_free,
HR,AE,visa_free,90
HR,AF,visa_required,
HR,AG,visa_free,180
HR,AL,visa_free,90
HR,AM,visa_free,180
HR,AO,visa_free,30
HR,AR,visa_free,90
HR,AT,freedom_of_movement,
HR,AU,eta,
HR,AZ,e_visa,
HR,BA,visa_free,90
HR,BB,visa_free,90
HR,BD,visa_on_arrival,
HR,BE,freedom_of_movement,
HR,BF,visa_on_arrival,
HR,BG,freedom_of_movement,
HR,BH,visa_on_arrival,
HR,BI,visa_on_arrival,
HR,BJ,e_visa,
HR,BN,visa_free,90
HR,BO,visa_free,90
HR,BR,visa_free,90
HR,BS,visa_free,90
HR,BT,e_visa,
HR,BW,visa_free,90
HR,BY,visa_free,30
HR,BZ,visa_free,
HR,CA,eta,
HR,CD,e_visa,
HR,CF,visa_required,
HR,CG,visa_required,
HR,CH,freedom_of_movement,
HR,CI,eta,
HR,CL,visa_free,90
HR,CM,e_visa,
HR,CN,visa_free,30
HR,CO,visa_free,90
HR,CR,visa_free,180
HR,CU,e_visa,
HR,CV,visa_free,30
HR,CY,freedom_of_movement,
HR,CZ,freedom_of_movement,
HR,DE,freedom_of_movement,
HR,DJ,visa_on_arrival,
HR,DK,freedom_of_movement,
HR,DM,visa_free,180
HR,DO,visa_free,
HR,DZ,visa_required,
HR,EC,visa_free,90
HR,EE,freedom_of_movement,
HR,EG,visa_on_arrival,
HR,ER,visa_required,
HR,ES,freedom_of_movement,
HR,ET,visa_on_arrival,
HR,FI,freedom_of_movement,
HR,FJ,visa_free,120
HR,FM,visa_free,90
HR,FR,freedom_of_movement,
HR,GA,e_visa,
HR,GB,visa_free,180
HR,GD,visa_free,90
HR,GE,visa_free,360
HR,GH,visa_on_arrival,
HR,GM,visa_free,90
HR,GN,e_visa,
HR,GQ,e_visa,
HR,GR,freedom_of_movement,
HR,GT,visa_free,90
HR,GW,visa_on_arrival,
HR,GY,visa_required,
HR,HK,visa_free,90
HR,HN,visa_free,90
HR,HT,visa_free,90
HR,HU,freedom_of_movement,
HR,ID,visa_on_arrival,
HR,IE,freedom_of_movement,
HR,IL,visa_free,90
HR,IN,e_visa,
HR,IQ,visa_on_arrival,
HR,IR,visa_free,15
HR,IS,freedom_of_movement,
HR,IT,freedom_of_movement,
HR,JM,visa_on_arrival,
HR,JO,visa_on_arrival,
HR,JP,visa_free,90
HR,KE,eta,
HR,KG,visa_free,60
HR,KH,visa_on_arrival,
HR,KI,visa_free,90
HR,KM,visa_on_arrival,
HR,KN,visa_free,90
HR,KP,visa_required,
HR,KR,visa_free,90
HR,KW,visa_on_arrival,
HR,KZ,visa_free,30
HR,LA,visa_on_arrival,
HR,LB,visa_on_arrival,
HR,LC,visa_free,90
HR,LI,freedom_of_movement,
HR,LK,visa_on_arrival,
HR,LR,visa_required,
HR,LS,e_visa,
HR,LT,freedom_of_movement,
HR,LU,freedom_of_movement,
HR,LV,freedom_of_movement,
HR,LY,e_visa,
HR,MA,visa_free,90
HR,MC,visa_free,
HR,MD,visa_free,90
HR,ME,visa_free,90
HR,MG,visa_on_arrival,
HR,MH,visa_free,90
HR,MK,visa_free,90
HR,ML,visa_required,
HR,MM,e_visa,
HR,MN,visa_free,30
HR,MO,visa_free,90
HR,MR,visa_on_arrival,
HR,MT,freedom_of_movement,
HR,MU,visa_free,90
HR,MV,visa_on_arrival,
HR,MW,visa_on_arrival,
HR,MX,visa_free,180
HR,MY,visa_free,90
HR,MZ,visa_on_arrival,
HR,NA,visa_on_arrival,
HR,NE,visa_required,
HR,NG,e_visa,
HR,NI,visa_free,90
HR,NL,freedom_of_movement,
HR,NO,freedom_of_movement,
HR,NP,visa_on_arrival,
HR,NR,visa_required,
HR,NZ,eta,
HR,OM,visa_on_arrival,
HR,PA,visa_free,90
HR,PE,visa_free,90
HR,PG,eta,
HR,PH,visa_free,30
HR,PK,e_visa,
HR,PL,freedom_of_movement,
HR,PS,visa_free,
HR,PT,freedom_of_movement,
HR,PW,visa_free,90
HR,PY,visa_free,90
HR,QA,visa_on_arrival,
HR,RO,freedom_of_movement,
HR,RS,visa_free,90
HR,RU,e_visa,
HR,RW,visa_on_arrival,
HR,SA,visa_on_arrival,
HR,SB,visa_free,90
HR,SC,visa_free,90
HR,SD,visa_required,
HR,SE,freedom_of_movement,
HR,SG,visa_free,90
HR,SI,freedom_of_movement,
HR,SK,freedom_of_movement,
HR,SL,visa_on_arrival,
HR,SM,visa_free,
HR,SN,visa_free,90
HR,SO,visa_on_arrival,
HR,SR,visa_required,
HR,SS,e_visa,
HR,ST,visa_free,15
HR,SV,visa_free,180
HR,SY,e_visa,
HR,SZ,visa_free,30
HR,TD,visa_required,
HR,TG,e_visa,
HR,TH,visa_free,60
HR,TJ,visa_free,30
HR,TL,visa_free,90
HR,TM,visa_required,
HR,TN,visa_free,90
HR,TO,visa_free,90
HR,TR,visa_free,90
HR,TT,visa_free,90
HR,TV,visa_free,90
HR,TW,visa_free,90
HR,TZ,visa_on_arrival,
HR,UA,visa_free,90
HR,UG,e_visa,
HR,US,eta,
HR,UY,visa_free,90
HR,UZ,visa_free,30
HR,VA,visa_free,
HR,VC,visa_free,90
HR,VE,visa_free,90
HR,VN,e_visa,
HR,VU,visa_free,120
HR,WS,visa_free,90
HR,XK,visa_free,90
HR,YE,visa_required,
HR,ZA,e_visa,
HR,ZM,visa_free,90
HR,ZW,visa_on_arrival,
HT,AD,visa_required,
HT,AE,e_visa,
HT,AF,visa_required,
HT,AG,e_visa,
HT,AL,e_visa,
HT,AM,e_visa,
HT,AO,visa_free,30
HT,AR,visa_required,
HT,AT,visa_required,
HT,AU,e_visa,
HT,AZ,visa_required,
HT,BA,visa_required,
HT,BB,visa_required,
HT,BD,visa_on_arrival,
HT,BE,visa_required,
HT,BF,e_visa,
HT,BG,visa_required,
HT,BH,e_visa,
HT,BI,visa_on_arrival,
HT,BJ,visa_free,90
HT,BN,visa_required,
HT,BO,visa_on_arrival,
HT,BR,visa_required,
HT,BS,e_visa,
HT,BT,e_visa,
HT,BW,e_visa,
HT,BY,visa_required,
HT,BZ,visa_required,
HT,CA,visa_required,
HT,CD,e_visa,
HT,CF,visa_required,
HT,CG,visa_required,
HT,CH,visa_required,
HT,CI,eta,
HT,CL,visa_required,
HT,CM,e_visa,
HT,CN,visa_required,
HT,CO,e_visa,
HT,CR,visa_required,
HT,CU,e_visa,
HT,CV,visa_on_arrival,
HT,CY,visa_required,
HT,CZ,visa_required,
HT,DE,visa_required,
HT,DJ,visa_on_arrival,
HT,DK,visa_required,
HT,DM,visa_required,
HT,DO,visa_required,
HT,DZ,visa_required,
HT,EC,e_visa,
HT,EE,visa_required,
HT,EG,visa_on_arrival,
HT,ER,visa_required,
HT,ES,visa_required,
HT,ET,e_visa,
HT,FI,visa_required,
HT,FJ,visa_required,
HT,FM,visa_free,30
HT,FR,visa_required,
HT,GA,e_visa,
HT,GB,visa_required,
HT,GD,visa_free,90
HT,GE,e_visa,
HT,GH,visa_on_arrival,
HT,GM,visa_free,90
HT,GN,e_visa,
HT,GQ,e_visa,
HT,GR,visa_required,
HT,GT,visa_required,
HT,GW,visa_on_arrival,
HT,GY,visa_required,
HT,HK,visa_free,14
HT,HN,visa_required,
HT,HR,visa_required,
HT,HU,visa_required,
HT,ID,e_visa,
HT,IE,visa_required,
HT,IL,visa_free,90
HT,IN,e_visa,
HT,IQ,e_visa,
HT,IR,visa_on_arrival,
HT,IS,visa_required,
HT,IT,visa_required,
HT,JM,visa_required,
HT,JO,visa_on_arrival,
HT,JP,visa_required,
HT,KE,eta,
HT,KG,e_visa,
HT,KH,visa_on_arrival,
HT,KI,visa_free,90
HT,KM,visa_on_arrival,
HT,KN,e_visa,
HT,KP,visa_required,
HT,KR,eta,
HT,KW,visa_required,
HT,KZ,e_visa,
HT,LA,visa_on_arrival,
HT,LB,visa_required,
HT,LC,visa_required,
HT,LI,visa_required,
HT,LK,visa_on_arrival,
HT,LR,visa_required,
HT,LS,e_visa,
HT,LT,visa_required,
HT,LU,visa_required,
HT,LV,visa_required,
HT,LY,e_visa,
HT,MA,visa_required,
HT,MC,visa_required,
HT,MD,e_visa,
HT,ME,visa_required,
HT,MG,visa_on_arrival,
HT,MH,visa_required,
HT,MK,visa_required,
HT,ML,visa_required,
HT,MM,visa_required,
HT,MN,e_visa,
HT,MO,visa_on_arrival,
HT,MR,visa_on_arrival,
HT,MT,visa_required,
HT,MU,visa_on_arrival,
HT,MV,visa_on_arrival,
HT,MW,visa_on_arrival,
HT,MX,visa_required,
HT,MY,visa_free,30
HT,MZ,visa_on_arrival,
HT,NA,visa_required,
HT,NE,visa_required,
HT,NG,e_visa,
HT,NI,visa_required,
HT,NL,visa_required,
HT,NO,visa_required,
HT,NP,visa_on_arrival,
HT,NR,visa_required,
HT,NZ,visa_required,
HT,OM,e_visa,
HT,PA,visa_required,
HT,PE,visa_required,
HT,PG,e_visa,
HT,PH,visa_free,30
HT,PK,e_visa,
HT,PL,visa_required,
HT,PS,visa_free,
HT,PT,visa_required,
HT,PW,visa_on_arrival,
HT,PY,visa_required,
HT,QA,e_visa,
HT,RO,visa_required,
HT,RS,visa_required,
HT,RU,visa_required,
HT,RW,visa_free,90
HT,SA,visa_required,
HT,SB,visa_required,
HT,SC,visa_free,90
HT,SD,visa_required,
HT,SE,visa_required,
HT,SG,visa_free,30
HT,SI,visa_required,
HT,SK,visa_required,
HT,SL,e_visa,
HT,SM,visa_required,
HT,SN,visa_on_arrival,
HT,SO,e_visa,
HT,SR,no_admission,
HT,SS,e_visa,
HT,ST,e_visa,
HT,SV,e_visa,
HT,SY,e_visa,
HT,SZ,visa_required,
HT,TD,visa_required,
HT,TG,e_visa,
HT,TH,visa_required,
HT,TJ,e_visa,
HT,TL,visa_on_arrival,
HT,TM,visa_required,
HT,TN,visa_required,
HT,TO,visa_required,
HT,TR,visa_on_arrival,
HT,TT,visa_required,
HT,TV,visa_on_arrival,
HT,TW,visa_free,90
HT,TZ,visa_on_arrival,
HT,UA,visa_required,
HT,UG,e_visa,
HT,US,visa_required,
HT,UY,visa_required,
HT,UZ,visa_required,
HT,VA,visa_required,
HT,VC,visa_required,
HT,VE,visa_required,
HT,VN,e_visa,
HT,VU,visa_required,
HT,WS,visa_on_arrival,
HT,XK,visa_required,
HT,YE,visa_required,
HT,ZA,visa_required,
HT,ZM,visa_on_arrival,
HT,ZW,visa_on_arrival,
HU,AD,visa_free,
HU,AE,visa_free,90
HU,AF,visa_required,
HU,AG,visa_free,180
HU,AL,visa_free,90
HU,AM,visa_free,180
HU,AO,visa_free,30
HU,AR,visa_free,90
HU,AT,freedom_of_movement,
HU,AU,eta,
HU,AZ,e_visa,
HU,BA,visa_free,90
HU,BB,visa_free,90
HU,BD,visa_on_arrival,
HU,BE,freedom_of_movement,
HU,BF,visa_on_arrival,
HU,BG,freedom_of_movement,
HU,BH,visa_on_arrival,
HU,BI,visa_on_arrival,
HU,BJ,e_visa,
HU,BN,visa_free,90
HU,BO,visa_free,90
HU,BR,visa_free,90
HU,BS,visa_free,90
HU,BT,e_visa,
HU,BW,visa_free,90
HU,BY,visa_free,30
HU,BZ,visa_free,
HU,CA,eta,
HU,CD,e_visa,
HU,CF,visa_required,
HU,CG,visa_required,
HU,CH,freedom_of_movement,
HU,CI,eta,
HU,CL,visa_free,90
HU,CM,e_visa,
HU,CN,visa_free,30
HU,CO,visa_free,90
HU,CR,visa_free,180
HU,CU,e_visa,
HU,CV,visa_free,30
HU,CY,freedom_of_movement,
HU,CZ,freedom_of_movement,
HU,DE,freedom_of_movement,
HU,DJ,visa_on_arrival,
HU,DK,freedom_of_movement,
HU,DM,visa_free,180
HU,DO,visa_free,
HU,DZ,visa_required,
HU,EC,visa_free,90
HU,EE,freedom_of_movement,
HU,EG,visa_on_arrival,
HU,ER,visa_required,
HU,ES,freedom_of_movement,
HU,ET,visa_on_arrival,
HU,FI,freedom_of_movement,
HU,FJ,visa_free,120
HU,FM,visa_free,90
HU,FR,freedom_of_movement,
HU,GA,e_visa,
HU,GB,visa_free,180
HU,GD,visa_free,90
HU,GE,visa_free,360
HU,GH,visa_on_arrival,
HU,GM,visa_free,90
HU,GN,e_visa,
HU,GQ,e_visa,
HU,GR,freedom_of_movement,
HU,GT,visa_free,90
HU,GW,visa_on_arrival,
HU,GY,visa_required,
HU,HK,visa_free,90
HU,HN,visa_free,90
HU,HR,freedom_of_movement,
HU,HT,visa_free,90
HU,ID,visa_on_arrival,
HU,IE,freedom_of_movement,
HU,IL,visa_free,90
HU,IN,e_visa,
HU,IQ,visa_on_arrival,
HU,IR,visa_on_arrival,
HU,IS,freedom_of_movement,
HU,IT,freedom_of_movement,
HU,JM,visa_free,30
HU,JO,visa_on_arrival,
HU,JP,visa_free,90
HU,KE,eta,
HU,KG,visa_free,60
HU,KH,visa_on_arrival,
HU,KI,visa_free,90
HU,KM,visa_on_arrival,
HU,KN,visa_free,90
HU,KP,visa_required,
HU,KR,visa_free,90
HU,KW,visa_on_arrival,
HU,KZ,visa_free,30
HU,LA,visa_on_arrival,
HU,LB,visa_on_arrival,
HU,LC,visa_free,90
HU,LI,freedom_of_movement,
HU,LK,visa_on_arrival,
HU,LR,visa_required,
HU,LS,e_visa,
HU,LT,freedom_of_movement,
HU,LU,freedom_of_movement,
HU,LV,freedom_of_movement,
HU,LY,e_visa,
HU,MA,visa_free,90
HU,MC,visa_free,
HU,MD,visa_free,90
HU,ME,visa_free,90
HU,MG,visa_on_arrival,
HU,MH,visa_free,90
HU,MK,visa_free,90
HU,ML,visa_required,
HU,MM,e_visa,
HU,MN,visa_free,30
HU,MO,visa_free,90
HU,MR,visa_on_arrival,
HU,MT,freedom_of_movement,
HU,MU,visa_free,90
HU,MV,visa_on_arrival,
HU,MW,visa_on_arrival,
HU,MX,visa_free,180
HU,MY,visa_free,90
HU,MZ,visa_on_arrival,
HU,NA,visa_on_arrival,
HU,NE,visa_required,
HU,NG,e_visa,
HU,NI,visa_free,90
HU,NL,freedom_of_movement,
HU,NO,freedom_of_movement,
HU,NP,visa_on_arrival,
HU,NR,visa_required,
HU,NZ,eta,
HU,OM,visa_on_arrival,
HU,PA,visa_free,90
HU,PE,visa_free,180
HU,PG,eta,
HU,PH,visa_free,30
HU,PK,e_visa,
HU,PL,freedom_of_movement,
HU,PS,visa_free,
HU,PT,freedom_of_movement,
HU,PW,visa_free,90
HU,PY,visa_free,90
HU,QA,visa_on_arrival,
HU,RO,freedom_of_movement,
HU,RS,visa_free,90
HU,RU,e_visa,
HU,RW,visa_on_arrival,
HU,SA,visa_on_arrival,
HU,SB,visa_free,90
HU,SC,visa_free,90
HU,SD,visa_required,
HU,SE,freedom_of_movement,
HU,SG,visa_free,90
HU,SI,freedom_of_movement,
HU,SK,freedom_of_movement,
HU,SL,visa_on_arrival,
HU,SM,visa_free,
HU,SN,visa_free,90
HU,SO,visa_on_arrival,
HU,SR,visa_required,
HU,SS,e_visa,
HU,ST,visa_free,15
HU,SV,visa_free,180
HU,SY,e_visa,
HU,SZ,visa_free,30
HU,TD,visa_required,
HU,TG,e_visa,
HU,TH,visa_free,60
HU,TJ,visa_free,30
HU,TL,visa_free,90
HU,TM,visa_required,
HU,TN,visa_free,90
HU,TO,visa_free,90
HU,TR,visa_free,90
HU,TT,visa_free,90
HU,TV,visa_free,90
HU,TW,visa_free,90
HU,TZ,visa_on_arrival,
HU,UA,visa_free,90
HU,UG,e_visa,
HU,US,eta,
HU,UY,visa_free,90
HU,UZ,visa_free,30
HU,VA,visa_free,
HU,VC,visa_free,90
HU,VE,visa_free,90
HU,VN,e_visa,
HU,VU,visa_free,120
HU,WS,visa_free,90
HU,XK,visa_free,90
HU,YE,visa_required,
HU,ZA,visa_free,30
HU,ZM,visa_free,90
HU,ZW,visa_on_arrival,
ID,AD,visa_required,
ID,AE,e_visa,
ID,AF,visa_required,
ID,AG,e_visa,
ID,AL,visa_free,90
ID,AM,visa_on_arrival,
ID,AO,visa_free,30
ID,AR,visa_required,
ID,AT,visa_required,
ID,AU,e_visa,
ID,AZ,visa_on_arrival,
ID,BA,visa_required,
ID,BB,visa_free,90
ID,BD,visa_on_arrival,
ID,BE,visa_required,
ID,BF,e_visa,
ID,BG,visa_required,
ID,BH,e_visa,
ID,BI,visa_on_arrival,
ID,BJ,e_visa,
ID,BN,visa_free,14
ID,BO,visa_on_arrival,
ID,BR,visa_free,30
ID,BS,e_visa,
ID,BT,e_visa,
ID,BW,e_visa,
ID,BY,visa_free,30
ID,BZ,visa_required,
ID,CA,visa_required,
ID,CD,e_visa,
ID,CF,visa_required,
ID,CG,visa_required,
ID,CH,visa_required,
ID,CI,eta,
ID,CL,visa_free,90
ID,CM,e_visa,
ID,CN,visa_required,
ID,CO,visa_free,90
ID,CR,visa_required,
ID,CU,e_visa,
ID,CV,visa_on_arrival,
ID,CY,visa_required,
ID,CZ,visa_required,
ID,DE,visa_required,
ID,DJ,visa_on_arrival,
ID,DK,visa_required,
ID,DM,visa_free,21
ID,DO,visa_required,
ID,DZ,visa_required,
ID,EC,visa_free,90
ID,EE,visa_required,
ID,EG,visa_required,
ID,ER,visa_required,
ID,ES,visa_required,
ID,ET,visa_on_arrival,
ID,FI,visa_required,
ID,FJ,visa_free,120
ID,FM,visa_free,30
ID,FR,visa_required,
ID,GA,e_visa,
ID,GB,visa_required,
ID,GD,visa_required,
ID,GE,e_visa,
ID,GH,visa_on_arrival,
ID,GM,visa_free,90
ID,GN,e_visa,
ID,GQ,e_visa,
ID,GR,visa_required,
ID,GT,visa_required,
ID,GW,visa_on_arrival,
ID,GY,visa_free,30
ID,HK,visa_free,30
ID,HN,visa_required,
ID,HR,visa_required,
ID,HT,visa_free,90
ID,HU,visa_required,
ID,IE,visa_required,
ID,IL,visa_required,
ID,IN,e_visa,
ID,IQ,e_visa,
ID,IR,visa_free,15
ID,IS,visa_required,
ID,IT,visa_required,
ID,JM,visa_required,
ID,JO,visa_on_arrival,
ID,JP,visa_free,15
ID,KE,eta,
ID,KG,visa_on_arrival,
ID,KH,visa_free,30
ID,KI,visa_free,90
ID,KM,visa_on_arrival,
ID,KN,visa_free,90
ID,KP,visa_required,
ID,KR,e_visa,
ID,KW,visa_required,
ID,KZ,visa_free,30
ID,LA,visa_free,30
ID,LB,visa_required,
ID,LC,visa_required,
ID,LI,visa_required,
ID,LK,visa_on_arrival,
ID,LR,visa_required,
ID,LS,e_visa,
ID,LT,visa_required,
ID,LU,visa_required,
ID,LV,visa_required,
ID,LY,e_visa,
ID,MA,visa_free,90
ID,MC,visa_required,
ID,MD,e_visa,
ID,ME,visa_required,
ID,MG,visa_on_arrival,
ID,MH,visa_on_arrival,
ID,MK,visa_required,
ID,ML,visa_free,30
ID,MM,visa_free,14
ID,MN,e_visa,
ID,MO,visa_free,30
ID,MR,visa_on_arrival,
ID,MT,visa_required,
ID,MU,visa_on_arrival,
ID,MV,visa_on_arrival,
ID,MW,visa_on_arrival,
ID,MX,visa_required,
ID,MY,visa_free,30
ID,MZ,visa_on_arrival,
ID,NA,visa_free,30
ID,NE,visa_required,
ID,NG,e_visa,
ID,NI,visa_on_arrival,
ID,NL,visa_required,
ID,NO,visa_required,
ID,NP,visa_on_arrival,
ID,NR,visa_required,
ID,NZ,visa_required,
ID,OM,visa_on_arrival,
ID,PA,visa_required,
ID,PE,visa_free,180
ID,PG,eta,
ID,PH,visa_free,30
ID,PK,eta,
ID,PL,visa_required,
ID,PS,visa_free,
ID,PT,visa_required,
ID,PW,visa_on_arrival,
ID,PY,visa_required,
ID,QA,visa_on_arrival,
ID,RO,visa_required,
ID,RS,visa_free,30
ID,RU,e_visa,
ID,RW,visa_free,90
ID,SA,visa_required,
ID,SB,visa_required,
ID,SC,visa_free,90
ID,SD,visa_required,
ID,SE,visa_required,
ID,SG,visa_free,30
ID,SI,visa_required,
ID,SK,visa_required,
ID,SL,visa_on_arrival,
ID,SM,visa_required,
ID,SN,visa_required,
ID,SO,e_visa,
ID,SR,visa_required,
ID,SS,e_visa,
ID,ST,e_visa,
ID,SV,e_visa,
ID,SY,e_visa,
ID,SZ,visa_required,
ID,TD,visa_required,
ID,TG,e_visa,
ID,TH,visa_free,60
ID,TJ,visa_free,30
ID,TL,visa_free,30
ID,TM,visa_required,
ID,TN,visa_free,90
ID,TO,visa_required,
ID,TR,visa_free,30
ID,TT,visa_required,
ID,TV,visa_on_arrival,
ID,TW,visa_required,
ID,TZ,visa_on_arrival,
ID,UA,visa_required,
ID,UG,e_visa,
ID,US,visa_required,
ID,UY,visa_required,
ID,UZ,visa_free,30
ID,VA,visa_required,
ID,VC,visa_free,90
ID,VE,visa_free,90
ID,VN,visa_free,30
ID,VU,visa_required,
ID,WS,visa_on_arrival,
ID,XK,visa_required,
ID,YE,visa_required,
ID,ZA,e_visa,
ID,ZM,e_visa,
ID,ZW,visa_on_arrival,
IE,AD,visa_free,
IE,AE,visa_free,30
IE,AF,visa_required,
IE,AG,visa_free,180
IE,AL,visa_free,90
IE,AM,visa_free,180
IE,AO,visa_free,30
IE,AR,visa_free,90
IE,AT,freedom_of_movement,
IE,AU,eta,
IE,AZ,e_visa,
IE,BA,visa_free,90
IE,BB,visa_free,180
IE,BD,visa_on_arrival,
IE,BE,freedom_of_movement,
IE,BF,visa_on_arrival,
IE,BG,freedom_of_movement,
IE,BH,visa_on_arrival,
IE,BI,visa_on_arrival,
IE,BJ,e_visa,
IE,BN,visa_free,90
IE,BO,visa_free,90
IE,BR,visa_free,90
IE,BS,visa_free,90
IE,BT,e_visa,
IE,BW,visa_free,90
IE,BY,visa_free,30
IE,BZ,visa_free,
IE,CA,eta,
IE,CD,e_visa,
IE,CF,visa_required,
IE,CG,visa_required,
IE,CH,freedom_of_movement,
IE,CI,eta,
IE,CL,visa_free,90
IE,CM,e_visa,
IE,CN,visa_free,30
IE,CO,visa_free,90
IE,CR,visa_free,180
IE,CU,e_visa,
IE,CV,visa_free,30
IE,CY,freedom_of_movement,
IE,CZ,freedom_of_movement,
IE,DE,freedom_of_movement,
IE,DJ,visa_on_arrival,
IE,DK,freedom_of_movement,
IE,DM,visa_free,180
IE,DO,visa_free,
IE,DZ,visa_required,
IE,EC,visa_free,90
IE,EE,freedom_of_movement,
IE,EG,visa_on_arrival,
IE,ER,visa_required,
IE,ES,freedom_of_movement,
IE,ET,visa_on_arrival,
IE,FI,freedom_of_movement,
IE,FJ,visa_free,120
IE,FM,visa_free,30
IE,FR,freedom_of_movement,
IE,GA,e_visa,
IE,GB,visa_free,
IE,GD,visa_free,90
IE,GE,visa_free,360
IE,GH,visa_on_arrival,
IE,GM,visa_free,90
IE,GN,e_visa,
IE,GQ,e_visa,
IE,GR,freedom_of_movement,
IE,GT,visa_free,90
IE,GW,visa_on_arrival,
IE,GY,visa_free,90
IE,HK,visa_free,90
IE,HN,visa_free,90
IE,HR,freedom_of_movement,
IE,HT,visa_free,90
IE,HU,freedom_of_movement,
IE,ID,visa_on_arrival,
IE,IL,visa_free,90
IE,IN,e_visa,
IE,IQ,visa_on_arrival,
IE,IR,visa_on_arrival,
IE,IS,freedom_of_movement,
IE,IT,freedom_of_movement,
IE,JM,visa_free,90
IE,JO,visa_on_arrival,
IE,JP,visa_free,90
IE,KE,eta,
IE,KG,visa_free,60
IE,KH,visa_on_arrival,
IE,KI,visa_free,90
IE,KM,visa_on_arrival,
IE,KN,visa_free,90
IE,KP,visa_required,
IE,KR,visa_free,90
IE,KW,visa_on_arrival,
IE,KZ,visa_free,30
IE,LA,visa_on_arrival,
IE,LB,visa_on_arrival,
IE,LC,visa_free,42
IE,LI,freedom_of_movement,
IE,LK,visa_on_arrival,
IE,LR,visa_required,
IE,LS,visa_free,90
IE,LT,freedom_of_movement,
IE,LU,freedom_of_movement,
IE,LV,freedom_of_movement,
IE,LY,e_visa,
IE,MA,visa_free,90
IE,MC,visa_free,
IE,MD,visa_free,90
IE,ME,visa_free,90
IE,MG,visa_on_arrival,
IE,MH,visa_free,90
IE,MK,visa_free,90
IE,ML,visa_required,
IE,MM,e_visa,
IE,MN,visa_free,30
IE,MO,visa_free,90
IE,MR,visa_on_arrival,
IE,MT,freedom_of_movement,
IE,MU,visa_free,90
IE,MV,visa_on_arrival,
IE,MW,visa_free,30
IE,MX,visa_free,180
IE,MY,visa_free,90
IE,MZ,visa_free,30
IE,NA,visa_free,90
IE,NE,visa_required,
IE,NG,e_visa,
IE,NI,visa_free,90
IE,NL,freedom_of_movement,
IE,NO,freedom_of_movement,
IE,NP,visa_on_arrival,
IE,NR,visa_required,
IE,NZ,eta,
IE,OM,visa_on_arrival,
IE,PA,visa_free,90
IE,PE,visa_free,180
IE,PG,eta,
IE,PH,visa_free,30
IE,PK,e_visa,
IE,PL,freedom_of_movement,
IE,PS,visa_free,
IE,PT,freedom_of_movement,
IE,PW,visa_free,90
IE,PY,visa_free,90
IE,QA,visa_on_arrival,
IE,RO,freedom_of_movement,
IE,RS,visa_free,90
IE,RU,e_visa,
IE,RW,visa_on_arrival,
IE,SA,visa_on_arrival,
IE,SB,visa_on_arrival,
IE,SC,visa_free,90
IE,SD,visa_required,
IE,SE,freedom_of_movement,
IE,SG,visa_free,90
IE,SI,freedom_of_movement,
IE,SK,freedom_of_movement,
IE,SL,visa_on_arrival,
IE,SM,visa_free,
IE,SN,visa_free,90
IE,SO,visa_on_arrival,
IE,SR,visa_required,
IE,SS,e_visa,
IE,ST,visa_free,15
IE,SV,visa_free,180
IE,SY,e_visa,
IE,SZ,visa_free,30
IE,TD,visa_required,
IE,TG,e_visa,
IE,TH,visa_free,60
IE,TJ,visa_free,30
IE,TL,visa_on_arrival,
IE,TM,visa_required,
IE,TN,visa_free,90
IE,TO,visa_on_arrival,
IE,TR,visa_free,90
IE,TT,visa_free,
IE,TV,visa_on_arrival,
IE,TW,visa_free,90
IE,TZ,visa_on_arrival,
IE,UA,visa_free,90
IE,UG,visa_free,90
IE,US,eta,
IE,UY,visa_free,90
IE,UZ,visa_free,30
IE,VA,visa_free,
IE,VC,visa_free,90
IE,VE,visa_free,90
IE,VN,e_visa,
IE,VU,visa_free,120
IE,WS,visa_on_arrival,
IE,XK,visa_free,90
IE,YE,visa_required,
IE,ZA,visa_free,90
IE,ZM,visa_free,90
IE,ZW,visa_on_arrival,
IL,AD,visa_free,90
IL,AE,visa_free,90
IL,AF,visa_required,
IL,AG,e_visa,
IL,AL,visa_free,90
IL,AM,visa_on_arrival,
IL,AO,visa_free,30
IL,AR,visa_free,90
IL,AT,visa_free,90
IL,AU,e_visa,
IL,AZ,visa_on_arrival,
IL,BA,visa_free,90
IL,BB,visa_free,180
IL,BD,no_admission,
IL,BE,visa_free,90
IL,BF,e_visa,
IL,BG,visa_free,90
IL,BH,e_visa,
IL,BI,visa_on_arrival,
IL,BJ,e_visa,
IL,BN,no_admission,
IL,BO,visa_on_arrival,
IL,BR,visa_free,90
IL,BS,visa_free,90
IL,BT,e_visa,
IL,BW,visa_free,90
IL,BY,visa_free,90
IL,BZ,visa_free,90
IL,CA,eta,
IL,CD,e_visa,
IL,CF,visa_free,90
IL,CG,visa_required,
IL,CH,visa_free,90
IL,CI,eta,
IL,CL,visa_free,90
IL,CM,e_visa,
IL,CN,visa_required,
IL,CO,visa_free,90
IL,CR,visa_free,180
IL,CU,e_visa,
IL,CV,visa_on_arrival,
IL,CY,visa_free,90
IL,CZ,visa_free,90
IL,DE,visa_free,90
IL,DJ,visa_on_arrival,
IL,DK,visa_free,90
IL,DM,visa_free,180
IL,DO,visa_free,
IL,DZ,no_admission,
IL,EC,visa_free,90
IL,EE,visa_free,90
IL,EG,visa_required,
IL,ER,visa_required,
IL,ES,visa_free,90
IL,ET,visa_on_arrival,
IL,FI,visa_free,90
IL,FJ,visa_free,120
IL,FM,visa_free,30
IL,FR,visa_free,90
IL,GA,e_visa,
IL,GB,eta,
IL,GD,visa_free,90
IL,GE,visa_free,360
IL,GH,visa_on_arrival,
IL,GM,visa_required,
IL,GN,e_visa,
IL,GQ,e_visa,
IL,GR,visa_free,90
IL,GT,visa_free,90
IL,GW,visa_on_arrival,
IL,GY,visa_required,
IL,HK,visa_free,90
IL,HN,visa_free,90
IL,HR,visa_free,90
IL,HT,visa_free,90
IL,HU,visa_free,90
IL,ID,e_visa,
IL,IE,visa_free,90
IL,IN,e_visa,
IL,IQ,visa_required,
IL,IR,no_admission,
IL,IS,visa_free,90
IL,IT,visa_free,90
IL,JM,visa_free,90
IL,JO,visa_on_arrival,
IL,JP,visa_free,90
IL,KE,eta,
IL,KG,visa_free,60
IL,KH,visa_on_arrival,
IL,KI,visa_free,90
IL,KM,visa_on_arrival,
IL,KN,visa_free,90
IL,KP,visa_required,
IL,KR,visa_free,90
IL,KW,visa_required,
IL,KZ,visa_free,30
IL,LA,visa_on_arrival,
IL,LB,no_admission,
IL,LC,visa_free,42
IL,LI,visa_free,90
IL,LK,visa_on_arrival,
IL,LR,visa_required,
IL,LS,visa_free,90
IL,LT,visa_free,90
IL,LU,visa_free,90
IL,LV,visa_free,90
IL,LY,no_admission,
IL,MA,e_visa,
IL,MC,visa_free,90
IL,MD,visa_free,90
IL,ME,visa_free,90
IL,MG,visa_on_arrival,
IL,MH,visa_on_arrival,
IL,MK,visa_free,90
IL,ML,visa_required,
IL,MM,e_visa,
IL,MN,visa_free,30
IL,MO,visa_free,90
IL,MR,visa_on_arrival,
IL,MT,visa_free,90
IL,MU,visa_free,90
IL,MV,visa_on_arrival,
IL,MW,visa_free,90
IL,MX,visa_free,180
IL,MY,no_admission,
IL,MZ,visa_free,30
IL,NA,visa_on_arrival,
IL,NE,visa_required,
IL,NG,e_visa,
IL,NI,visa_free,90
IL,NL,visa_free,90
IL,NO,visa_free,90
IL,NP,visa_on_arrival,
IL,NR,visa_on_arrival,
IL,NZ,eta,
IL,OM,e_visa,
IL,PA,visa_free,90
IL,PE,visa_free,180
IL,PG,visa_on_arrival,
IL,PH,visa_free,60
IL,PK,no_admission,
IL,PL,visa_free,90
IL,PS,visa_free,
IL,PT,visa_free,90
IL,PW,visa_free,90
IL,PY,visa_free,90
IL,QA,e_visa,
IL,RO,visa_free,90
IL,RS,visa_free,90
IL,RU,visa_free,90
IL,RW,visa_on_arrival,
IL,SA,no_admission,
IL,SB,visa_on_arrival,
IL,SC,visa_free,90
IL,SD,visa_required,
IL,SE,visa_free,90
IL,SG,visa_free,30
IL,SI,visa_free,90
IL,SK,visa_free,90
IL,SL,visa_on_arrival,
IL,SM,visa_free,90
IL,SN,visa_on_arrival,
IL,SO,e_visa,
IL,SR,visa_free,180
IL,SS,e_visa,
IL,ST,e_visa,
IL,SV,visa_free,180
IL,SY,no_admission,
IL,SZ,visa_free,30
IL,TD,visa_required,
IL,TG,e_visa,
IL,TH,visa_free,60
IL,TJ,visa_on_arrival,
IL,TL,visa_on_arrival,
IL,TM,visa_required,
IL,TN,visa_required,
IL,TO,visa_free,90
IL,TR,visa_free,90
IL,TT,visa_free,90
IL,TV,visa_on_arrival,
IL,TW,visa_free,90
IL,TZ,visa_on_arrival,
IL,UA,visa_free,90
IL,UG,e_visa,
IL,US,eta,
IL,UY,visa_free,90
IL,UZ,visa_free,30
IL,VA,visa_free,90
IL,VC,visa_free,90
IL,VE,visa_required,
IL,VN,e_visa,
IL,VU,visa_free,120
IL,WS,visa_on_arrival,
IL,XK,visa_free,90
IL,YE,no_admission,
IL,ZA,visa_free,90
IL,ZM,visa_on_arrival,
IL,ZW,visa_on_arrival,
IN,AD,visa_required,
IN,AE,e_visa,
IN,AF,visa_required,
IN,AG,e_visa,
IN,AL,e_visa,
IN,AM,e_visa,
IN,AO,visa_free,30
IN,AR,visa_required,
IN,AT,visa_required,
IN,AU,e_visa,
IN,AZ,e_visa,
IN,BA,visa_required,
IN,BB,visa_free,90
IN,BD,visa_required,
IN,BE,visa_required,
IN,BF,e_visa,
IN,BG,visa_required,
IN,BH,e_visa,
IN,BI,visa_on_arrival,
IN,BJ,e_visa,
IN,BN,visa_required,
IN,BO,visa_on_arrival,
IN,BR,visa_required,
IN,BS,e_visa,
IN,BT,visa_free,14
IN,BW,e_visa,
IN,BY,visa_required,
IN,BZ,visa_required,
IN,CA,visa_required,
IN,CD,e_visa,
IN,CF,visa_required,
IN,CG,visa_required,
IN,CH,visa_required,
IN,CI,eta,
IN,CL,visa_required,
IN,CM,e_visa,
IN,CN,visa_required,
IN,CO,e_visa,
IN,CR,visa_required,
IN,CU,visa_required,
IN,CV,visa_on_arrival,
IN,CY,visa_required,
IN,CZ,visa_required,
IN,DE,visa_required,
IN,DJ,visa_on_arrival,
IN,DK,visa_required,
IN,DM,visa_free,180
IN,DO,visa_required,
IN,DZ,visa_required,
IN,EC,e_visa,
IN,EE,visa_required,
IN,EG,e_visa,
IN,ER,visa_required,
IN,ES,visa_required,
IN,ET,visa_on_arrival,
IN,FI,visa_required,
IN,FJ,visa_free,120
IN,FM,visa_free,30
IN,FR,visa_required,
IN,GA,e_visa,
IN,GB,visa_required,
IN,GD,visa_free,90
IN,GE,e_visa,
IN,GH,visa_on_arrival,
IN,GM,visa_free,90
IN,GN,e_visa,
IN,GQ,e_visa,
IN,GR,visa_required,
IN,GT,visa_required,
IN,GW,visa_on_arrival,
IN,GY,visa_required,
IN,HK,e_visa,
IN,HN,visa_required,
IN,HR,visa_required,
IN,HT,visa_free,90
IN,HU,visa_required,
IN,ID,visa_on_arrival,
IN,IE,visa_required,
IN,IL,visa_required,
IN,IQ,e_visa,
IN,IR,visa_free,15
IN,IS,visa_required,
IN,IT,visa_required,
IN,JM,visa_free,
IN,JO,visa_on_arrival,
IN,JP,e_visa,
IN,KE,eta,
IN,KG,e_visa,
IN,KH,visa_on_arrival,
IN,KI,visa_free,90
IN,KM,visa_on_arrival,
IN,KN,visa_free,90
IN,KP,visa_required,
IN,KR,e_visa,
IN,KW,visa_required,
IN,KZ,visa_free,14
IN,LA,visa_on_arrival,
IN,LB,visa_required,
IN,LC,visa_on_arrival,
IN,LI,visa_required,
IN,LK,visa_on_arrival,
IN,LR,visa_required,
IN,LS,e_visa,
IN,LT,visa_required,
IN,LU,visa_required,
IN,LV,visa_required,
IN,LY,e_visa,
IN,MA,e_visa,
IN,MC,visa_required,
IN,MD,e_visa,
IN,ME,visa_required,
IN,MG,visa_on_arrival,
IN,MH,visa_on_arrival,
IN,MK,visa_required,
IN,ML,visa_required,
IN,MM,visa_on_arrival,
IN,MN,visa_on_arrival,
IN,MO,visa_free,30
IN,MR,visa_on_arrival,
IN,MT,visa_required,
IN,MU,visa_free,90
IN,MV,visa_on_arrival,
IN,MW,e_visa,
IN,MX,visa_required,
IN,MY,visa_free,
IN,MZ,e_visa,
IN,NA,visa_required,
IN,NE,visa_required,
IN,NG,e_visa,
IN,NI,visa_required,
IN,NL,visa_required,
IN,NO,visa_required,
IN,NP,visa_free,
IN,NR,visa_required,
IN,NZ,visa_required,
IN,OM,e_visa,
IN,PA,visa_required,
IN,PE,visa_required,
IN,PG,eta,
IN,PH,visa_required,
IN,PK,visa_required,
IN,PL,visa_required,
IN,PS,visa_free,
IN,PT,visa_required,
IN,PW,visa_on_arrival,
IN,PY,visa_required,
IN,QA,visa_on_arrival,
IN,RO,visa_required,
IN,RS,visa_required,
IN,RU,e_visa,
IN,RW,visa_free,30
IN,SA,visa_required,
IN,SB,visa_required,
IN,SC,visa_free,90
IN,SD,visa_required,
IN,SE,visa_required,
IN,SG,e_visa,
IN,SI,visa_required,
IN,SK,visa_required,
IN,SL,visa_on_arrival,
IN,SM,visa_required,
IN,SN,visa_free,90
IN,SO,e_visa,
IN,SR,e_visa,
IN,SS,e_visa,
IN,ST,e_visa,
IN,SV,visa_free,180
IN,SY,e_visa,
IN,SZ,visa_required,
IN,TD,visa_required,
IN,TG,e_visa,
IN,TH,visa_free,60
IN,TJ,e_visa,
IN,TL,visa_on_arrival,
IN,TM,visa_required,
IN,TN,visa_required,
IN,TO,visa_required,
IN,TR,visa_required,
IN,TT,visa_free,90
IN,TV,visa_on_arrival,
IN,TW,visa_required,
IN,TZ,visa_on_arrival,
IN,UA,visa_required,
IN,UG,e_visa,
IN,US,visa_required,
IN,UY,visa_required,
IN,UZ,e_visa,
IN,VA,visa_required,
IN,VC,visa_free,90
IN,VE,visa_required,
IN,VN,e_visa,
IN,VU,visa_free,120
IN,WS,visa_on_arrival,
IN,XK,visa_required,
IN,YE,visa_required,
IN,ZA,e_visa,
IN,ZM,e_visa,
IN,ZW,visa_on_arrival,
IQ,AD,visa_required,
IQ,AE,e_visa,
IQ,AF,visa_required,
IQ,AG,e_visa,
IQ,AL,e_visa,
IQ,AM,e_visa,
IQ,AO,visa_required,
IQ,AR,visa_required,
IQ,AT,visa_required,
IQ,AU,e_visa,
IQ,AZ,visa_required,
IQ,BA,visa_required,
IQ,BB,visa_required,
IQ,BD,visa_required,
IQ,BE,visa_required,
IQ,BF,e_visa,
IQ,BG,visa_required,
IQ,BH,e_visa,
IQ,BI,visa_on_arrival,
IQ,BJ,e_visa,
IQ,BN,visa_required,
IQ,BO,visa_on_arrival,
IQ,BR,visa_required,
IQ,BS,e_visa,
IQ,BT,e_visa,
IQ,BW,e_visa,
IQ,BY,visa_required,
IQ,BZ,visa_required,
IQ,CA,visa_required,
IQ,CD,e_visa,
IQ,CF,visa_required,
IQ,CG,visa_required,
IQ,CH,visa_required,
IQ,CI,eta,
IQ,CL,visa_required,
IQ,CM,e_visa,
IQ,CN,visa_required,
IQ,CO,e_visa,
IQ,CR,visa_required,
IQ,CU,visa_required,
IQ,CV,visa_on_arrival,
IQ,CY,visa_required,
IQ,CZ,visa_required,
IQ,DE,visa_required,
IQ,DJ,visa_on_arrival,
IQ,DK,visa_required,
IQ,DM,visa_free,21
IQ,DO,visa_required,
IQ,DZ,visa_required,
IQ,EC,e_visa,
IQ,EE,visa_required,
IQ,EG,e_visa,
IQ,ER,visa_required,
IQ,ES,visa_required,
IQ,ET,e_visa,
IQ,FI,visa_required,
IQ,FJ,visa_required,
IQ,FM,visa_free,30
IQ,FR,visa_required,
IQ,GA,e_visa,
IQ,GB,visa_required,
IQ,GD,visa_required,
IQ,GE,e_visa,
IQ,GH,visa_on_arrival,
IQ,GM,visa_required,
IQ,GN,e_visa,
IQ,GQ,e_visa,
IQ,GR,visa_required,
IQ,GT,visa_required,
IQ,GW,visa_on_arrival,
IQ,GY,visa_required,
IQ,HK,e_visa,
IQ,HN,visa_required,
IQ,HR,visa_required,
IQ,HT,visa_free,90
IQ,HU,visa_required,
IQ,ID,e_visa,
IQ,IE,visa_required,
IQ,IL,visa_required,
IQ,IN,visa_required,
IQ,IR,visa_free,30
IQ,IS,visa_required,
IQ,IT,visa_required,
IQ,JM,visa_required,
IQ,JO,visa_required,
IQ,JP,visa_required,
IQ,KE,eta,
IQ,KG,e_visa,
IQ,KH,visa_on_arrival,
IQ,KI,visa_required,
IQ,KM,visa_on_arrival,
IQ,KN,e_visa,
IQ,KP,visa_required,
IQ,KR,e_visa,
IQ,KW,visa_required,
IQ,KZ,visa_required,
IQ,LA,visa_on_arrival,
IQ,LB,visa_on_arrival,
IQ,LC,visa_required,
IQ,LI,visa_required,
IQ,LK,visa_on_arrival,
IQ,LR,visa_required,
IQ,LS,e_visa,
IQ,LT,visa_required,
IQ,LU,visa_required,
IQ,LV,visa_required,
IQ,LY,e_visa,
IQ,MA,visa_required,
IQ,MC,visa_required,
IQ,MD,e_visa,
IQ,ME,visa_required,
IQ,MG,visa_on_arrival,
IQ,MH,visa_required,
IQ,MK,visa_required,
IQ,ML,visa_required,
IQ,MM,visa_required,
IQ,MN,visa_required,
IQ,MO,visa_on_arrival,
IQ,MR,visa_on_arrival,
IQ,MT,visa_required,
IQ,MU,visa_required,
IQ,MV,visa_on_arrival,
IQ,MW,e_visa,
IQ,MX,visa_required,
IQ,MY,visa_free,30
IQ,MZ,visa_on_arrival,
IQ,NA,visa_required,
IQ,NE,visa_required,
IQ,NG,e_visa,
IQ,NI,visa_required,
IQ,NL,visa_required,
IQ,NO,visa_required,
IQ,NP,visa_required,
IQ,NR,visa_required,
IQ,NZ,visa_required,
IQ,OM,e_visa,
IQ,PA,visa_required,
IQ,PE,visa_required,
IQ,PG,e_visa,
IQ,PH,visa_required,
IQ,PK,e_visa,
IQ,PL,visa_required,
IQ,PS,visa_required,
IQ,PT,visa_required,
IQ,PW,visa_on_arrival,
IQ,PY,visa_required,
IQ,QA,e_visa,
IQ,RO,visa_required,
IQ,RS,visa_required,
IQ,RU,visa_required,
IQ,RW,visa_on_arrival,
IQ,SA,visa_required,
IQ,SB,visa_required,
IQ,SC,visa_free,90
IQ,SD,visa_required,
IQ,SE,visa_required,
IQ,SG,e_visa,
IQ,SI,visa_required,
IQ,SK,visa_required,
IQ,SL,e_visa,
IQ,SM,visa_required,
IQ,SN,visa_required,
IQ,SO,e_visa,
IQ,SR,visa_required,
IQ,SS,e_visa,
IQ,ST,e_visa,
IQ,SV,e_visa,
IQ,SY,e_visa,
IQ,SZ,visa_required,
IQ,TD,visa_required,
IQ,TG,e_visa,
IQ,TH,visa_required,
IQ,TJ,e_visa,
IQ,TL,visa_on_arrival,
IQ,TM,visa_required,
IQ,TN,visa_free,15
IQ,TO,visa_required,
IQ,TR,visa_required,
IQ,TT,visa_required,
IQ,TV,visa_on_arrival,
IQ,TW,visa_required,
IQ,TZ,e_visa,
IQ,UA,visa_required,
IQ,UG,e_visa,
IQ,US,visa_required,
IQ,UY,visa_required,
IQ,UZ,visa_required,
IQ,VA,visa_required,
IQ,VC,visa_required,
IQ,VE,visa_required,
IQ,VN,e_visa,
IQ,VU,visa_required,
IQ,WS,visa_on_arrival,
IQ,XK,visa_required,
IQ,YE,visa_required,
IQ,ZA,visa_required,
IQ,ZM,visa_free,90
IQ,ZW,e_visa,
IR,AD,visa_required,
IR,AE,e_visa,
IR,AF,visa_required,
IR,AG,e_visa,
IR,AL,e_visa,
IR,AM,visa_free,90
IR,AO,visa_required,
IR,AR,visa_required,
IR,AT,visa_required,
IR,AU,e_visa,
IR,AZ,e_visa,
IR,BA,visa_required,
IR,BB,visa_required,
IR,BD,visa_required,
IR,BE,visa_required,
IR,BF,e_visa,
IR,BG,visa_required,
IR,BH,e_visa,
IR,BI,visa_on_arrival,
IR,BJ,e_visa,
IR,BN,visa_required,
IR,BO,visa_on_arrival,
IR,BR,visa_required,
IR,BS,e_visa,
IR,BT,e_visa,
IR,BW,e_visa,
IR,BY,visa_required,
IR,BZ,visa_required,
IR,CA,visa_required,
IR,CD,e_visa,
IR,CF,visa_required,
IR,CG,visa_required,
IR,CH,visa_required,
IR,CI,eta,
IR,CL,visa_required,
IR,CM,e_visa,
IR,CN,visa_required,
IR,CO,e_visa,
IR,CR,visa_required,
IR,CU,visa_required,
IR,CV,visa_on_arrival,
IR,CY,visa_required,
IR,CZ,visa_required,
IR,DE,visa_required,
IR,DJ,visa_on_arrival,
IR,DK,visa_required,
IR,DM,visa_free,21
IR,DO,visa_required,
IR,DZ,visa_required,
IR,EC,e_visa,
IR,EE,visa_required,
IR,EG,visa_required,
IR,ER,visa_required,
IR,ES,visa_required,
IR,ET,e_visa,
IR,FI,visa_required,
IR,FJ,visa_required,
IR,FM,visa_free,30
IR,FR,visa_required,
IR,GA,e_visa,
IR,GB,visa_required,
IR,GD,visa_required,
IR,GE,visa_free,45
IR,GH,visa_on_arrival,
IR,GM,visa_required,
IR,GN,e_visa,
IR,GQ,e_visa,
IR,GR,visa_required,
IR,GT,visa_required,
IR,GW,visa_on_arrival,
IR,GY,visa_required,
IR,HK,e_visa,
IR,HN,visa_required,
IR,HR,visa_required,
IR,HT,visa_free,90
IR,HU,visa_required,
IR,ID,e_visa,
IR,IE,visa_required,
IR,IL,visa_required,
IR,IN,visa_required,
IR,IQ,visa_free,30
IR,IS,visa_required,
IR,IT,visa_required,
IR,JM,visa_required,
IR,JO,visa_required,
IR,JP,visa_required,
IR,KE,eta,
IR,KG,e_visa,
IR,KH,visa_on_arrival,
IR,KI,visa_required,
IR,KM,visa_on_arrival,
IR,KN,e_visa,
IR,KP,visa_required,
IR,KR,e_visa,
IR,KW,visa_required,
IR,KZ,visa_free,14
IR,LA,visa_required,
IR,LB,visa_on_arrival,
IR,LC,visa_required,
IR,LI,visa_required,
IR,LK,visa_on_arrival,
IR,LR,visa_required,
IR,LS,e_visa,
IR,LT,visa_required,
IR,LU,visa_required,
IR,LV,visa_required,
IR,LY,no_admission,
IR,MA,visa_required,
IR,MC,visa_required,
IR,MD,e_visa,
IR,ME,visa_required,
IR,MG,visa_on_arrival,
IR,MH,visa_required,
IR,MK,visa_required,
IR,ML,visa_required,
IR,MM,visa_required,
IR,MN,visa_required,
IR,MO,visa_on_arrival,
IR,MR,visa_on_arrival,
IR,MT,visa_required,
IR,MU,visa_on_arrival,
IR,MV,visa_on_arrival,
IR,MW,e_visa,
IR,MX,visa_required,
IR,MY,visa_free,14
IR,MZ,visa_on_arrival,
IR,NA,visa_required,
IR,NE,visa_required,
IR,NG,e_visa,
IR,NI,visa_required,
IR,NL,visa_required,
IR,NO,visa_required,
IR,NP,visa_on_arrival,
IR,NR,visa_required,
IR,NZ,visa_required,
IR,OM,visa_on_arrival,
IR,PA,visa_required,
IR,PE,visa_required,
IR,PG,e_visa,
IR,PH,visa_required,
IR,PK,eta,
IR,PL,visa_required,
IR,PS,visa_required,
IR,PT,visa_required,
IR,PW,visa_on_arrival,
IR,PY,visa_required,
IR,QA,visa_on_arrival,
IR,RO,visa_required,
IR,RS,visa_required,
IR,RU,e_visa,
IR,RW,visa_on_arrival,
IR,SA,visa_required,
IR,SB,visa_required,
IR,SC,visa_free,90
IR,SD,visa_required,
IR,SE,visa_required,
IR,SG,e_visa,
IR,SI,visa_required,
IR,SK,visa_required,
IR,SL,visa_on_arrival,
IR,SM,visa_required,
IR,SN,visa_required,
IR,SO,e_visa,
IR,SR,visa_required,
IR,SS,e_visa,
IR,ST,e_visa,
IR,SV,e_visa,
IR,SY,visa_on_arrival,
IR,SZ,visa_required,
IR,TD,visa_required,
IR,TG,e_visa,
IR,TH,visa_required,
IR,TJ,visa_free,30
IR,TL,visa_on_arrival,
IR,TM,visa_required,
IR,TN,visa_free,15
IR,TO,visa_required,
IR,TR,visa_free,90
IR,TT,visa_required,
IR,TV,visa_on_arrival,
IR,TW,visa_required,
IR,TZ,e_visa,
IR,UA,visa_required,
IR,UG,e_visa,
IR,US,visa_required,
IR,UY,visa_required,
IR,UZ,visa_required,
IR,VA,visa_required,
IR,VC,visa_required,
IR,VE,visa_free,15
IR,VN,e_visa,
IR,VU,visa_required,
IR,WS,visa_on_arrival,
IR,XK,visa_required,
IR,YE,visa_required,
IR,ZA,e_visa,
IR,ZM,e_visa,
IR,ZW,visa_on_arrival,
IS,AD,visa_free,
IS,AE,visa_free,90
IS,AF,visa_required,
IS,AG,visa_free,180
IS,AL,visa_free,90
IS,AM,visa_free,180
IS,AO,visa_free,30
IS,AR,visa_free,90
IS,AT,freedom_of_movement,
IS,AU,eta,
IS,AZ,e_visa,
IS,BA,visa_free,90
IS,BB,visa_free,90
IS,BD,visa_on_arrival,
IS,BE,freedom_of_movement,
IS,BF,visa_on_arrival,
IS,BG,freedom_of_movement,
IS,BH,visa_on_arrival,
IS,BI,visa_on_arrival,
IS,BJ,e_visa,
IS,BN,visa_free,90
IS,BO,visa_free,90
IS,BR,visa_free,90
IS,BS,visa_free,240
IS,BT,e_visa,
IS,BW,visa_free,90
IS,BY,visa_free,30
IS,BZ,visa_free,
IS,CA,eta,
IS,CD,e_visa,
IS,CF,visa_required,
IS,CG,visa_required,
IS,CH,freedom_of_movement,
IS,CI,eta,
IS,CL,visa_free,90
IS,CM,e_visa,
IS,CN,visa_free,30
IS,CO,visa_free,90
IS,CR,visa_free,180
IS,CU,e_visa,
IS,CV,visa_free,30
IS,CY,freedom_of_movement,
IS,CZ,freedom_of_movement,
IS,DE,freedom_of_movement,
IS,DJ,visa_on_arrival,
IS,DK,freedom_of_movement,
IS,DM,visa_free,21
IS,DO,visa_free,
IS,DZ,visa_required,
IS,EC,visa_free,90
IS,EE,freedom_of_movement,
IS,EG,visa_on_arrival,
IS,ER,visa_required,
IS,ES,freedom_of_movement,
IS,ET,visa_on_arrival,
IS,FI,freedom_of_movement,
IS,FJ,visa_free,120
IS,FM,visa_free,90
IS,FR,freedom_of_movement,
IS,GA,e_visa,
IS,GB,visa_free,180
IS,GD,visa_free,90
IS,GE,visa_free,360
IS,GH,visa_on_arrival,
IS,GM,visa_free,90
IS,GN,e_visa,
IS,GQ,e_visa,
IS,GR,freedom_of_movement,
IS,GT,visa_free,90
IS,GW,visa_on_arrival,
IS,GY,visa_required,
IS,HK,visa_free,90
IS,HN,visa_free,90
IS,HR,freedom_of_movement,
IS,HT,visa_free,90
IS,HU,freedom_of_movement,
IS,ID,visa_on_arrival,
IS,IE,freedom_of_movement,
IS,IL,visa_free,90
IS,IN,e_visa,
IS,IQ,e_visa,
IS,IR,visa_on_arrival,
IS,IT,freedom_of_movement,
IS,JM,visa_free,90
IS,JO,visa_on_arrival,
IS,JP,visa_free,90
IS,KE,eta,
IS,KG,visa_free,60
IS,KH,visa_on_arrival,
IS,KI,visa_free,90
IS,KM,visa_on_arrival,
IS,KN,visa_free,90
IS,KP,visa_required,
IS,KR,visa_free,90
IS,KW,visa_on_arrival,
IS,KZ,visa_free,30
IS,LA,visa_on_arrival,
IS,LB,visa_on_arrival,
IS,LC,visa_free,42
IS,LI,freedom_of_movement,
IS,LK,visa_on_arrival,
IS,LR,visa_required,
IS,LS,visa_free,14
IS,LT,freedom_of_movement,
IS,LU,freedom_of_movement,
IS,LV,freedom_of_movement,
IS,LY,e_visa,
IS,MA,visa_free,90
IS,MC,visa_free,
IS,MD,visa_free,90
IS,ME,visa_free,90
IS,MG,visa_on_arrival,
IS,MH,visa_on_arrival,
IS,MK,visa_free,90
IS,ML,visa_required,
IS,MM,e_visa,
IS,MN,visa_free,30
IS,MO,visa_free,90
IS,MR,visa_on_arrival,
IS,MT,freedom_of_movement,
IS,MU,visa_free,90
IS,MV,visa_on_arrival,
IS,MW,visa_on_arrival,
IS,MX,visa_free,180
IS,MY,visa_free,90
IS,MZ,visa_on_arrival,
IS,NA,visa_free,90
IS,NE,visa_required,
IS,NG,e_visa,
IS,NI,visa_free,90
IS,NL,freedom_of_movement,
IS,NO,freedom_of_movement,
IS,NP,visa_on_arrival,
IS,NR,visa_required,
IS,NZ,eta,
IS,OM,visa_on_arrival,
IS,PA,visa_free,90
IS,PE,visa_free,90
IS,PG,eta,
IS,PH,visa_free,30
IS,PK,eta,
IS,PL,freedom_of_movement,
IS,PS,visa_free,
IS,PT,freedom_of_movement,
IS,PW,visa_on_arrival,
IS,PY,visa_free,90
IS,QA,visa_on_arrival,
IS,RO,freedom_of_movement,
IS,RS,visa_free,90
IS,RU,e_visa,
IS,RW,visa_on_arrival,
IS,SA,visa_on_arrival,
IS,SB,visa_free,90
IS,SC,visa_free,90
IS,SD,visa_required,
IS,SE,freedom_of_movement,
IS,SG,visa_free,30
IS,SI,freedom_of_movement,
IS,SK,freedom_of_movement,
IS,SL,e_visa,
IS,SM,visa_free,
IS,SN,visa_on_arrival,
IS,SO,visa_on_arrival,
IS,SR,visa_required,
IS,SS,e_visa,
IS,ST,visa_free,15
IS,SV,visa_free,180
IS,SY,e_visa,
IS,SZ,visa_required,
IS,TD,visa_required,
IS,TG,e_visa,
IS,TH,visa_free,60
IS,TJ,visa_free,30
IS,TL,visa_free,90
IS,TM,visa_required,
IS,TN,visa_free,90
IS,TO,visa_free,90
IS,TR,visa_free,90
IS,TT,visa_free,90
IS,TV,visa_free,90
IS,TW,visa_free,90
IS,TZ,visa_on_arrival,
IS,UA,visa_free,90
IS,UG,e_visa,
IS,US,eta,
IS,UY,visa_free,90
IS,UZ,visa_free,30
IS,VA,visa_free,
IS,VC,visa_free,90
IS,VE,visa_free,90
IS,VN,e_visa,
IS,VU,visa_required,
IS,WS,visa_on_arrival,
IS,XK,visa_free,90
IS,YE,visa_required,
IS,ZA,visa_free,90
IS,ZM,visa_on_arrival,
IS,ZW,visa_on_arrival,
IT,AD,visa_free,
IT,AE,visa_free,90
IT,AF,visa_required,
IT,AG,visa_free,180
IT,AL,visa_free,90
IT,AM,visa_free,180
IT,AO,visa_free,30
IT,AR,visa_free,90
IT,AT,freedom_of_movement,
IT,AU,eta,
IT,AZ,e_visa,
IT,BA,visa_free,90
IT,BB,visa_free,90
IT,BD,visa_on_arrival,
IT,BE,freedom_of_movement,
IT,BF,visa_on_arrival,
IT,BG,freedom_of_movement,
IT,BH,visa_on_arrival,
IT,BI,visa_on_arrival,
IT,BJ,e_visa,
IT,BN,visa_free,90
IT,BO,visa_free,90
IT,BR,visa_free,90
IT,BS,visa_free,240
IT,BT,e_visa,
IT,BW,visa_free,90
IT,BY,visa_free,30
IT,BZ,visa_free,
IT,CA,eta,
IT,CD,e_visa,
IT,CF,visa_required,
IT,CG,visa_required,
IT,CH,freedom_of_movement,
IT,CI,eta,
IT,CL,visa_free,90
IT,CM,e_visa,
IT,CN,visa_free,30
IT,CO,visa_free,90
IT,CR,visa_free,180
IT,CU,e_visa,
IT,CV,visa_free,30
IT,CY,freedom_of_movement,
IT,CZ,freedom_of_movement,
IT,DE,freedom_of_movement,
IT,DJ,visa_on_arrival,
IT,DK,freedom_of_movement,
IT,DM,visa_free,180
IT,DO,visa_free,
IT,DZ,visa_required,
IT,EC,visa_free,90
IT,EE,freedom_of_movement,
IT,EG,visa_on_arrival,
IT,ER,visa_required,
IT,ES,freedom_of_movement,
IT,ET,visa_on_arrival,
IT,FI,freedom_of_movement,
IT,FJ,visa_free,120
IT,FM,visa_free,90
IT,FR,freedom_of_movement,
IT,GA,e_visa,
IT,GB,visa_free,180
IT,GD,visa_free,90
IT,GE,visa_free,360
IT,GH,visa_on_arrival,
IT,GM,visa_free,90
IT,GN,e_visa,
IT,GQ,e_visa,
IT,GR,freedom_of_movement,
IT,GT,visa_free,90
IT,GW,visa_on_arrival,
IT,GY,visa_free,90
IT,HK,visa_free,90
IT,HN,visa_free,90
IT,HR,freedom_of_movement,
IT,HT,visa_free,90
IT,HU,freedom_of_movement,
IT,ID,visa_on_arrival,
IT,IE,freedom_of_movement,
IT,IL,visa_free,90
IT,IN,e_visa,
IT,IQ,visa_on_arrival,
IT,IR,visa_on_arrival,
IT,IS,freedom_of_movement,
IT,JM,visa_free,90
IT,JO,visa_on_arrival,
IT,JP,visa_free,90
IT,KE,eta,
IT,KG,visa_free,60
IT,KH,visa_on_arrival,
IT,KI,visa_free,90
IT,KM,visa_on_arrival,
IT,KN,visa_free,90
IT,KP,visa_required,
IT,KR,visa_free,90
IT,KW,visa_on_arrival,
IT,KZ,visa_free,30
IT,LA,visa_on_arrival,
IT,LB,visa_on_arrival,
IT,LC,visa_free,90
IT,LI,freedom_of_movement,
IT,LK,visa_on_arrival,
IT,LR,visa_required,
IT,LS,visa_free,14
IT,LT,freedom_of_movement,
IT,LU,freedom_of_movement,
IT,LV,freedom_of_movement,
IT,LY,e_visa,
IT,MA,visa_free,90
IT,MC,visa_free,
IT,MD,visa_free,90
IT,ME,visa_free,90
IT,MG,visa_on_arrival,
IT,MH,visa_free,90
IT,MK,visa_free,90
IT,ML,visa_required,
IT,MM,e_visa,
IT,MN,visa_free,30
IT,MO,visa_free,90
IT,MR,visa_on_arrival,
IT,MT,freedom_of_movement,
IT,MU,visa_free,90
IT,MV,visa_on_arrival,
IT,MW,visa_free,30
IT,MX,visa_free,180
IT,MY,visa_free,90
IT,MZ,visa_free,30
IT,NA,visa_free,90
IT,NE,visa_required,
IT,NG,e_visa,
IT,NI,visa_free,90
IT,NL,freedom_of_movement,
IT,NO,freedom_of_movement,
IT,NP,visa_on_arrival,
IT,NR,visa_required,
IT,NZ,eta,
IT,OM,visa_on_arrival,
IT,PA,visa_free,90
IT,PE,visa_free,90
IT,PG,eta,
IT,PH,visa_free,30
IT,PK,eta,
IT,PL,freedom_of_movement,
IT,PS,visa_free,
IT,PT,freedom_of_movement,
IT,PW,visa_free,90
IT,PY,visa_free,90
IT,QA,visa_on_arrival,
IT,RO,freedom_of_movement,
IT,RS,visa_free,90
IT,RU,e_visa,
IT,RW,visa_on_arrival,
IT,SA,visa_on_arrival,
IT,SB,visa_free,90
IT,SC,visa_free,90
IT,SD,visa_required,
IT,SE,freedom_of_movement,
IT,SG,visa_free,90
IT,SI,freedom_of_movement,
IT,SK,freedom_of_movement,
IT,SL,visa_on_arrival,
IT,SM,visa_free,
IT,SN,visa_free,90
IT,SO,visa_on_arrival,
IT,SR,visa_required,
IT,SS,e_visa,
IT,ST,visa_free,15
IT,SV,visa_free,180
IT,SY,e_visa,
IT,SZ,visa_free,30
IT,TD,visa_required,
IT,TG,e_visa,
IT,TH,visa_free,60
IT,TJ,visa_free,30
IT,TL,visa_free,90
IT,TM,visa_required,
IT,TN,visa_free,90
IT,TO,visa_free,90
IT,TR,visa_free,90
IT,TT,visa_free,90
IT,TV,visa_free,90
IT,TW,visa_free,90
IT,TZ,visa_on_arrival,
IT,UA,visa_free,90
IT,UG,e_visa,
IT,US,eta,
IT,UY,visa_free,90
IT,UZ,visa_free,30
IT,VA,visa_free,
IT,VC,visa_free,90
IT,VE,visa_free,90
IT,VN,visa_free,45
IT,VU,visa_free,120
IT,WS,visa_free,90
IT,XK,visa_free,90
IT,YE,visa_required,
IT,ZA,visa_free,90
IT,ZM,visa_free,90
IT,ZW,visa_on_arrival,
JM,AD,visa_required,
JM,AE,e_visa,
JM,AF,visa_required,
JM,AG,visa_free,180
JM,AL,e_visa,
JM,AM,e_visa,
JM,AO,visa_free,30
JM,AR,visa_free,90
JM,AT,visa_required,
JM,AU,e_visa,
JM,AZ,e_visa,
JM,BA,visa_required,
JM,BB,visa_free,180
JM,BD,visa_free,90
JM,BE,visa_required,
JM,BF,e_visa,
JM,BG,visa_required,
JM,BH,e_visa,
JM,BI,visa_on_arrival,
JM,BJ,e_visa,
JM,BN,visa_required,
JM,BO,visa_on_arrival,
JM,BR,visa_free,90
JM,BS,visa_free,90
JM,BT,e_visa,
JM,BW,visa_free,90
JM,BY,visa_required,
JM,BZ,visa_free,
JM,CA,visa_required,
JM,CD,e_visa,
JM,CF,visa_required,
JM,CG,visa_required,
JM,CH,visa_required,
JM,CI,eta,
JM,CL,visa_free,90
JM,CM,e_visa,
JM,CN,visa_required,
JM,CO,visa_free,90
JM,CR,visa_required,
JM,CU,e_visa,
JM,CV,visa_on_arrival,
JM,CY,visa_required,
JM,CZ,visa_required,
JM,DE,visa_required,
JM,DJ,visa_on_arrival,
JM,DK,visa_required,
JM,DM,visa_free,180
JM,DO,visa_free,
JM,DZ,visa_required,
JM,EC,visa_free,90
JM,EE,visa_required,
JM,EG,visa_on_arrival,
JM,ER,visa_required,
JM,ES,visa_required,
JM,ET,e_visa,
JM,FI,visa_required,
JM,FJ,visa_free,120
JM,FM,visa_free,30
JM,FR,visa_required,
JM,GA,e_visa,
JM,GB,visa_required,
JM,GD,visa_free,90
JM,GE,e_visa,
JM,GH,visa_free,60
JM,GM,visa_free,90
JM,GN,e_visa,
JM,GQ,e_visa,
JM,GR,visa_required,
JM,GT,visa_required,
JM,GW,visa_on_arrival,
JM,GY,visa_free,180
JM,HK,visa_free,90
JM,HN,visa_required,
JM,HR,visa_required,
JM,HT,visa_free,90
JM,HU,visa_required,
JM,ID,e_visa,
JM,IE,visa_required,
JM,IL,visa_free,90
JM,IN,e_visa,
JM,IQ,e_visa,
JM,IR,visa_on_arrival,
JM,IS,visa_required,
JM,IT,visa_required,
JM,JO,visa_on_arrival,
JM,JP,visa_required,
JM,KE,eta,
JM,KG,e_visa,
JM,KH,visa_on_arrival,
JM,KI,visa_free,90
JM,KM,visa_on_arrival,
JM,KN,visa_free,180
JM,KP,visa_required,
JM,KR,eta,
JM,KW,visa_required,
JM,KZ,e_visa,
JM,LA,visa_on_arrival,
JM,LB,visa_required,
JM,LC,visa_free,42
JM,LI,visa_required,
JM,LK,visa_on_arrival,
JM,LR,visa_required,
JM,LS,visa_free,90
JM,LT,visa_required,
JM,LU,visa_required,
JM,LV,visa_required,
JM,LY,e_visa,
JM,MA,visa_required,
JM,MC,visa_required,
JM,MD,e_visa,
JM,ME,visa_required,
JM,MG,visa_on_arrival,
JM,MH,visa_required,
JM,MK,visa_required,
JM,ML,visa_required,
JM,MM,e_visa,
JM,MN,e_visa,
JM,MO,visa_on_arrival,
JM,MR,visa_on_arrival,
JM,MT,visa_required,
JM,MU,visa_free,90
JM,MV,visa_on_arrival,
JM,MW,visa_free,90
JM,MX,visa_free,180
JM,MY,visa_free,30
JM,MZ,visa_on_arrival,
JM,NA,visa_free,90
JM,NE,visa_required,
JM,NG,e_visa,
JM,NI,visa_on_arrival,
JM,NL,visa_required,
JM,NO,visa_required,
JM,NP,visa_on_arrival,
JM,NR,visa_required,
JM,NZ,visa_required,
JM,OM,e_visa,
JM,PA,visa_free,90
JM,PE,visa_free,180
JM,PG,eta,
JM,PH,visa_free,30
JM,PK,e_visa,
JM,PL,visa_required,
JM,PS,visa_free,
JM,PT,visa_required,
JM,PW,visa_on_arrival,
JM,PY,visa_required,
JM,QA,e_visa,
JM,RO,visa_required,
JM,RS,visa_free,30
JM,RU,visa_free,90
JM,RW,visa_free,30
JM,SA,visa_required,
JM,SB,visa_required,
JM,SC,visa_free,90
JM,SD,visa_required,
JM,SE,visa_required,
JM,SG,visa_free,30
JM,SI,visa_required,
JM,SK,visa_required,
JM,SL,visa_on_arrival,
JM,SM,visa_required,
JM,SN,visa_on_arrival,
JM,SO,e_visa,
JM,SR,visa_free,180
JM,SS,e_visa,
JM,ST,e_visa,
JM,SV,e_visa,
JM,SY,e_visa,
JM,SZ,visa_free,30
JM,TD,visa_required,
JM,TG,e_visa,
JM,TH,visa_free,60
JM,TJ,visa_free,30
JM,TL,visa_on_arrival,
JM,TM,visa_required,
JM,TN,visa_required,
JM,TO,visa_required,
JM,TR,visa_on_arrival,
JM,TT,visa_free,
JM,TV,visa_on_arrival,
JM,TW,visa_required,
JM,TZ,visa_free,90
JM,UA,visa_required,
JM,UG,visa_free,90
JM,US,visa_required,
JM,UY,visa_free,90
JM,UZ,visa_free,30
JM,VA,visa_required,
JM,VC,visa_free,180
JM,VE,visa_free,90
JM,VN,e_visa,
JM,VU,visa_free,120
JM,WS,visa_on_arrival,
JM,XK,visa_required,
JM,YE,visa_required,
JM,ZA,visa_free,90
JM,ZM,visa_free,90
JM,ZW,visa_free,90
JO,AD,visa_required,
JO,AE,e_visa,
JO,AF,visa_required,
JO,AG,e_visa,
JO,AL,e_visa,
JO,AM,visa_on_arrival,
JO,AO,visa_required,
JO,AR,visa_required,
JO,AT,visa_required,
JO,AU,e_visa,
JO,AZ,e_visa,
JO,BA,visa_required,
JO,BB,visa_free,90
JO,BD,visa_required,
JO,BE,visa_required,
JO,BF,e_visa,
JO,BG,visa_required,
JO,BH,e_visa,
JO,BI,visa_on_arrival,
JO,BJ,e_visa,
JO,BN,visa_required,
JO,BO,visa_on_arrival,
JO,BR,visa_required,
JO,BS,e_visa,
JO,BT,e_visa,
JO,BW,e_visa,
JO,BY,visa_required,
JO,BZ,visa_required,
JO,CA,visa_required,
JO,CD,e_visa,
JO,CF,visa_required,
JO,CG,visa_required,
JO,CH,visa_required,
JO,CI,eta,
JO,CL,visa_required,
JO,CM,e_visa,
JO,CN,visa_required,
JO,CO,e_visa,
JO,CR,visa_required,
JO,CU,e_visa,
JO,CV,visa_on_arrival,
JO,CY,visa_required,
JO,CZ,visa_required,
JO,DE,visa_required,
JO,DJ,visa_on_arrival,
JO,DK,visa_required,
JO,DM,visa_free,21
JO,DO,visa_required,
JO,DZ,visa_required,
JO,EC,visa_free,90
JO,EE,visa_required,
JO,EG,visa_free,90
JO,ER,visa_required,
JO,ES,visa_required,
JO,ET,visa_on_arrival,
JO,FI,visa_required,
JO,FJ,visa_required,
JO,FM,visa_free,30
JO,FR,visa_required,
JO,GA,e_visa,
JO,GB,visa_required,
JO,GD,visa_required,
JO,GE,visa_free,360
JO,GH,visa_on_arrival,
JO,GM,visa_required,
JO,GN,e_visa,
JO,GQ,e_visa,
JO,GR,visa_required,
JO,GT,visa_required,
JO,GW,visa_on_arrival,
JO,GY,visa_required,
JO,HK,visa_free,30
JO,HN,visa_required,
JO,HR,visa_required,
JO,HT,visa_free,90
JO,HU,visa_required,
JO,ID,visa_on_arrival,
JO,IE,visa_required,
JO,IL,visa_required,
JO,IN,e_visa,
JO,IQ,e_visa,
JO,IR,visa_required,
JO,IS,visa_required,
JO,IT,visa_required,
JO,JM,visa_required,
JO,JP,visa_required,
JO,KE,eta,
JO,KG,e_visa,
JO,KH,visa_on_arrival,
JO,KI,visa_required,
JO,KM,visa_on_arrival,
JO,KN,visa_free,90
JO,KP,visa_required,
JO,KR,e_visa,
JO,KW,visa_required,
JO,KZ,visa_required,
JO,LA,visa_required,
JO,LB,visa_free,180
JO,LC,visa_required,
JO,LI,visa_required,
JO,LK,visa_on_arrival,
JO,LR,visa_required,
JO,LS,e_visa,
JO,LT,visa_required,
JO,LU,visa_required,
JO,LV,visa_required,
JO,LY,e_visa,
JO,MA,e_visa,
JO,MC,visa_required,
JO,MD,e_visa,
JO,ME,visa_required,
JO,MG,visa_on_arrival,
JO,MH,visa_required,
JO,MK,visa_required,
JO,ML,visa_required,
JO,MM,e_visa,
JO,MN,visa_required,
JO,MO,visa_on_arrival,
JO,MR,visa_on_arrival,
JO,MT,visa_required,
JO,MU,visa_on_arrival,
JO,MV,visa_on_arrival,
JO,MW,visa_on_arrival,
JO,MX,visa_required,
JO,MY,visa_free,90
JO,MZ,visa_on_arrival,
JO,NA,visa_required,
JO,NE,visa_required,
JO,NG,e_visa,
JO,NI,visa_on_arrival,
JO,NL,visa_required,
JO,NO,visa_required,
JO,NP,visa_on_arrival,
JO,NR,visa_required,
JO,NZ,visa_required,
JO,OM,e_visa,
JO,PA,visa_required,
JO,PE,visa_required,
JO,PG,e_visa,
JO,PH,visa_required,
JO,PK,eta,
JO,PL,visa_required,
JO,PS,visa_required,
JO,PT,visa_required,
JO,PW,visa_on_arrival,
JO,PY,visa_required,
JO,QA,e_visa,
JO,RO,visa_required,
JO,RS,visa_required,
JO,RU,e_visa,
JO,RW,visa_on_arrival,
JO,SA,visa_required,
JO,SB,visa_required,
JO,SC,visa_free,90
JO,SD,visa_required,
JO,SE,visa_required,
JO,SG,e_visa,
JO,SI,visa_required,
JO,SK,visa_required,
JO,SL,e_visa,
JO,SM,visa_required,
JO,SN,visa_required,
JO,SO,e_visa,
JO,SR,visa_required,
JO,SS,e_visa,
JO,ST,e_visa,
JO,SV,e_visa,
JO,SY,visa_free,
JO,SZ,visa_required,
JO,TD,visa_required,
JO,TG,e_visa,
JO,TH,visa_free,60
JO,TJ,visa_free,30
JO,TL,visa_on_arrival,
JO,TM,visa_required,
JO,TN,visa_free,90
JO,TO,visa_required,
JO,TR,visa_free,90
JO,TT,visa_required,
JO,TV,visa_on_arrival,
JO,TW,visa_required,
JO,TZ,visa_on_arrival,
JO,UA,visa_required,
JO,UG,e_visa,
JO,US,visa_required,
JO,UY,visa_required,
JO,UZ,e_visa,
JO,VA,visa_required,
JO,VC,visa_required,
JO,VE,visa_required,
JO,VN,e_visa,
JO,VU,visa_required,
JO,WS,visa_on_arrival,
JO,XK,visa_free,90
JO,YE,visa_on_arrival,
JO,ZA,visa_free,30
JO,ZM,e_visa,
JO,ZW,e_visa,
JP,AD,visa_free,90
JP,AE,visa_free,30
JP,AF,visa_required,
JP,AG,visa_free,180
JP,AL,visa_free,90
JP,AM,visa_free,180
JP,AO,visa_free,30
JP,AR,visa_free,90
JP,AT,visa_free,90
JP,AU,eta,
JP,AZ,visa_on_arrival,
JP,BA,visa_free,90
JP,BB,visa_free,90
JP,BD,visa_on_arrival,
JP,BE,visa_free,90
JP,BF,e_visa,
JP,BG,visa_free,90
JP,BH,visa_on_arrival,
JP,BI,visa_on_arrival,
JP,BJ,e_visa,
JP,BN,visa_free,90
JP,BO,visa_free,90
JP,BR,visa_free,90
JP,BS,visa_free,90
JP,BT,e_visa,
JP,BW,visa_free,90
JP,BY,visa_free,30
JP,BZ,visa_free,90
JP,CA,eta,
JP,CD,e_visa,
JP,CF,visa_required,
JP,CG,visa_required,
JP,CH,visa_free,90
JP,CI,eta,
JP,CL,visa_free,90
JP,CM,e_visa,
JP,CN,visa_free,30
JP,CO,visa_free,90
JP,CR,visa_free,180
JP,CU,e_visa,
JP,CV,visa_on_arrival,
JP,CY,visa_free,90
JP,CZ,visa_free,90
JP,DE,visa_free,90
JP,DJ,visa_on_arrival,
JP,DK,visa_free,90
JP,DM,visa_free,180
JP,DO,visa_free,
JP,DZ,visa_required,
JP,EC,visa_free,90
JP,EE,visa_free,90
JP,EG,visa_on_arrival,
JP,ER,visa_required,
JP,ES,visa_free,90
JP,ET,visa_on_arrival,
JP,FI,visa_free,90
JP,FJ,visa_free,120
JP,FM,visa_free,30
JP,FR,visa_free,90
JP,GA,e_visa,
JP,GB,eta,
JP,GD,visa_free,90
JP,GE,visa_free,360
JP,GH,visa_on_arrival,
JP,GM,visa_required,
JP,GN,e_visa,
JP,GQ,e_visa,
JP,GR,visa_free,90
JP,GT,visa_free,90
JP,GW,visa_on_arrival,
JP,GY,visa_free,90
JP,HK,visa_free,90
JP,HN,visa_free,90
JP,HR,visa_free,90
JP,HT,visa_free,90
JP,HU,visa_free,90
JP,ID,visa_on_arrival,
JP,IE,visa_free,90
JP,IL,visa_free,90
JP,IN,visa_on_arrival,
JP,IQ,visa_on_arrival,
JP,IR,visa_free,15
JP,IS,visa_free,90
JP,IT,visa_free,90
JP,JM,visa_free,30
JP,JO,visa_on_arrival,
JP,KE,eta,
JP,KG,visa_free,60
JP,KH,visa_on_arrival,
JP,KI,visa_free,90
JP,KM,visa_on_arrival,
JP,KN,visa_free,90
JP,KP,visa_required,
JP,KR,visa_free,90
JP,KW,visa_on_arrival,
JP,KZ,visa_free,30
JP,LA,visa_free,15
JP,LB,visa_on_arrival,
JP,LC,visa_free,42
JP,LI,visa_free,90
JP,LK,visa_on_arrival,
JP,LR,visa_required,
JP,LS,visa_free,90
JP,LT,visa_free,90
JP,LU,visa_free,90
JP,LV,visa_free,90
JP,LY,e_visa,
JP,MA,visa_free,90
JP,MC,visa_free,90
JP,MD,visa_free,90
JP,ME,visa_free,90
JP,MG,visa_on_arrival,
JP,MH,visa_on_arrival,
JP,MK,visa_free,90
JP,ML,visa_required,
JP,MM,e_visa,
JP,MN,visa_free,30
JP,MO,visa_free,90
JP,MR,visa_on_arrival,
JP,MT,visa_free,90
JP,MU,visa_free,90
JP,MV,visa_on_arrival,
JP,MW,visa_on_arrival,
JP,MX,visa_free,180
JP,MY,visa_free,90
JP,MZ,visa_free,30
JP,NA,visa_free,90
JP,NE,visa_required,
JP,NG,e_visa,
JP,NI,visa_free,90
JP,NL,visa_free,90
JP,NO,visa_free,90
JP,NP,visa_on_arrival,
JP,NR,visa_required,
JP,NZ,eta,
JP,OM,visa_on_arrival,
JP,PA,visa_free,90
JP,PE,visa_free,180
JP,PG,eta,
JP,PH,visa_free,30
JP,PK,eta,
JP,PL,visa_free,90
JP,PS,visa_free,
JP,PT,visa_free,90
JP,PW,visa_on_arrival,
JP,PY,visa_free,90
JP,QA,visa_on_arrival,
JP,RO,visa_free,90
JP,RS,visa_free,90
JP,RU,e_visa,
JP,RW,visa_on_arrival,
JP,SA,visa_on_arrival,
JP,SB,visa_on_arrival,
JP,SC,visa_free,90
JP,SD,visa_required,
JP,SE,visa_free,90
JP,SG,visa_free,30
JP,SI,visa_free,90
JP,SK,visa_free,90
JP,SL,visa_on_arrival,
JP,SM,visa_free,90
JP,SN,visa_free,90
JP,SO,e_visa,
JP,SR,visa_required,
JP,SS,e_visa,
JP,ST,visa_free,15
JP,SV,visa_free,180
JP,SY,e_visa,
JP,SZ,visa_free,30
JP,TD,visa_required,
JP,TG,e_visa,
JP,TH,visa_free,60
JP,TJ,visa_free,30
JP,TL,visa_on_arrival,
JP,TM,visa_required,
JP,TN,visa_free,90
JP,TO,visa_on_arrival,
JP,TR,visa_free,90
JP,TT,visa_free,90
JP,TV,visa_on_arrival,
JP,TW,visa_free,90
JP,TZ,visa_on_arrival,
JP,UA,visa_free,90
JP,UG,e_visa,
JP,US,eta,
JP,UY,visa_free,90
JP,UZ,visa_free,30
JP,VA,visa_free,90
JP,VC,visa_free,90
JP,VE,visa_free,90
JP,VN,visa_free,45
JP,VU,visa_free,120
JP,WS,visa_on_arrival,
JP,XK,visa_free,90
JP,YE,visa_required,
JP,ZA,visa_free,90
JP,ZM,visa_free,90
JP,ZW,visa_on_arrival,
KE,AD,visa_required,
KE,AE,e_visa,
KE,AF,visa_required,
KE,AG,visa_free,180
KE,AL,e_visa,
KE,AM,visa_required,
KE,AO,visa_required,
KE,AR,visa_required,
KE,AT,visa_required,
KE,AU,e_visa,
KE,AZ,visa_required,
KE,BA,visa_required,
KE,BB,visa_free,180
KE,BD,visa_required,
KE,BE,visa_required,
KE,BF,visa_on_arrival,
KE,BG,visa_required,
KE,BH,e_visa,
KE,BI,visa_free,90
KE,BJ,visa_free,90
KE,BN,visa_required,
KE,BO,visa_on_arrival,
KE,BR,visa_required,
KE,BS,visa_free,90
KE,BT,e_visa,
KE,BW,visa_free,90
KE,BY,visa_required,
KE,BZ,visa_required,
KE,CA,visa_required,
KE,CD,visa_on_arrival,
KE,CF,visa_required,
KE,CG,visa_required,
KE,CH,visa_required,
KE,CI,eta,
KE,CL,visa_required,
KE,CM,e_visa,
KE,CN,visa_required,
KE,CO,e_visa,
KE,CR,visa_required,
KE,CU,visa_free,90
KE,CV,visa_on_arrival,
KE,CY,visa_required,
KE,CZ,visa_required,
KE,DE,visa_required,
KE,DJ,visa_on_arrival,
KE,DK,visa_required,
KE,DM,visa_free,180
KE,DO,visa_required,
KE,DZ,visa_required,
KE,EC,e_visa,
KE,EE,visa_required,
KE,EG,visa_required,
KE,ER,visa_free,
KE,ES,visa_required,
KE,ET,visa_free,360
KE,FI,visa_required,
KE,FJ,visa_free,120
KE,FM,visa_free,30
KE,FR,visa_required,
KE,GA,e_visa,
KE,GB,visa_required,
KE,GD,visa_free,90
KE,GE,e_visa,
KE,GH,visa_free,60
KE,GM,visa_free,90
KE,GN,e_visa,
KE,GQ,e_visa,
KE,GR,visa_required,
KE,GT,visa_required,
KE,GW,visa_on_arrival,
KE,GY,visa_required,
KE,HK,visa_free,90
KE,HN,visa_required,
KE,HR,visa_required,
KE,HT,visa_free,90
KE,HU,visa_required,
KE,ID,visa_on_arrival,
KE,IE,visa_required,
KE,IL,visa_required,
KE,IN,e_visa,
KE,IQ,e_visa,
KE,IR,visa_on_arrival,
KE,IS,visa_required,
KE,IT,visa_required,
KE,JM,visa_free,
KE,JO,visa_on_arrival,
KE,JP,visa_required,
KE,KG,e_visa,
KE,KH,visa_on_arrival,
KE,KI,visa_free,90
KE,KM,visa_on_arrival,
KE,KN,visa_free,90
KE,KP,visa_required,
KE,KR,e_visa,
KE,KW,visa_required,
KE,KZ,e_visa,
KE,LA,visa_on_arrival,
KE,LB,visa_required,
KE,LC,visa_on_arrival,
KE,LI,visa_required,
KE,LK,visa_on_arrival,
KE,LR,visa_required,
KE,LS,visa_free,90
KE,LT,visa_required,
KE,LU,visa_required,
KE,LV,visa_required,
KE,LY,e_visa,
KE,MA,visa_required,
KE,MC,visa_required,
KE,MD,e_visa,
KE,ME,visa_required,
KE,MG,visa_on_arrival,
KE,MH,visa_required,
KE,MK,visa_required,
KE,ML,visa_on_arrival,
KE,MM,e_visa,
KE,MN,e_visa,
KE,MO,visa_on_arrival,
KE,MR,visa_on_arrival,
KE,MT,visa_required,
KE,MU,visa_free,90
KE,MV,visa_on_arrival,
KE,MW,visa_free,90
KE,MX,visa_required,
KE,MY,visa_free,30
KE,MZ,visa_on_arrival,
KE,NA,visa_free,90
KE,NE,visa_required,
KE,NG,visa_on_arrival,
KE,NI,visa_required,
KE,NL,visa_required,
KE,NO,visa_required,
KE,NP,visa_on_arrival,
KE,NR,visa_required,
KE,NZ,visa_required,
KE,OM,e_visa,
KE,PA,visa_required,
KE,PE,visa_required,
KE,PG,eta,
KE,PH,visa_free,30
KE,PK,e_visa,
KE,PL,visa_required,
KE,PS,visa_required,
KE,PT,visa_required,
KE,PW,visa_on_arrival,
KE,PY,visa_required,
KE,QA,e_visa,
KE,RO,visa_required,
KE,RS,visa_required,
KE,RU,e_visa,
KE,RW,visa_free,180
KE,SA,visa_required,
KE,SB,visa_required,
KE,SC,visa_free,90
KE,SD,visa_on_arrival,
KE,SE,visa_required,
KE,SG,visa_free,30
KE,SI,visa_required,
KE,SK,visa_required,
KE,SL,visa_on_arrival,
KE,SM,visa_required,
KE,SN,visa_on_arrival,
KE,SO,e_visa,
KE,SR,e_visa,
KE,SS,visa_free,
KE,ST,e_visa,
KE,SV,e_visa,
KE,SY,e_visa,
KE,SZ,visa_free,30
KE,TD,visa_required,
KE,TG,e_visa,
KE,TH,visa_required,
KE,TJ,e_visa,
KE,TL,visa_on_arrival,
KE,TM,visa_required,
KE,TN,visa_required,
KE,TO,visa_required,
KE,TR,visa_required,
KE,TT,visa_free,
KE,TV,visa_on_arrival,
KE,TW,visa_required,
KE,TZ,visa_free,90
KE,UA,visa_required,
KE,UG,visa_free,90
KE,US,visa_required,
KE,UY,visa_required,
KE,UZ,visa_required,
KE,VA,visa_required,
KE,VC,visa_free,90
KE,VE,visa_required,
KE,VN,e_visa,
KE,VU,visa_free,120
KE,WS,visa_on_arrival,
KE,XK,visa_required,
KE,YE,visa_required,
KE,ZA,visa_free,90
KE,ZM,visa_free,90
KE,ZW,visa_free,90
KG,AD,visa_required,
KG,AE,e_visa,
KG,AF,visa_required,
KG,AG,visa_free,180
KG,AL,e_visa,
KG,AM,visa_free,180
KG,AO,visa_required,
KG,AR,visa_required,
KG,AT,visa_required,
KG,AU,e_visa,
KG,AZ,visa_free,90
KG,BA,visa_required,
KG,BB,visa_free,28
KG,BD,visa_on_arrival,
KG,BE,visa_required,
KG,BF,e_visa,
KG,BG,visa_required,
KG,BH,e_visa,
KG,BI,visa_on_arrival,
KG,BJ,e_visa,
KG,BN,visa_required,
KG,BO,visa_on_arrival,
KG,BR,visa_required,
KG,BS,e_visa,
KG,BT,e_visa,
KG,BW,e_visa,
KG,BY,visa_free,
KG,BZ,visa_required,
KG,CA,visa_required,
KG,CD,e_visa,
KG,CF,visa_required,
KG,CG,visa_required,
KG,CH,visa_required,
KG,CI,eta,
KG,CL,visa_required,
KG,CM,e_visa,
KG,CN,visa_required,
KG,CO,e_visa,
KG,CR,visa_required,
KG,CU,e_visa,
KG,CV,visa_on_arrival,
KG,CY,visa_required,
KG,CZ,visa_required,
KG,DE,visa_required,
KG,DJ,visa_on_arrival,
KG,DK,visa_required,
KG,DM,visa_free,21
KG,DO,visa_required,
KG,DZ,visa_required,
KG,EC,e_visa,
KG,EE,visa_required,
KG,EG,visa_required,
KG,ER,visa_required,
KG,ES,visa_required,
KG,ET,e_visa,
KG,FI,visa_required,
KG,FJ,visa_required,
KG,FM,visa_free,30
KG,FR,visa_required,
KG,GA,e_visa,
KG,GB,visa_required,
KG,GD,visa_free,
KG,GE,visa_free,360
KG,GH,visa_on_arrival,
KG,GM,visa_required,
KG,GN,e_visa,
KG,GQ,e_visa,
KG,GR,visa_required,
KG,GT,visa_required,
KG,GW,visa_on_arrival,
KG,GY,visa_required,
KG,HK,e_visa,
KG,HN,visa_required,
KG,HR,visa_required,
KG,HT,visa_free,90
KG,HU,visa_required,
KG,ID,e_visa,
KG,IE,visa_required,
KG,IL,visa_required,
KG,IN,e_visa,
KG,IQ,e_visa,
KG,IR,visa_free,15
KG,IS,visa_required,
KG,IT,visa_required,
KG,JM,visa_on_arrival,
KG,JO,visa_on_arrival,
KG,JP,visa_required,
KG,KE,eta,
KG,KH,visa_on_arrival,
KG,KI,visa_required,
KG,KM,visa_on_arrival,
KG,KN,e_visa,
KG,KP,visa_required,
KG,KR,e_visa,
KG,KW,visa_required,
KG,KZ,visa_free,90
KG,LA,visa_on_arrival,
KG,LB,visa_on_arrival,
KG,LC,visa_on_arrival,
KG,LI,visa_required,
KG,LK,visa_on_arrival,
KG,LR,visa_required,
KG,LS,e_visa,
KG,LT,visa_required,
KG,LU,visa_required,
KG,LV,visa_required,
KG,LY,e_visa,
KG,MA,visa_required,
KG,MC,visa_required,
KG,MD,visa_free,90
KG,ME,visa_required,
KG,MG,visa_on_arrival,
KG,MH,visa_on_arrival,
KG,MK,visa_required,
KG,ML,visa_required,
KG,MM,e_visa,
KG,MN,visa_free,90
KG,MO,visa_on_arrival,
KG,MR,visa_on_arrival,
KG,MT,visa_required,
KG,MU,visa_on_arrival,
KG,MV,visa_on_arrival,
KG,MW,visa_on_arrival,
KG,MX,visa_required,
KG,MY,visa_free,90
KG,MZ,visa_on_arrival,
KG,NA,visa_free,90
KG,NE,visa_required,
KG,NG,e_visa,
KG,NI,visa_on_arrival,
KG,NL,visa_required,
KG,NO,visa_required,
KG,NP,visa_on_arrival,
KG,NR,visa_required,
KG,NZ,visa_required,
KG,OM,e_visa,
KG,PA,visa_required,
KG,PE,visa_required,
KG,PG,e_visa,
KG,PH,visa_free,30
KG,PK,e_visa,
KG,PL,visa_required,
KG,PS,visa_free,
KG,PT,visa_required,
KG,PW,visa_on_arrival,
KG,PY,visa_required,
KG,QA,e_visa,
KG,RO,visa_required,
KG,RS,visa_free,90
KG,RU,visa_free,
KG,RW,visa_on_arrival,
KG,SA,visa_on_arrival,
KG,SB,visa_required,
KG,SC,visa_free,90
KG,SD,visa_required,
KG,SE,visa_required,
KG,SG,e_visa,
KG,SI,visa_required,
KG,SK,visa_required,
KG,SL,visa_on_arrival,
KG,SM,visa_required,
KG,SN,visa_required,
KG,SO,e_visa,
KG,SR,visa_required,
KG,SS,e_visa,
KG,ST,e_visa,
KG,SV,e_visa,
KG,SY,visa_on_arrival,
KG,SZ,visa_required,
KG,TD,visa_required,
KG,TG,e_visa,
KG,TH,visa_on_arrival,
KG,TJ,visa_free,
KG,TL,visa_on_arrival,
KG,TM,visa_required,
KG,TN,visa_required,
KG,TO,visa_required,
KG,TR,visa_free,90
KG,TT,visa_required,
KG,TV,visa_on_arrival,
KG,TW,visa_required,
KG,TZ,e_visa,
KG,UA,visa_free,90
KG,UG,e_visa,
KG,US,visa_required,
KG,UY,visa_required,
KG,UZ,visa_free,60
KG,VA,visa_required,
KG,VC,visa_free,90
KG,VE,visa_required,
KG,VN,visa_free,30
KG,VU,visa_required,
KG,WS,visa_on_arrival,
KG,XK,visa_required,
KG,YE,visa_required,
KG,ZA,visa_required,
KG,ZM,e_visa,
KG,ZW,visa_on_arrival,
KH,AD,visa_required,
KH,AE,e_visa,
KH,AF,visa_required,
KH,AG,e_visa,
KH,AL,e_visa,
KH,AM,e_visa,
KH,AO,visa_required,
KH,AR,visa_required,
KH,AT,visa_required,
KH,AU,e_visa,
KH,AZ,visa_required,
KH,BA,visa_required,
KH,BB,visa_free,90
KH,BD,visa_on_arrival,
KH,BE,visa_required,
KH,BF,e_visa,
KH,BG,visa_required,
KH,BH,e_visa,
KH,BI,visa_on_arrival,
KH,BJ,e_visa,
KH,BN,visa_free,14
KH,BO,visa_on_arrival,
KH,BR,visa_required,
KH,BS,e_visa,
KH,BT,e_visa,
KH,BW,e_visa,
KH,BY,visa_required,
KH,BZ,visa_required,
KH,CA,visa_required,
KH,CD,e_visa,
KH,CF,visa_required,
KH,CG,visa_required,
KH,CH,visa_required,
KH,CI,eta,
KH,CL,visa_required,
KH,CM,e_visa,
KH,CN,visa_required,
KH,CO,e_visa,
KH,CR,visa_required,
KH,CU,e_visa,
KH,CV,visa_on_arrival,
KH,CY,visa_required,
KH,CZ,visa_required,
KH,DE,visa_required,
KH,DJ,visa_on_arrival,
KH,DK,visa_required,
KH,DM,visa_free,21
KH,DO,visa_required,
KH,DZ,visa_required,
KH,EC,visa_free,90
KH,EE,visa_required,
KH,EG,visa_on_arrival,
KH,ER,visa_required,
KH,ES,visa_required,
KH,ET,e_visa,
KH,FI,visa_required,
KH,FJ,visa_required,
KH,FM,visa_free,30
KH,FR,visa_required,
KH,GA,e_visa,
KH,GB,visa_required,
KH,GD,visa_required,
KH,GE,e_visa,
KH,GH,visa_on_arrival,
KH,GM,visa_free,90
KH,GN,e_visa,
KH,GQ,e_visa,
KH,GR,visa_required,
KH,GT,visa_required,
KH,GW,visa_on_arrival,
KH,GY,visa_required,
KH,HK,e_visa,
KH,HN,visa_required,
KH,HR,visa_required,
KH,HT,visa_free,90
KH,HU,visa_required,
KH,ID,visa_free,30
KH,IE,visa_required,
KH,IL,visa_required,
KH,IN,e_visa,
KH,IQ,e_visa,
KH,IR,visa_free,15
KH,IS,visa_required,
KH,IT,visa_required,
KH,JM,visa_required,
KH,JO,visa_required,
KH,JP,e_visa,
KH,KE,eta,
KH,KG,e_visa,
KH,KI,visa_required,
KH,KM,visa_on_arrival,
KH,KN,e_visa,
KH,KP,visa_required,
KH,KR,e_visa,
KH,KW,visa_on_arrival,
KH,KZ,e_visa,
KH,LA,visa_free,30
KH,LB,visa_required,
KH,LC,visa_on_arrival,
KH,LI,visa_required,
KH,LK,visa_on_arrival,
KH,LR,visa_required,
KH,LS,e_visa,
KH,LT,visa_required,
KH,LU,visa_required,
KH,LV,visa_required,
KH,LY,e_visa,
KH,MA,visa_required,
KH,MC,visa_required,
KH,MD,e_visa,
KH,ME,visa_required,
KH,MG,visa_on_arrival,
KH,MH,visa_on_arrival,
KH,MK,visa_required,
KH,ML,visa_required,
KH,MM,visa_free,14
KH,MN,e_visa,
KH,MO,visa_on_arrival,
KH,MR,visa_on_arrival,
KH,MT,visa_required,
KH,MU,visa_on_arrival,
KH,MV,visa_on_arrival,
KH,MW,visa_on_arrival,
KH,MX,visa_required,
KH,MY,visa_free,30
KH,MZ,visa_on_arrival,
KH,NA,visa_on_arrival,
KH,NE,visa_required,
KH,NG,e_visa,
KH,NI,visa_on_arrival,
KH,NL,visa_required,
KH,NO,visa_required,
KH,NP,visa_on_arrival,
KH,NR,visa_required,
KH,NZ,visa_required,
KH,OM,e_visa,
KH,PA,visa_free,90
KH,PE,visa_required,
KH,PG,e_visa,
KH,PH,visa_free,30
KH,PK,e_visa,
KH,PL,visa_required,
KH,PS,visa_free,
KH,PT,visa_required,
KH,PW,visa_on_arrival,
KH,PY,visa_required,
KH,QA,e_visa,
KH,RO,visa_required,
KH,RS,visa_required,
KH,RU,e_visa,
KH,RW,visa_free,30
KH,SA,visa_required,
KH,SB,visa_required,
KH,SC,visa_free,90
KH,SD,visa_required,
KH,SE,visa_required,
KH,SG,visa_free,30
KH,SI,visa_required,
KH,SK,visa_required,
KH,SL,visa_on_arrival,
KH,SM,visa_required,
KH,SN,visa_required,
KH,SO,e_visa,
KH,SR,visa_required,
KH,SS,e_visa,
KH,ST,e_visa,
KH,SV,e_visa,
KH,SY,e_visa,
KH,SZ,visa_required,
KH,TD,visa_required,
KH,TG,e_visa,
KH,TH,visa_free,60
KH,TJ,e_visa,
KH,TL,visa_on_arrival,
KH,TM,visa_required,
KH,TN,visa_required,
KH,TO,visa_required,
KH,TR,visa_required,
KH,TT,visa_required,
KH,TV,visa_on_arrival,
KH,TW,eta,
KH,TZ,visa_on_arrival,
KH,UA,visa_required,
KH,UG,e_visa,
KH,US,visa_required,
KH,UY,visa_required,
KH,UZ,e_visa,
KH,VA,visa_required,
KH,VC,visa_free,90
KH,VE,visa_required,
KH,VN,visa_free,30
KH,VU,visa_required,
KH,WS,visa_on_arrival,
KH,XK,visa_required,
KH,YE,visa_required,
KH,ZA,visa_required,
KH,ZM,e_visa,
KH,ZW,e_visa,
KI,AD,visa_free,90
KI,AE,visa_free,90
KI,AF,visa_required,
KI,AG,visa_free,180
KI,AL,e_visa,
KI,AM,e_visa,
KI,AO,visa_free,30
KI,AR,visa_required,
KI,AT,visa_free,90
KI,AU,e_visa,
KI,AZ,visa_required,
KI,BA,visa_free,90
KI,BB,visa_free,180
KI,BD,visa_on_arrival,
KI,BE,visa_free,90
KI,BF,e_visa,
KI,BG,visa_free,90
KI,BH,e_visa,
KI,BI,visa_on_arrival,
KI,BJ,e_visa,
KI,BN,visa_required,
KI,BO,visa_on_arrival,
KI,BR,visa_required,
KI,BS,visa_free,90
KI,BT,e_visa,
KI,BW,visa_free,90
KI,BY,visa_required,
KI,BZ,visa_free,
KI,CA,visa_required,
KI,CD,e_visa,
KI,CF,visa_required,
KI,CG,visa_required,
KI,CH,visa_free,90
KI,CI,eta,
KI,CL,visa_required,
KI,CM,e_visa,
KI,CN,visa_required,
KI,CO,e_visa,
KI,CR,visa_free,30
KI,CU,e_visa,
KI,CV,visa_on_arrival,
KI,CY,visa_free,90
KI,CZ,visa_free,90
KI,DE,visa_free,90
KI,DJ,visa_on_arrival,
KI,DK,visa_free,90
KI,DM,visa_free,180
KI,DO,visa_free,
KI,DZ,visa_required,
KI,EC,visa_free,90
KI,EE,visa_free,90
KI,EG,visa_on_arrival,
KI,ER,visa_required,
KI,ES,visa_free,90
KI,ET,e_visa,
KI,FI,visa_free,90
KI,FJ,visa_free,120
KI,FM,visa_free,30
KI,FR,visa_free,90
KI,GA,e_visa,
KI,GB,eta,
KI,GD,visa_free,90
KI,GE,e_visa,
KI,GH,visa_on_arrival,
KI,GM,visa_free,90
KI,GN,e_visa,
KI,GQ,e_visa,
KI,GR,visa_free,90
KI,GT,visa_required,
KI,GW,visa_on_arrival,
KI,GY,visa_required,
KI,HK,visa_free,90
KI,HN,visa_required,
KI,HR,visa_free,90
KI,HT,visa_free,90
KI,HU,visa_free,90
KI,ID,e_visa,
KI,IE,visa_free,90
KI,IL,visa_required,
KI,IN,e_visa,
KI,IQ,e_visa,
KI,IR,visa_on_arrival,
KI,IS,visa_free,90
KI,IT,visa_free,90
KI,JM,visa_free,
KI,JO,visa_on_arrival,
KI,JP,visa_required,
KI,KE,eta,
KI,KG,e_visa,
KI,KH,visa_on_arrival,
KI,KM,visa_on_arrival,
KI,KN,visa_free,90
KI,KP,visa_required,
KI,KR,visa_free,30
KI,KW,visa_required,
KI,KZ,e_visa,
KI,LA,visa_on_arrival,
KI,LB,visa_required,
KI,LC,visa_free,42
KI,LI,visa_free,90
KI,LK,visa_on_arrival,
KI,LR,visa_required,
KI,LS,visa_free,90
KI,LT,visa_free,90
KI,LU,visa_free,90
KI,LV,visa_free,90
KI,LY,e_visa,
KI,MA,visa_required,
KI,MC,visa_free,90
KI,MD,visa_free,90
KI,ME,visa_free,90
KI,MG,visa_on_arrival,
KI,MH,visa_on_arrival,
KI,MK,visa_required,
KI,ML,visa_required,
KI,MM,visa_required,
KI,MN,e_visa,
KI,MO,visa_free,30
KI,MR,visa_on_arrival,
KI,MT,visa_free,90
KI,MU,visa_free,90
KI,MV,visa_on_arrival,
KI,MW,visa_free,90
KI,MX,visa_required,
KI,MY,visa_free,30
KI,MZ,visa_on_arrival,
KI,NA,visa_required,
KI,NE,visa_required,
KI,NG,e_visa,
KI,NI,visa_on_arrival,
KI,NL,visa_free,90
KI,NO,visa_free,90
KI,NP,visa_on_arrival,
KI,NR,visa_required,
KI,NZ,visa_required,
KI,OM,e_visa,
KI,PA,visa_free,90
KI,PE,visa_free,180
KI,PG,visa_on_arrival,
KI,PH,visa_free,30
KI,PK,e_visa,
KI,PL,visa_free,90
KI,PS,visa_free,
KI,PT,visa_free,90
KI,PW,visa_on_arrival,
KI,PY,visa_required,
KI,QA,e_visa,
KI,RO,visa_free,90
KI,RS,visa_required,
KI,RU,visa_required,
KI,RW,visa_free,30
KI,SA,visa_required,
KI,SB,visa_on_arrival,
KI,SC,visa_free,90
KI,SD,visa_required,
KI,SE,visa_free,90
KI,SG,visa_free,30
KI,SI,visa_free,90
KI,SK,visa_free,90
KI,SL,visa_on_arrival,
KI,SM,visa_free,90
KI,SN,visa_on_arrival,
KI,SO,e_visa,
KI,SR,visa_required,
KI,SS,e_visa,
KI,ST,e_visa,
KI,SV,e_visa,
KI,SY,e_visa,
KI,SZ,visa_required,
KI,TD,visa_required,
KI,TG,e_visa,
KI,TH,e_visa,
KI,TJ,e_visa,
KI,TL,visa_on_arrival,
KI,TM,visa_required,
KI,TN,visa_free,90
KI,TO,visa_on_arrival,
KI,TR,visa_required,
KI,TT,visa_free,
KI,TV,visa_on_arrival,
KI,TW,e_visa,
KI,TZ,visa_free,90
KI,UA,visa_required,
KI,UG,e_visa,
KI,US,visa_required,
KI,UY,visa_required,
KI,UZ,e_visa,
KI,VA,visa_free,90
KI,VC,visa_free,90
KI,VE,visa_required,
KI,VN,e_visa,
KI,VU,visa_free,120
KI,WS,visa_on_arrival,
KI,XK,visa_free,90
KI,YE,visa_required,
KI,ZA,visa_required,
KI,ZM,visa_free,90
KI,ZW,visa_free,90
KM,AD,visa_required,
KM,AE,e_visa,
KM,AF,visa_required,
KM,AG,e_visa,
KM,AL,e_visa,
KM,AM,visa_required,
KM,AO,visa_required,
KM,AR,visa_required,
KM,AT,visa_required,
KM,AU,e_visa,
KM,AZ,visa_required,
KM,BA,visa_required,
KM,BB,visa_free,90
KM,BD,visa_on_arrival,
KM,BE,visa_required,
KM,BF,visa_on_arrival,
KM,BG,visa_required,
KM,BH,e_visa,
KM,BI,visa_on_arrival,
KM,BJ,visa_free,90
KM,BN,visa_required,
KM,BO,visa_on_arrival,
KM,BR,visa_required,
KM,BS,e_visa,
KM,BT,e_visa,
KM,BW,e_visa,
KM,BY,visa_required,
KM,BZ,visa_required,
KM,CA,visa_required,
KM,CD,e_visa,
KM,CF,visa_required,
KM,CG,visa_required,
KM,CH,visa_required,
KM,CI,eta,
KM,CL,visa_required,
KM,CM,e_visa,
KM,CN,visa_required,
KM,CO,e_visa,
KM,CR,visa_required,
KM,CU,e_visa,
KM,CV,visa_on_arrival,
KM,CY,visa_required,
KM,CZ,visa_required,
KM,DE,visa_required,
KM,DJ,visa_on_arrival,
KM,DK,visa_required,
KM,DM,visa_free,21
KM,DO,visa_required,
KM,DZ,visa_required,
KM,EC,visa_free,90
KM,EE,visa_required,
KM,EG,visa_required,
KM,ER,visa_required,
KM,ES,visa_required,
KM,ET,visa_on_arrival,
KM,FI,visa_required,
KM,FJ,visa_required,
KM,FM,visa_free,30
KM,FR,visa_required,
KM,GA,e_visa,
KM,GB,visa_required,
KM,GD,visa_required,
KM,GE,e_visa,
KM,GH,visa_on_arrival,
KM,GM,visa_free,90
KM,GN,e_visa,
KM,GQ,e_visa,
KM,GR,visa_required,
KM,GT,visa_required,
KM,GW,visa_on_arrival,
KM,GY,visa_required,
KM,HK,visa_free,14
KM,HN,visa_required,
KM,HR,visa_required,
KM,HT,visa_free,90
KM,HU,visa_required,
KM,ID,e_visa,
KM,IE,visa_required,
KM,IL,visa_required,
KM,IN,e_visa,
KM,IQ,e_visa,
KM,IR,visa_on_arrival,
KM,IS,visa_required,
KM,IT,visa_required,
KM,JM,visa_required,
KM,JO,visa_required,
KM,JP,visa_required,
KM,KE,eta,
KM,KG,e_visa,
KM,KH,visa_on_arrival,
KM,KI,visa_required,
KM,KN,e_visa,
KM,KP,visa_required,
KM,KR,e_visa,
KM,KW,visa_required,
KM,KZ,e_visa,
KM,LA,visa_on_arrival,
KM,LB,visa_on_arrival,
KM,LC,visa_on_arrival,
KM,LI,visa_required,
KM,LK,visa_on_arrival,
KM,LR,visa_required,
KM,LS,e_visa,
KM,LT,visa_required,
KM,LU,visa_required,
KM,LV,visa_required,
KM,LY,e_visa,
KM,MA,visa_required,
KM,MC,visa_required,
KM,MD,e_visa,
KM,ME,visa_required,
KM,MG,visa_on_arrival,
KM,MH,visa_required,
KM,MK,visa_required,
KM,ML,visa_required,
KM,MM,visa_required,
KM,MN,e_visa,
KM,MO,visa_on_arrival,
KM,MR,visa_on_arrival,
KM,MT,visa_required,
KM,MU,visa_on_arrival,
KM,MV,visa_on_arrival,
KM,MW,visa_on_arrival,
KM,MX,visa_required,
KM,MY,visa_free,30
KM,MZ,visa_on_arrival,
KM,NA,visa_on_arrival,
KM,NE,visa_required,
KM,NG,visa_on_arrival,
KM,NI,visa_on_arrival,
KM,NL,visa_required,
KM,NO,visa_required,
KM,NP,visa_on_arrival,
KM,NR,visa_required,
KM,NZ,visa_required,
KM,OM,e_visa,
KM,PA,visa_free,90
KM,PE,visa_required,
KM,PG,e_visa,
KM,PH,visa_free,30
KM,PK,e_visa,
KM,PL,visa_required,
KM,PS,visa_required,
KM,PT,visa_required,
KM,PW,visa_on_arrival,
KM,PY,visa_required,
KM,QA,e_visa,
KM,RO,visa_required,
KM,RS,visa_required,
KM,RU,visa_required,
KM,RW,visa_free,30
KM,SA,visa_required,
KM,SB,visa_required,
KM,SC,visa_free,90
KM,SD,visa_required,
KM,SE,visa_required,
KM,SG,visa_free,30
KM,SI,visa_required,
KM,SK,visa_required,
KM,SL,e_visa,
KM,SM,visa_required,
KM,SN,visa_on_arrival,
KM,SO,e_visa,
KM,SR,visa_required,
KM,SS,e_visa,
KM,ST,e_visa,
KM,SV,e_visa,
KM,SY,e_visa,
KM,SZ,visa_required,
KM,TD,visa_required,
KM,TG,e_visa,
KM,TH,visa_required,
KM,TJ,e_visa,
KM,TL,visa_on_arrival,
KM,TM,visa_required,
KM,TN,visa_required,
KM,TO,visa_required,
KM,TR,visa_required,
KM,TT,visa_required,
KM,TV,visa_on_arrival,
KM,TW,visa_required,
KM,TZ,visa_on_arrival,
KM,UA,visa_required,
KM,UG,visa_free,90
KM,US,visa_required,
KM,UY,visa_required,
KM,UZ,visa_required,
KM,VA,visa_required,
KM,VC,visa_free,90
KM,VE,visa_required,
KM,VN,e_visa,
KM,VU,visa_required,
KM,WS,visa_on_arrival,
KM,XK,visa_required,
KM,YE,visa_required,
KM,ZA,e_visa,
KM,ZM,visa_on_arrival,
KM,ZW,visa_on_arrival,
KN,AD,visa_free,90
KN,AE,e_visa,
KN,AF,visa_required,
KN,AG,visa_free,
KN,AL,visa_free,90
KN,AM,e_visa,
KN,AO,visa_free,30
KN,AR,visa_free,90
KN,AT,visa_free,90
KN,AU,e_visa,
KN,AZ,visa_required,
KN,BA,visa_free,90
KN,BB,visa_free,180
KN,BD,visa_free,90
KN,BE,visa_free,90
KN,BF,e_visa,
KN,BG,visa_free,90
KN,BH,e_visa,
KN,BI,visa_on_arrival,
KN,BJ,e_visa,
KN,BN,visa_required,
KN,BO,visa_on_arrival,
KN,BR,visa_free,90
KN,BS,visa_free,90
KN,BT,e_visa,
KN,BW,visa_free,90
KN,BY,visa_free,30
KN,BZ,visa_free,
KN,CA,visa_required,
KN,CD,e_visa,
KN,CF,visa_required,
KN,CG,visa_required,
KN,CH,visa_free,90
KN,CI,eta,
KN,CL,visa_free,90
KN,CM,e_visa,
KN,CN,visa_required,
KN,CO,visa_free,90
KN,CR,visa_free,30
KN,CU,visa_free,30
KN,CV,visa_on_arrival,
KN,CY,visa_free,90
KN,CZ,visa_free,90
KN,DE,visa_free,90
KN,DJ,visa_on_arrival,
KN,DK,visa_free,90
KN,DM,visa_free,
KN,DO,visa_free,
KN,DZ,visa_required,
KN,EC,visa_free,90
KN,EE,visa_free,90
KN,EG,visa_required,
KN,ER,visa_required,
KN,ES,visa_free,90
KN,ET,e_visa,
KN,FI,visa_free,90
KN,FJ,visa_free,120
KN,FM,visa_free,30
KN,FR,visa_free,90
KN,GA,e_visa,
KN,GB,eta,
KN,GD,visa_free,
KN,GE,e_visa,
KN,GH,visa_on_arrival,
KN,GM,visa_free,90
KN,GN,e_visa,
KN,GQ,e_visa,
KN,GR,visa_free,90
KN,GT,visa_free,90
KN,GW,visa_on_arrival,
KN,GY,visa_free,90
KN,HK,visa_free,90
KN,HN,visa_free,90
KN,HR,visa_free,90
KN,HT,visa_free,90
KN,HU,visa_free,90
KN,ID,e_visa,
KN,IE,visa_free,90
KN,IL,visa_free,90
KN,IN,e_visa,
KN,IQ,e_visa,
KN,IR,visa_on_arrival,
KN,IS,visa_free,90
KN,IT,visa_free,90
KN,JM,visa_free,
KN,JO,visa_on_arrival,
KN,JP,visa_required,
KN,KE,eta,
KN,KG,e_visa,
KN,KH,visa_on_arrival,
KN,KI,visa_free,90
KN,KM,visa_on_arrival,
KN,KP,visa_required,
KN,KR,eta,
KN,KW,visa_required,
KN,KZ,e_visa,
KN,LA,visa_on_arrival,
KN,LB,visa_on_arrival,
KN,LC,visa_free,
KN,LI,visa_free,90
KN,LK,visa_on_arrival,
KN,LR,visa_required,
KN,LS,visa_free,90
KN,LT,visa_free,90
KN,LU,visa_free,90
KN,LV,visa_free,90
KN,LY,e_visa,
KN,MA,visa_required,
KN,MC,visa_free,90
KN,MD,visa_free,90
KN,ME,visa_free,90
KN,MG,visa_on_arrival,
KN,MH,visa_on_arrival,
KN,MK,visa_free,90
KN,ML,visa_required,
KN,MM,visa_required,
KN,MN,e_visa,
KN,MO,visa_on_arrival,
KN,MR,visa_on_arrival,
KN,MT,visa_free,90
KN,MU,visa_free,90
KN,MV,visa_on_arrival,
KN,MW,visa_free,90
KN,MX,visa_required,
KN,MY,visa_free,30
KN,MZ,visa_on_arrival,
KN,NA,visa_required,
KN,NE,visa_required,
KN,NG,e_visa,
KN,NI,visa_free,90
KN,NL,visa_free,90
KN,NO,visa_free,90
KN,NP,visa_on_arrival,
KN,NR,visa_required,
KN,NZ,visa_required,
KN,OM,e_visa,
KN,PA,visa_free,90
KN,PE,visa_free,180
KN,PG,eta,
KN,PH,visa_free,30
KN,PK,eta,
KN,PL,visa_free,90
KN,PS,visa_free,
KN,PT,visa_free,90
KN,PW,visa_on_arrival,
KN,PY,visa_required,
KN,QA,e_visa,
KN,RO,visa_free,90
KN,RS,visa_free,90
KN,RU,visa_free,90
KN,RW,visa_free,90
KN,SA,visa_on_arrival,
KN,SB,visa_on_arrival,
KN,SC,visa_free,90
KN,SD,visa_required,
KN,SE,visa_free,90
KN,SG,visa_free,30
KN,SI,visa_free,90
KN,SK,visa_free,90
KN,SL,visa_on_arrival,
KN,SM,visa_free,90
KN,SN,visa_on_arrival,
KN,SO,e_visa,
KN,SR,visa_free,180
KN,SS,e_visa,
KN,ST,e_visa,
KN,SV,visa_free,180
KN,SY,e_visa,
KN,SZ,visa_required,
KN,TD,visa_required,
KN,TG,e_visa,
KN,TH,e_visa,
KN,TJ,visa_free,30
KN,TL,visa_on_arrival,
KN,TM,visa_required,
KN,TN,visa_free,90
KN,TO,visa_on_arrival,
KN,TR,visa_free,90
KN,TT,visa_free,
KN,TV,visa_on_arrival,
KN,TW,visa_free,30
KN,TZ,visa_free,90
KN,UA,visa_free,90
KN,UG,e_visa,
KN,US,visa_required,
KN,UY,visa_free,90
KN,UZ,visa_free,30
KN,VA,visa_free,90
KN,VC,visa_free,
KN,VE,visa_free,90
KN,VN,e_visa,
KN,VU,visa_free,120
KN,WS,visa_on_arrival,
KN,XK,visa_free,90
KN,YE,visa_required,
KN,ZA,visa_required,
KN,ZM,visa_free,90
KN,ZW,visa_free,90
KP,AD,visa_required,
KP,AE,e_visa,
KP,AF,visa_required,
KP,AG,e_visa,
KP,AL,e_visa,
KP,AM,visa_on_arrival,
KP,AO,visa_required,
KP,AR,visa_required,
KP,AT,visa_required,
KP,AU,e_visa,
KP,AZ,visa_required,
KP,BA,visa_required,
KP,BB,visa_required,
KP,BD,visa_on_arrival,
KP,BE,visa_required,
KP,BF,e_visa,
KP,BG,visa_required,
KP,BH,visa_required,
KP,BI,visa_on_arrival,
KP,BJ,e_visa,
KP,BN,visa_required,
KP,BO,visa_on_arrival,
KP,BR,visa_required,
KP,BS,e_visa,
KP,BT,e_visa,
KP,BW,e_visa,
KP,BY,visa_required,
KP,BZ,visa_required,
KP,CA,visa_required,
KP,CD,e_visa,
KP,CF,visa_required,
KP,CG,visa_required,
KP,CH,visa_required,
KP,CI,eta,
KP,CL,visa_required,
KP,CM,e_visa,
KP,CN,visa_required,
KP,CO,e_visa,
KP,CR,visa_required,
KP,CU,e_visa,
KP,CV,visa_on_arrival,
KP,CY,visa_required,
KP,CZ,visa_required,
KP,DE,visa_required,
KP,DJ,visa_on_arrival,
KP,DK,visa_required,
KP,DM,visa_free,21
KP,DO,visa_required,
KP,DZ,visa_required,
KP,EC,e_visa,
KP,EE,visa_required,
KP,EG,visa_on_arrival,
KP,ER,visa_required,
KP,ES,visa_required,
KP,ET,visa_on_arrival,
KP,FI,visa_required,
KP,FJ,visa_required,
KP,FM,visa_free,30
KP,FR,visa_required,
KP,GA,e_visa,
KP,GB,visa_required,
KP,GD,visa_required,
KP,GE,e_visa,
KP,GH,visa_on_arrival,
KP,GM,visa_free,90
KP,GN,e_visa,
KP,GQ,e_visa,
KP,GR,visa_required,
KP,GT,visa_required,
KP,GW,visa_on_arrival,
KP,GY,visa_free,90
KP,HK,e_visa,
KP,HN,visa_required,
KP,HR,visa_required,
KP,HT,visa_free,90
KP,HU,visa_required,
KP,ID,e_visa,
KP,IE,visa_required,
KP,IL,visa_required,
KP,IN,visa_required,
KP,IQ,e_visa,
KP,IR,visa_on_arrival,
KP,IS,visa_required,
KP,IT,visa_required,
KP,JM,visa_required,
KP,JO,visa_on_arrival,
KP,JP,no_admission,
KP,KE,eta,
KP,KG,visa_free,
KP,KH,visa_on_arrival,
KP,KI,visa_required,
KP,KM,visa_on_arrival,
KP,KN,e_visa,
KP,KR,e_visa,
KP,KW,visa_required,
KP,KZ,e_visa,
KP,LA,visa_on_arrival,
KP,LB,visa_required,
KP,LC,visa_required,
KP,LI,visa_required,
KP,LK,no_admission,
KP,LR,visa_required,
KP,LS,e_visa,
KP,LT,visa_required,
KP,LU,visa_required,
KP,LV,visa_required,
KP,LY,e_visa,
KP,MA,visa_required,
KP,MC,visa_required,
KP,MD,e_visa,
KP,ME,visa_required,
KP,MG,visa_on_arrival,
KP,MH,visa_required,
KP,MK,visa_required,
KP,ML,visa_required,
KP,MM,visa_required,
KP,MN,visa_required,
KP,MO,visa_on_arrival,
KP,MR,visa_on_arrival,
KP,MT,visa_required,
KP,MU,visa_required,
KP,MV,visa_on_arrival,
KP,MW,visa_on_arrival,
KP,MX,visa_required,
KP,MY,visa_required,
KP,MZ,visa_on_arrival,
KP,NA,visa_required,
KP,NE,visa_required,
KP,NG,e_visa,
KP,NI,visa_on_arrival,
KP,NL,visa_required,
KP,NO,visa_required,
KP,NP,visa_on_arrival,
KP,NR,visa_required,
KP,NZ,visa_required,
KP,OM,e_visa,
KP,PA,visa_required,
KP,PE,visa_required,
KP,PG,e_visa,
KP,PH,visa_required,
KP,PK,e_visa,
KP,PL,visa_required,
KP,PS,visa_free,
KP,PT,visa_required,
KP,PW,visa_on_arrival,
KP,PY,visa_required,
KP,QA,e_visa,
KP,RO,visa_required,
KP,RS,visa_required,
KP,RU,e_visa,
KP,RW,visa_on_arrival,
KP,SA,visa_required,
KP,SB,visa_required,
KP,SC,visa_free,90
KP,SD,visa_required,
KP,SE,visa_required,
KP,SG,e_visa,
KP,SI,visa_required,
KP,SK,visa_required,
KP,SL,e_visa,
KP,SM,visa_required,
KP,SN,visa_required,
KP,SO,e_visa,
KP,SR,visa_required,
KP,SS,e_visa,
KP,ST,e_visa,
KP,SV,e_visa,
KP,SY,e_visa,
KP,SZ,visa_required,
KP,TD,visa_required,
KP,TG,e_visa,
KP,TH,e_visa,
KP,TJ,e_visa,
KP,TL,visa_on_arrival,
KP,TM,visa_required,
KP,TN,visa_required,
KP,TO,visa_required,
KP,TR,visa_required,
KP,TT,visa_required,
KP,TV,visa_on_arrival,
KP,TW,visa_required,
KP,TZ,visa_on_arrival,
KP,UA,visa_required,
KP,UG,e_visa,
KP,US,visa_required,
KP,UY,visa_required,
KP,UZ,visa_required,
KP,VA,visa_required,
KP,VC,visa_free,90
KP,VE,visa_required,
KP,VN,e_visa,
KP,VU,visa_required,
KP,WS,visa_on_arrival,
KP,XK,visa_required,
KP,YE,visa_required,
KP,ZA,visa_required,
KP,ZM,e_visa,
KP,ZW,e_visa,
KR,AD,visa_free,90
KR,AE,visa_free,90
KR,AF,visa_required,
KR,AG,visa_free,180
KR,AL,visa_free,90
KR,AM,visa_free,180
KR,AO,visa_free,30
KR,AR,visa_free,90
KR,AT,visa_free,90
KR,AU,eta,
KR,AZ,visa_on_arrival,
KR,BA,visa_free,90
KR,BB,visa_free,90
KR,BD,visa_on_arrival,
KR,BE,visa_free,90
KR,BF,e_visa,
KR,BG,visa_free,90
KR,BH,visa_on_arrival,
KR,BI,visa_on_arrival,
KR,BJ,e_visa,
KR,BN,visa_free,30
KR,BO,visa_on_arrival,
KR,BR,visa_free,90
KR,BS,visa_free,90
KR,BT,e_visa,
KR,BW,visa_free,90
KR,BY,visa_free,30
KR,BZ,visa_free,90
KR,CA,eta,
KR,CD,e_visa,
KR,CF,visa_required,
KR,CG,visa_required,
KR,CH,visa_free,90
KR,CI,eta,
KR,CL,visa_free,90
KR,CM,e_visa,
KR,CN,visa_free,30
KR,CO,visa_free,90
KR,CR,visa_free,180
KR,CU,e_visa,
KR,CV,visa_on_arrival,
KR,CY,visa_free,90
KR,CZ,visa_free,90
KR,DE,visa_free,90
KR,DJ,visa_on_arrival,
KR,DK,visa_free,90
KR,DM,visa_free,180
KR,DO,visa_free,
KR,DZ,visa_required,
KR,EC,visa_free,90
KR,EE,visa_free,90
KR,EG,visa_on_arrival,
KR,ER,visa_required,
KR,ES,visa_free,90
KR,ET,visa_on_arrival,
KR,FI,visa_free,90
KR,FJ,visa_free,120
KR,FM,visa_free,30
KR,FR,visa_free,90
KR,GA,e_visa,
KR,GB,eta,
KR,GD,visa_free,90
KR,GE,visa_free,360
KR,GH,visa_on_arrival,
KR,GM,visa_free,90
KR,GN,e_visa,
KR,GQ,e_visa,
KR,GR,visa_free,90
KR,GT,visa_free,90
KR,GW,visa_on_arrival,
KR,GY,visa_free,30
KR,HK,visa_free,90
KR,HN,visa_free,90
KR,HR,visa_free,90
KR,HT,visa_free,90
KR,HU,visa_free,90
KR,ID,visa_on_arrival,
KR,IE,visa_free,90
KR,IL,visa_free,90
KR,IN,visa_on_arrival,
KR,IQ,visa_on_arrival,
KR,IR,visa_on_arrival,
KR,IS,visa_free,90
KR,IT,visa_free,90
KR,JM,visa_free,90
KR,JO,visa_on_arrival,
KR,JP,visa_free,90
KR,KE,eta,
KR,KG,visa_free,60
KR,KH,visa_on_arrival,
KR,KI,visa_free,90
KR,KM,visa_on_arrival,
KR,KN,visa_free,90
KR,KP,visa_required,
KR,KW,visa_on_arrival,
KR,KZ,visa_free,30
KR,LA,visa_free,30
KR,LB,visa_on_arrival,
KR,LC,visa_free,42
KR,LI,visa_free,90
KR,LK,visa_on_arrival,
KR,LR,visa_required,
KR,LS,visa_free,14
KR,LT,visa_free,90
KR,LU,visa_free,90
KR,LV,visa_free,90
KR,LY,e_visa,
KR,MA,visa_free,90
KR,MC,visa_free,90
KR,MD,visa_free,90
KR,ME,visa_free,90
KR,MG,visa_on_arrival,
KR,MH,visa_on_arrival,
KR,MK,visa_free,90
KR,ML,visa_required,
KR,MM,e_visa,
KR,MN,visa_free,90
KR,MO,visa_free,90
KR,MR,visa_on_arrival,
KR,MT,visa_free,90
KR,MU,visa_free,90
KR,MV,visa_on_arrival,
KR,MW,visa_on_arrival,
KR,MX,visa_free,180
KR,MY,visa_free,90
KR,MZ,visa_free,30
KR,NA,visa_on_arrival,
KR,NE,visa_required,
KR,NG,e_visa,
KR,NI,visa_free,90
KR,NL,visa_free,90
KR,NO,visa_free,90
KR,NP,visa_on_arrival,
KR,NR,visa_required,
KR,NZ,eta,
KR,OM,visa_on_arrival,
KR,PA,visa_free,90
KR,PE,visa_free,180
KR,PG,eta,
KR,PH,visa_free,30
KR,PK,eta,
KR,PL,visa_free,90
KR,PS,visa_free,
KR,PT,visa_free,90
KR,PW,visa_on_arrival,
KR,PY,visa_free,30
KR,QA,visa_on_arrival,
KR,RO,visa_free,90
KR,RS,visa_free,90
KR,RU,visa_free,60
KR,RW,visa_on_arrival,
KR,SA,visa_on_arrival,
KR,SB,visa_on_arrival,
KR,SC,visa_free,90
KR,SD,visa_required,
KR,SE,visa_free,90
KR,SG,visa_free,90
KR,SI,visa_free,90
KR,SK,visa_free,90
KR,SL,visa_on_arrival,
KR,SM,visa_free,90
KR,SN,visa_free,90
KR,SO,e_visa,
KR,SR,visa_required,
KR,SS,e_visa,
KR,ST,visa_free,15
KR,SV,visa_free,180
KR,SY,e_visa,
KR,SZ,visa_free,30
KR,TD,visa_required,
KR,TG,e_visa,
KR,TH,visa_free,60
KR,TJ,visa_free,30
KR,TL,visa_on_arrival,
KR,TM,visa_required,
KR,TN,visa_free,90
KR,TO,visa_on_arrival,
KR,TR,visa_free,90
KR,TT,visa_free,90
KR,TV,visa_on_arrival,
KR,TW,visa_free,90
KR,TZ,visa_on_arrival,
KR,UA,visa_free,90
KR,UG,e_visa,
KR,US,eta,
KR,UY,visa_free,90
KR,UZ,visa_free,30
KR,VA,visa_free,90
KR,VC,visa_free,90
KR,VE,visa_free,90
KR,VN,visa_free,45
KR,VU,visa_free,120
KR,WS,visa_on_arrival,
KR,XK,visa_free,90
KR,YE,visa_required,
KR,ZA,visa_free,30
KR,ZM,visa_free,90
KR,ZW,visa_on_arrival,
KW,AD,visa_required,
KW,AE,visa_free,
KW,AF,visa_required,
KW,AG,e_visa,
KW,AL,visa_free,90
KW,AM,visa_free,180
KW,AO,visa_required,
KW,AR,visa_required,
KW,AT,visa_required,
KW,AU,e_visa,
KW,AZ,visa_on_arrival,
KW,BA,visa_free,90
KW,BB,visa_free,90
KW,BD,visa_on_arrival,
KW,BE,visa_required,
KW,BF,e_visa,
KW,BG,visa_required,
KW,BH,visa_free,
KW,BI,visa_on_arrival,
KW,BJ,e_visa,
KW,BN,visa_on_arrival,
KW,BO,visa_on_arrival,
KW,BR,visa_required,
KW,BS,visa_free,90
KW,BT,e_visa,
KW,BW,visa_free,90
KW,BY,visa_free,30
KW,BZ,visa_required,
KW,CA,visa_required,
KW,CD,e_visa,
KW,CF,visa_required,
KW,CG,visa_required,
KW,CH,visa_required,
KW,CI,eta,
KW,CL,visa_required,
KW,CM,e_visa,
KW,CN,visa_required,
KW,CO,e_visa,
KW,CR,visa_required,
KW,CU,e_visa,
KW,CV,visa_on_arrival,
KW,CY,visa_required,
KW,CZ,visa_required,
KW,DE,visa_required,
KW,DJ,visa_on_arrival,
KW,DK,visa_required,
KW,DM,visa_free,21
KW,DO,visa_free,
KW,DZ,visa_required,
KW,EC,visa_free,90
KW,EE,visa_required,
KW,EG,visa_free,180
KW,ER,visa_required,
KW,ES,visa_required,
KW,ET,visa_on_arrival,
KW,FI,visa_required,
KW,FJ,visa_required,
KW,FM,visa_free,30
KW,FR,visa_required,
KW,GA,e_visa,
KW,GB,eta,
KW,GD,visa_required,
KW,GE,visa_free,360
KW,GH,visa_on_arrival,
KW,GM,visa_required,
KW,GN,e_visa,
KW,GQ,e_visa,
KW,GR,visa_required,
KW,GT,visa_free,90
KW,GW,visa_on_arrival,
KW,GY,visa_required,
KW,HK,visa_free,30
KW,HN,visa_free,90
KW,HR,visa_required,
KW,HT,visa_free,90
KW,HU,visa_required,
KW,ID,visa_on_arrival,
KW,IE,visa_required,
KW,IL,visa_required,
KW,IN,visa_required,
KW,IQ,visa_on_arrival,
KW,IR,visa_free,15
KW,IS,visa_required,
KW,IT,visa_required,
KW,JM,visa_required,
KW,JO,visa_free,90
KW,JP,visa_required,
KW,KE,eta,
KW,KG,visa_free,60
KW,KH,visa_on_arrival,
KW,KI,visa_required,
KW,KM,visa_on_arrival,
KW,KN,visa_free,90
KW,KP,visa_required,
KW,KR,visa_free,30
KW,KZ,visa_free,30
KW,LA,visa_on_arrival,
KW,LB,visa_free,180
KW,LC,visa_free,42
KW,LI,visa_required,
KW,LK,visa_on_arrival,
KW,LR,visa_required,
KW,LS,e_visa,
KW,LT,visa_required,
KW,LU,visa_required,
KW,LV,visa_required,
KW,LY,e_visa,
KW,MA,visa_free,90
KW,MC,visa_required,
KW,MD,e_visa,
KW,ME,visa_free,90
KW,MG,visa_on_arrival,
KW,MH,visa_on_arrival,
KW,MK,visa_required,
KW,ML,visa_required,
KW,MM,e_visa,
KW,MN,visa_on_arrival,
KW,MO,visa_on_arrival,
KW,MR,visa_on_arrival,
KW,MT,visa_required,
KW,MU,visa_free,90
KW,MV,visa_on_arrival,
KW,MW,visa_on_arrival,
KW,MX,visa_required,
KW,MY,visa_free,90
KW,MZ,visa_on_arrival,
KW,NA,visa_required,
KW,NE,visa_required,
KW,NG,e_visa,
KW,NI,visa_free,90
KW,NL,visa_required,
KW,NO,visa_required,
KW,NP,visa_on_arrival,
KW,NR,visa_required,
KW,NZ,eta,
KW,OM,visa_free,
KW,PA,visa_free,90
KW,PE,visa_required,
KW,PG,e_visa,
KW,PH,visa_free,30
KW,PK,visa_free,90
KW,PL,visa_required,
KW,PS,visa_free,
KW,PT,visa_required,
KW,PW,visa_on_arrival,
KW,PY,visa_required,
KW,QA,visa_free,
KW,RO,visa_required,
KW,RS,visa_free,90
KW,RU,e_visa,
KW,RW,visa_on_arrival,
KW,SA,visa_free,
KW,SB,visa_on_arrival,
KW,SC,visa_free,90
KW,SD,visa_free,
KW,SE,visa_required,
KW,SG,visa_free,30
KW,SI,visa_required,
KW,SK,visa_required,
KW,SL,visa_on_arrival,
KW,SM,visa_required,
KW,SN,visa_on_arrival,
KW,SO,visa_on_arrival,
KW,SR,visa_required,
KW,SS,e_visa,
KW,ST,visa_free,15
KW,SV,visa_free,180
KW,SY,visa_free,
KW,SZ,visa_free,30
KW,TD,visa_required,
KW,TG,e_visa,
KW,TH,visa_free,60
KW,TJ,visa_free,30
KW,TL,visa_on_arrival,
KW,TM,visa_required,
KW,TN,visa_free,90
KW,TO,visa_required,
KW,TR,visa_free,90
KW,TT,visa_required,
KW,TV,visa_on_arrival,
KW,TW,e_visa,
KW,TZ,visa_on_arrival,
KW,UA,visa_free,90
KW,UG,e_visa,
KW,US,visa_required,
KW,UY,visa_required,
KW,UZ,visa_free,10
KW,VA,visa_required,
KW,VC,visa_free,90
KW,VE,visa_required,
KW,VN,e_visa,
KW,VU,visa_free,120
KW,WS,visa_on_arrival,
KW,XK,visa_free,90
KW,YE,visa_on_arrival,
KW,ZA,visa_required,
KW,ZM,visa_free,90
KW,ZW,visa_on_arrival,
KZ,AD,visa_required,
KZ,AE,visa_free,30
KZ,AF,visa_required,
KZ,AG,visa_free,180
KZ,AL,visa_free,90
KZ,AM,visa_free,180
KZ,AO,visa_required,
KZ,AR,visa_free,90
KZ,AT,visa_required,
KZ,AU,e_visa,
KZ,AZ,visa_free,90
KZ,BA,visa_required,
KZ,BB,visa_free,28
KZ,BD,visa_on_arrival,
KZ,BE,visa_required,
KZ,BF,e_visa,
KZ,BG,visa_required,
KZ,BH,visa_on_arrival,
KZ,BI,visa_on_arrival,
KZ,BJ,e_visa,
KZ,BN,visa_required,
KZ,BO,visa_on_arrival,
KZ,BR,visa_free,30
KZ,BS,e_visa,
KZ,BT,e_visa,
KZ,BW,e_visa,
KZ,BY,visa_free,
KZ,BZ,visa_required,
KZ,CA,visa_required,
KZ,CD,e_visa,
KZ,CF,visa_required,
KZ,CG,visa_required,
KZ,CH,visa_required,
KZ,CI,eta,
KZ,CL,visa_required,
KZ,CM,e_visa,
KZ,CN,visa_free,30
KZ,CO,visa_free,90
KZ,CR,visa_required,
KZ,CU,e_visa,
KZ,CV,visa_on_arrival,
KZ,CY,visa_required,
KZ,CZ,visa_required,
KZ,DE,visa_required,
KZ,DJ,visa_on_arrival,
KZ,DK,visa_required,
KZ,DM,visa_free,21
KZ,DO,visa_free,
KZ,DZ,visa_required,
KZ,EC,visa_free,90
KZ,EE,visa_required,
KZ,EG,visa_on_arrival,
KZ,ER,visa_required,
KZ,ES,visa_required,
KZ,ET,e_visa,
KZ,FI,visa_required,
KZ,FJ,visa_required,
KZ,FM,visa_free,30
KZ,FR,visa_required,
KZ,GA,e_visa,
KZ,GB,visa_required,
KZ,GD,visa_free,
KZ,GE,visa_free,360
KZ,GH,visa_on_arrival,
KZ,GM,visa_free,90
KZ,GN,e_visa,
KZ,GQ,e_visa,
KZ,GR,visa_required,
KZ,GT,visa_required,
KZ,GW,visa_on_arrival,
KZ,GY,visa_required,
KZ,HK,visa_free,14
KZ,HN,visa_required,
KZ,HR,visa_required,
KZ,HT,visa_free,90
KZ,HU,visa_required,
KZ,ID,visa_on_arrival,
KZ,IE,visa_required,
KZ,IL,visa_required,
KZ,IN,e_visa,
KZ,IQ,e_visa,
KZ,IR,visa_free,14
KZ,IS,visa_required,
KZ,IT,visa_required,
KZ,JM,visa_on_arrival,
KZ,JO,visa_on_arrival,
KZ,JP,visa_required,
KZ,KE,eta,
KZ,KG,visa_free,
KZ,KH,visa_on_arrival,
KZ,KI,visa_required,
KZ,KM,visa_on_arrival,
KZ,KN,visa_free,90
KZ,KP,visa_required,
KZ,KR,eta,
KZ,KW,visa_required,
KZ,LA,visa_on_arrival,
KZ,LB,visa_required,
KZ,LC,visa_required,
KZ,LI,visa_required,
KZ,LK,visa_on_arrival,
KZ,LR,visa_required,
KZ,LS,e_visa,
KZ,LT,visa_required,
KZ,LU,visa_required,
KZ,LV,visa_required,
KZ,LY,e_visa,
KZ,MA,visa_required,
KZ,MC,visa_required,
KZ,MD,visa_free,90
KZ,ME,visa_required,
KZ,MG,visa_on_arrival,
KZ,MH,visa_on_arrival,
KZ,MK,visa_required,
KZ,ML,visa_required,
KZ,MM,e_visa,
KZ,MN,visa_free,90
KZ,MO,visa_free,14
KZ,MR,visa_on_arrival,
KZ,MT,visa_required,
KZ,MU,visa_on_arrival,
KZ,MV,visa_on_arrival,
KZ,MW,e_visa,
KZ,MX,visa_required,
KZ,MY,visa_free,30
KZ,MZ,visa_on_arrival,
KZ,NA,visa_free,90
KZ,NE,visa_required,
KZ,NG,e_visa,
KZ,NI,visa_on_arrival,
KZ,NL,visa_required,
KZ,NO,visa_required,
KZ,NP,visa_on_arrival,
KZ,NR,visa_required,
KZ,NZ,visa_required,
KZ,OM,visa_free,14
KZ,PA,visa_required,
KZ,PE,visa_required,
KZ,PG,e_visa,
KZ,PH,visa_free,30
KZ,PK,e_visa,
KZ,PL,visa_required,
KZ,PS,visa_free,
KZ,PT,visa_required,
KZ,PW,visa_on_arrival,
KZ,PY,visa_required,
KZ,QA,visa_on_arrival,
KZ,RO,visa_required,
KZ,RS,visa_free,30
KZ,RU,visa_free,90
KZ,RW,visa_on_arrival,
KZ,SA,visa_on_arrival,
KZ,SB,visa_required,
KZ,SC,visa_free,90
KZ,SD,visa_required,
KZ,SE,visa_required,
KZ,SG,e_visa,
KZ,SI,visa_required,
KZ,SK,visa_required,
KZ,SL,visa_on_arrival,
KZ,SM,visa_required,
KZ,SN,visa_required,
KZ,SO,e_visa,
KZ,SR,visa_required,
KZ,SS,e_visa,
KZ,ST,e_visa,
KZ,SV,e_visa,
KZ,SY,visa_on_arrival,
KZ,SZ,visa_required,
KZ,TD,visa_required,
KZ,TG,e_visa,
KZ,TH,visa_free,60
KZ,TJ,visa_free,
KZ,TL,visa_on_arrival,
KZ,TM,visa_required,
KZ,TN,visa_free,90
KZ,TO,visa_required,
KZ,TR,visa_free,90
KZ,TT,visa_required,
KZ,TV,visa_on_arrival,
KZ,TW,visa_required,
KZ,TZ,visa_on_arrival,
KZ,UA,visa_free,90
KZ,UG,e_visa,
KZ,US,visa_required,
KZ,UY,visa_required,
KZ,UZ,visa_free,
KZ,VA,visa_required,
KZ,VC,visa_free,90
KZ,VE,visa_required,
KZ,VN,visa_free,30
KZ,VU,visa_required,
KZ,WS,visa_on_arrival,
KZ,XK,visa_required,
KZ,YE,visa_required,
KZ,ZA,visa_required,
KZ,ZM,visa_on_arrival,
KZ,ZW,visa_on_arrival,
LA,AD,visa_required,
LA,AE,e_visa,
LA,AF,visa_required,
LA,AG,e_visa,
LA,AL,e_visa,
LA,AM,e_visa,
LA,AO,visa_required,
LA,AR,visa_required,
LA,AT,visa_required,
LA,AU,e_visa,
LA,AZ,visa_required,
LA,BA,visa_required,
LA,BB,visa_required,
LA,BD,visa_on_arrival,
LA,BE,visa_required,
LA,BF,e_visa,
LA,BG,visa_required,
LA,BH,e_visa,
LA,BI,visa_on_arrival,
LA,BJ,e_visa,
LA,BN,visa_free,30
LA,BO,visa_on_arrival,
LA,BR,visa_required,
LA,BS,e_visa,
LA,BT,e_visa,
LA,BW,e_visa,
LA,BY,visa_required,
LA,BZ,visa_required,
LA,CA,visa_required,
LA,CD,e_visa,
LA,CF,visa_required,
LA,CG,visa_required,
LA,CH,visa_required,
LA,CI,eta,
LA,CL,visa_required,
LA,CM,e_visa,
LA,CN,visa_required,
LA,CO,e_visa,
LA,CR,visa_required,
LA,CU,e_visa,
LA,CV,visa_on_arrival,
LA,CY,visa_required,
LA,CZ,visa_required,
LA,DE,visa_required,
LA,DJ,visa_on_arrival,
LA,DK,visa_required,
LA,DM,visa_free,21
LA,DO,visa_required,
LA,DZ,visa_required,
LA,EC,visa_free,90
LA,EE,visa_required,
LA,EG,visa_on_arrival,
LA,ER,visa_required,
LA,ES,visa_required,
LA,ET,e_visa,
LA,FI,visa_required,
LA,FJ,visa_required,
LA,FM,visa_free,30
LA,FR,visa_required,
LA,GA,e_visa,
LA,GB,visa_required,
LA,GD,visa_required,
LA,GE,e_visa,
LA,GH,visa_on_arrival,
LA,GM,visa_free,90
LA,GN,e_visa,
LA,GQ,e_visa,
LA,GR,visa_required,
LA,GT,visa_required,
LA,GW,visa_on_arrival,
LA,GY,visa_required,
LA,HK,e_visa,
LA,HN,visa_required,
LA,HR,visa_required,
LA,HT,visa_free,90
LA,HU,visa_required,
LA,ID,visa_free,30
LA,IE,visa_required,
LA,IL,visa_required,
LA,IN,e_visa,
LA,IQ,e_visa,
LA,IR,visa_on_arrival,
LA,IS,visa_required,
LA,IT,visa_required,
LA,JM,visa_required,
LA,JO,visa_required,
LA,JP,visa_required,
LA,KE,eta,
LA,KG,e_visa,
LA,KH,visa_free,30
LA,KI,visa_required,
LA,KM,visa_on_arrival,
LA,KN,e_visa,
LA,KP,visa_required,
LA,KR,e_visa,
LA,KW,visa_on_arrival,
LA,KZ,e_visa,
LA,LB,visa_required,
LA,LC,visa_required,
LA,LI,visa_required,
LA,LK,visa_on_arrival,
LA,LR,visa_required,
LA,LS,e_visa,
LA,LT,visa_required,
LA,LU,visa_required,
LA,LV,visa_required,
LA,LY,e_visa,
LA,MA,visa_required,
LA,MC,visa_required,
LA,MD,e_visa,
LA,ME,visa_required,
LA,MG,visa_on_arrival,
LA,MH,visa_required,
LA,MK,visa_required,
LA,ML,visa_required,
LA,MM,visa_free,14
LA,MN,visa_free,30
LA,MO,visa_on_arrival,
LA,MR,visa_on_arrival,
LA,MT,visa_required,
LA,MU,visa_required,
LA,MV,visa_on_arrival,
LA,MW,visa_on_arrival,
LA,MX,visa_required,
LA,MY,visa_free,30
LA,MZ,visa_on_arrival,
LA,NA,visa_required,
LA,NE,visa_required,
LA,NG,e_visa,
LA,NI,visa_required,
LA,NL,visa_required,
LA,NO,visa_required,
LA,NP,visa_on_arrival,
LA,NR,visa_required,
LA,NZ,visa_required,
LA,OM,e_visa,
LA,PA,visa_required,
LA,PE,visa_required,
LA,PG,e_visa,
LA,PH,visa_free,30
LA,PK,e_visa,
LA,PL,visa_required,
LA,PS,visa_free,
LA,PT,visa_required,
LA,PW,visa_on_arrival,
LA,PY,visa_required,
LA,QA,e_visa,
LA,RO,visa_required,
LA,RS,visa_required,
LA,RU,visa_free,30
LA,RW,visa_free,30
LA,SA,visa_required,
LA,SB,visa_required,
LA,SC,visa_free,90
LA,SD,visa_required,
LA,SE,visa_required,
LA,SG,visa_free,30
LA,SI,visa_required,
LA,SK,visa_required,
LA,SL,e_visa,
LA,SM,visa_required,
LA,SN,visa_required,
LA,SO,e_visa,
LA,SR,visa_required,
LA,SS,e_visa,
LA,ST,e_visa,
LA,SV,e_visa,
LA,SY,e_visa,
LA,SZ,visa_required,
LA,TD,visa_required,
LA,TG,e_visa,
LA,TH,visa_free,60
LA,TJ,e_visa,
LA,TL,visa_on_arrival,
LA,TM,visa_required,
LA,TN,visa_required,
LA,TO,visa_required,
LA,TR,visa_required,
LA,TT,visa_required,
LA,TV,visa_on_arrival,
LA,TW,eta,
LA,TZ,visa_on_arrival,
LA,UA,visa_required,
LA,UG,e_visa,
LA,US,visa_required,
LA,UY,visa_required,
LA,UZ,e_visa,
LA,VA,visa_required,
LA,VC,visa_free,90
LA,VE,visa_required,
LA,VN,visa_free,30
LA,VU,visa_required,
LA,WS,visa_on_arrival,
LA,XK,visa_required,
LA,YE,visa_required,
LA,ZA,visa_required,
LA,ZM,visa_on_arrival,
LA,ZW,e_visa,
LB,AD,visa_required,
LB,AE,e_visa,
LB,AF,visa_required,
LB,AG,e_visa,
LB,AL,e_visa,
LB,AM,visa_on_arrival,
LB,AO,visa_required,
LB,AR,visa_required,
LB,AT,visa_required,
LB,AU,e_visa,
LB,AZ,visa_required,
LB,BA,visa_required,
LB,BB,visa_free,90
LB,BD,visa_required,
LB,BE,visa_required,
LB,BF,e_visa,
LB,BG,visa_required,
LB,BH,e_visa,
LB,BI,visa_on_arrival,
LB,BJ,e_visa,
LB,BN,visa_required,
LB,BO,visa_on_arrival,
LB,BR,visa_required,
LB,BS,e_visa,
LB,BT,e_visa,
LB,BW,e_visa,
LB,BY,visa_required,
LB,BZ,visa_required,
LB,CA,visa_required,
LB,CD,e_visa,
LB,CF,visa_required,
LB,CG,visa_required,
LB,CH,visa_required,
LB,CI,eta,
LB,CL,visa_required,
LB,CM,e_visa,
LB,CN,visa_required,
LB,CO,e_visa,
LB,CR,visa_required,
LB,CU,e_visa,
LB,CV,visa_on_arrival,
LB,CY,visa_required,
LB,CZ,visa_required,
LB,DE,visa_required,
LB,DJ,visa_on_arrival,
LB,DK,visa_required,
LB,DM,visa_free,21
LB,DO,visa_required,
LB,DZ,visa_required,
LB,EC,visa_free,90
LB,EE,visa_required,
LB,EG,visa_required,
LB,ER,visa_required,
LB,ES,visa_required,
LB,ET,visa_on_arrival,
LB,FI,visa_required,
LB,FJ,visa_required,
LB,FM,visa_free,30
LB,FR,visa_required,
LB,GA,e_visa,
LB,GB,visa_required,
LB,GD,visa_required,
LB,GE,visa_free,360
LB,GH,visa_on_arrival,
LB,GM,visa_required,
LB,GN,e_visa,
LB,GQ,e_visa,
LB,GR,visa_required,
LB,GT,visa_required,
LB,GW,visa_on_arrival,
LB,GY,visa_required,
LB,HK,e_visa,
LB,HN,visa_required,
LB,HR,visa_required,
LB,HT,visa_free,90
LB,HU,visa_required,
LB,ID,e_visa,
LB,IE,visa_required,
LB,IL,visa_required,
LB,IN,visa_required,
LB,IQ,visa_on_arrival,
LB,IR,visa_free,30
LB,IS,visa_required,
LB,IT,visa_required,
LB,JM,visa_required,
LB,JO,visa_free,90
LB,JP,visa_required,
LB,KE,eta,
LB,KG,e_visa,
LB,KH,visa_on_arrival,
LB,KI,visa_required,
LB,KM,visa_on_arrival,
LB,KN,e_visa,
LB,KP,visa_required,
LB,KR,e_visa,
LB,KW,visa_required,
LB,KZ,e_visa,
LB,LA,visa_on_arrival,
LB,LC,visa_required,
LB,LI,visa_required,
LB,LK,visa_on_arrival,
LB,LR,visa_required,
LB,LS,e_visa,
LB,LT,visa_required,
LB,LU,visa_required,
LB,LV,visa_required,
LB,LY,e_visa,
LB,MA,visa_required,
LB,MC,visa_required,
LB,MD,e_visa,
LB,ME,visa_required,
LB,MG,visa_on_arrival,
LB,MH,visa_on_arrival,
LB,MK,visa_required,
LB,ML,visa_required,
LB,MM,visa_required,
LB,MN,visa_required,
LB,MO,visa_free,90
LB,MR,visa_on_arrival,
LB,MT,visa_required,
LB,MU,visa_on_arrival,
LB,MV,visa_on_arrival,
LB,MW,e_visa,
LB,MX,visa_required,
LB,MY,visa_free,90
LB,MZ,visa_on_arrival,
LB,NA,visa_required,
LB,NE,visa_required,
LB,NG,e_visa,
LB,NI,visa_required,
LB,NL,visa_required,
LB,NO,visa_required,
LB,NP,visa_on_arrival,
LB,NR,visa_required,
LB,NZ,visa_required,
LB,OM,visa_on_arrival,
LB,PA,visa_required,
LB,PE,visa_required,
LB,PG,e_visa,
LB,PH,visa_required,
LB,PK,e_visa,
LB,PL,visa_required,
LB,PS,visa_free,
LB,PT,visa_required,
LB,PW,visa_on_arrival,
LB,PY,visa_required,
LB,QA,visa_on_arrival,
LB,RO,visa_required,
LB,RS,visa_required,
LB,RU,visa_required,
LB,RW,visa_free,30
LB,SA,visa_required,
LB,SB,visa_required,
LB,SC,visa_free,90
LB,SD,visa_required,
LB,SE,visa_required,
LB,SG,e_visa,
LB,SI,visa_required,
LB,SK,visa_required,
LB,SL,visa_on_arrival,
LB,SM,visa_required,
LB,SN,visa_required,
LB,SO,e_visa,
LB,SR,visa_required,
LB,SS,e_visa,
LB,ST,e_visa,
LB,SV,e_visa,
LB,SY,visa_free,
LB,SZ,visa_required,
LB,TD,visa_required,
LB,TG,e_visa,
LB,TH,e_visa,
LB,TJ,visa_on_arrival,
LB,TL,visa_on_arrival,
LB,TM,visa_required,
LB,TN,visa_required,
LB,TO,visa_required,
LB,TR,visa_free,90
LB,TT,visa_required,
LB,TV,visa_on_arrival,
LB,TW,visa_required,
LB,TZ,e_visa,
LB,UA,visa_required,
LB,UG,e_visa,
LB,US,visa_required,
LB,UY,visa_required,
LB,UZ,e_visa,
LB,VA,visa_required,
LB,VC,visa_required,
LB,VE,visa_required,
LB,VN,e_visa,
LB,VU,visa_required,
LB,WS,visa_on_arrival,
LB,XK,visa_required,
LB,YE,visa_required,
LB,ZA,visa_required,
LB,ZM,e_visa,
LB,ZW,e_visa,
LC,AD,visa_free,90
LC,AE,e_visa,
LC,AF,visa_required,
LC,AG,visa_free,
LC,AL,e_visa,
LC,AM,e_visa,
LC,AO,visa_free,30
LC,AR,visa_free,90
LC,AT,visa_free,90
LC,AU,e_visa,
LC,AZ,visa_required,
LC,BA,visa_free,90
LC,BB,visa_free,180
LC,BD,visa_on_arrival,
LC,BE,visa_free,90
LC,BF,e_visa,
LC,BG,visa_free,90
LC,BH,e_visa,
LC,BI,visa_on_arrival,
LC,BJ,e_visa,
LC,BN,visa_required,
LC,BO,visa_on_arrival,
LC,BR,visa_free,90
LC,BS,visa_free,90
LC,BT,e_visa,
LC,BW,visa_free,90
LC,BY,visa_required,
LC,BZ,visa_free,
LC,CA,visa_required,
LC,CD,e_visa,
LC,CF,visa_required,
LC,CG,visa_required,
LC,CH,visa_free,90
LC,CI,eta,
LC,CL,visa_free,90
LC,CM,e_visa,
LC,CN,visa_required,
LC,CO,visa_free,90
LC,CR,visa_free,30
LC,CU,visa_free,30
LC,CV,visa_on_arrival,
LC,CY,visa_free,90
LC,CZ,visa_free,90
LC,DE,visa_free,90
LC,DJ,visa_on_arrival,
LC,DK,visa_free,90
LC,DM,visa_free,
LC,DO,visa_free,
LC,DZ,visa_required,
LC,EC,visa_free,90
LC,EE,visa_free,90
LC,EG,visa_on_arrival,
LC,ER,visa_required,
LC,ES,visa_free,90
LC,ET,e_visa,
LC,FI,visa_free,90
LC,FJ,visa_free,120
LC,FM,visa_free,30
LC,FR,visa_free,90
LC,GA,e_visa,
LC,GB,eta,
LC,GD,visa_free,
LC,GE,e_visa,
LC,GH,visa_on_arrival,
LC,GM,visa_free,90
LC,GN,e_visa,
LC,GQ,e_visa,
LC,GR,visa_free,90
LC,GT,visa_free,90
LC,GW,visa_on_arrival,
LC,GY,visa_free,90
LC,HK,visa_free,90
LC,HN,visa_free,90
LC,HR,visa_free,90
LC,HT,visa_free,90
LC,HU,visa_free,90
LC,ID,e_visa,
LC,IE,visa_free,90
LC,IL,visa_free,90
LC,IN,e_visa,
LC,IQ,e_visa,
LC,IR,visa_on_arrival,
LC,IS,visa_free,90
LC,IT,visa_free,90
LC,JM,visa_free,
LC,JO,visa_on_arrival,
LC,JP,visa_required,
LC,KE,eta,
LC,KG,e_visa,
LC,KH,visa_on_arrival,
LC,KI,visa_free,90
LC,KM,visa_on_arrival,
LC,KN,visa_free,
LC,KP,visa_required,
LC,KR,eta,
LC,KW,visa_required,
LC,KZ,e_visa,
LC,LA,visa_on_arrival,
LC,LB,visa_required,
LC,LI,visa_free,90
LC,LK,visa_on_arrival,
LC,LR,visa_required,
LC,LS,visa_free,90
LC,LT,visa_free,90
LC,LU,visa_free,90
LC,LV,visa_free,90
LC,LY,e_visa,
LC,MA,visa_required,
LC,MC,visa_free,90
LC,MD,visa_free,90
LC,ME,visa_free,90
LC,MG,visa_on_arrival,
LC,MH,visa_required,
LC,MK,visa_required,
LC,ML,visa_required,
LC,MM,visa_required,
LC,MN,e_visa,
LC,MO,visa_on_arrival,
LC,MR,visa_on_arrival,
LC,MT,visa_free,90
LC,MU,visa_free,90
LC,MV,visa_on_arrival,
LC,MW,visa_free,90
LC,MX,visa_required,
LC,MY,visa_free,30
LC,MZ,visa_on_arrival,
LC,NA,visa_required,
LC,NE,visa_required,
LC,NG,e_visa,
LC,NI,visa_free,90
LC,NL,visa_free,90
LC,NO,visa_free,90
LC,NP,visa_on_arrival,
LC,NR,visa_required,
LC,NZ,visa_required,
LC,OM,e_visa,
LC,PA,visa_free,90
LC,PE,visa_free,180
LC,PG,eta,
LC,PH,visa_free,30
LC,PK,eta,
LC,PL,visa_free,90
LC,PS,visa_free,
LC,PT,visa_free,90
LC,PW,visa_on_arrival,
LC,PY,visa_required,
LC,QA,e_visa,
LC,RO,visa_free,90
LC,RS,visa_required,
LC,RU,visa_required,
LC,RW,visa_free,30
LC,SA,visa_required,
LC,SB,visa_on_arrival,
LC,SC,visa_free,90
LC,SD,visa_required,
LC,SE,visa_free,90
LC,SG,visa_free,30
LC,SI,visa_free,90
LC,SK,visa_free,90
LC,SL,visa_on_arrival,
LC,SM,visa_free,90
LC,SN,visa_on_arrival,
LC,SO,e_visa,
LC,SR,visa_free,180
LC,SS,e_visa,
LC,ST,e_visa,
LC,SV,visa_free,180
LC,SY,e_visa,
LC,SZ,visa_free,30
LC,TD,visa_required,
LC,TG,e_visa,
LC,TH,e_visa,
LC,TJ,visa_free,30
LC,TL,visa_on_arrival,
LC,TM,visa_required,
LC,TN,visa_free,90
LC,TO,visa_on_arrival,
LC,TR,visa_on_arrival,
LC,TT,visa_free,
LC,TV,visa_on_arrival,
LC,TW,visa_free,30
LC,TZ,visa_free,90
LC,UA,visa_required,
LC,UG,e_visa,
LC,US,visa_required,
LC,UY,visa_required,
LC,UZ,visa_free,30
LC,VA,visa_free,90
LC,VC,visa_free,
LC,VE,visa_free,90
LC,VN,e_visa,
LC,VU,visa_free,120
LC,WS,visa_on_arrival,
LC,XK,visa_free,90
LC,YE,visa_required,
LC,ZA,visa_required,
LC,ZM,visa_free,90
LC,ZW,visa_free,90
LI,AD,visa_free,
LI,AE,visa_free,90
LI,AF,visa_required,
LI,AG,visa_free,180
LI,AL,visa_free,90
LI,AM,visa_free,180
LI,AO,visa_required,
LI,AR,visa_free,90
LI,AT,freedom_of_movement,
LI,AU,eta,
LI,AZ,e_visa,
LI,BA,visa_free,90
LI,BB,visa_free,180
LI,BD,visa_on_arrival,
LI,BE,freedom_of_movement,
LI,BF,visa_on_arrival,
LI,BG,freedom_of_movement,
LI,BH,visa_on_arrival,
LI,BI,visa_on_arrival,
LI,BJ,e_visa,
LI,BN,visa_free,90
LI,BO,visa_free,90
LI,BR,visa_free,90
LI,BS,visa_free,240
LI,BT,e_visa,
LI,BW,visa_free,90
LI,BY,visa_free,30
LI,BZ,visa_free,
LI,CA,eta,
LI,CD,e_visa,
LI,CF,visa_required,
LI,CG,visa_required,
LI,CH,freedom_of_movement,
LI,CI,eta,
LI,CL,visa_free,90
LI,CM,e_visa,
LI,CN,visa_free,30
LI,CO,visa_free,90
LI,CR,visa_free,180
LI,CU,e_visa,
LI,CV,visa_free,30
LI,CY,freedom_of_movement,
LI,CZ,freedom_of_movement,
LI,DE,freedom_of_movement,
LI,DJ,visa_on_arrival,
LI,DK,freedom_of_movement,
LI,DM,visa_free,21
LI,DO,visa_free,
LI,DZ,visa_required,
LI,EC,visa_free,90
LI,EE,freedom_of_movement,
LI,EG,visa_on_arrival,
LI,ER,visa_required,
LI,ES,freedom_of_movement,
LI,ET,visa_on_arrival,
LI,FI,freedom_of_movement,
LI,FJ,visa_free,120
LI,FM,visa_free,90
LI,FR,freedom_of_movement,
LI,GA,e_visa,
LI,GB,visa_free,180
LI,GD,visa_free,90
LI,GE,visa_free,360
LI,GH,visa_on_arrival,
LI,GM,visa_free,90
LI,GN,e_visa,
LI,GQ,e_visa,
LI,GR,freedom_of_movement,
LI,GT,visa_free,90
LI,GW,visa_on_arrival,
LI,GY,visa_required,
LI,HK,visa_free,90
LI,HN,visa_free,90
LI,HR,freedom_of_movement,
LI,HT,visa_free,90
LI,HU,freedom_of_movement,
LI,ID,visa_on_arrival,
LI,IE,freedom_of_movement,
LI,IL,visa_free,90
LI,IN,e_visa,
LI,IQ,e_visa,
LI,IR,visa_on_arrival,
LI,IS,freedom_of_movement,
LI,IT,freedom_of_movement,
LI,JM,visa_free,90
LI,JO,visa_on_arrival,
LI,JP,visa_free,90
LI,KE,eta,
LI,KG,visa_free,60
LI,KH,visa_on_arrival,
LI,KI,visa_free,90
LI,KM,visa_on_arrival,
LI,KN,visa_free,90
LI,KP,visa_required,
LI,KR,visa_free,90
LI,KW,visa_on_arrival,
LI,KZ,visa_free,30
LI,LA,visa_on_arrival,
LI,LB,visa_on_arrival,
LI,LC,visa_free,42
LI,LK,visa_on_arrival,
LI,LR,visa_required,
LI,LS,e_visa,
LI,LT,freedom_of_movement,
LI,LU,freedom_of_movement,
LI,LV,freedom_of_movement,
LI,LY,e_visa,
LI,MA,visa_free,90
LI,MC,visa_free,
LI,MD,visa_free,90
LI,ME,visa_free,90
LI,MG,visa_on_arrival,
LI,MH,visa_on_arrival,
LI,MK,visa_free,90
LI,ML,visa_required,
LI,MM,visa_required,
LI,MN,visa_free,30
LI,MO,visa_free,90
LI,MR,visa_on_arrival,
LI,MT,freedom_of_movement,
LI,MU,visa_free,90
LI,MV,visa_on_arrival,
LI,MW,visa_on_arrival,
LI,MX,visa_free,180
LI,MY,visa_free,90
LI,MZ,visa_on_arrival,
LI,NA,visa_free,90
LI,NE,visa_required,
LI,NG,e_visa,
LI,NI,visa_free,90
LI,NL,freedom_of_movement,
LI,NO,freedom_of_movement,
LI,NP,visa_on_arrival,
LI,NR,visa_required,
LI,NZ,eta,
LI,OM,visa_on_arrival,
LI,PA,visa_free,90
LI,PE,visa_free,90
LI,PG,eta,
LI,PH,visa_free,30
LI,PK,e_visa,
LI,PL,freedom_of_movement,
LI,PS,visa_free,
LI,PT,freedom_of_movement,
LI,PW,visa_on_arrival,
LI,PY,visa_free,90
LI,QA,visa_on_arrival,
LI,RO,freedom_of_movement,
LI,RS,visa_free,90
LI,RU,e_visa,
LI,RW,visa_on_arrival,
LI,SA,visa_on_arrival,
LI,SB,visa_free,90
LI,SC,visa_free,90
LI,SD,visa_required,
LI,SE,freedom_of_movement,
LI,SG,visa_free,30
LI,SI,freedom_of_movement,
LI,SK,freedom_of_movement,
LI,SL,visa_on_arrival,
LI,SM,visa_free,
LI,SN,visa_on_arrival,
LI,SO,visa_on_arrival,
LI,SR,visa_required,
LI,SS,e_visa,
LI,ST,visa_free,15
LI,SV,visa_free,180
LI,SY,e_visa,
LI,SZ,visa_free,30
LI,TD,visa_required,
LI,TG,e_visa,
LI,TH,visa_free,60
LI,TJ,visa_free,30
LI,TL,visa_free,90
LI,TM,visa_required,
LI,TN,visa_free,90
LI,TO,visa_free,90
LI,TR,visa_free,90
LI,TT,visa_free,90
LI,TV,visa_free,90
LI,TW,visa_free,90
LI,TZ,visa_on_arrival,
LI,UA,visa_free,90
LI,UG,e_visa,
LI,US,eta,
LI,UY,visa_free,90
LI,UZ,visa_free,30
LI,VA,visa_free,
LI,VC,visa_free,90
LI,VE,visa_free,90
LI,VN,e_visa,
LI,VU,visa_free,120
LI,WS,visa_on_arrival,
LI,XK,visa_free,90
LI,YE,visa_required,
LI,ZA,visa_free,90
LI,ZM,visa_on_arrival,
LI,ZW,visa_on_arrival,
LK,AD,visa_required,
LK,AE,e_visa,
LK,AF,visa_required,
LK,AG,e_visa,
LK,AL,e_visa,
LK,AM,visa_required,
LK,AO,visa_required,
LK,AR,visa_required,
LK,AT,visa_required,
LK,AU,e_visa,
LK,AZ,e_visa,
LK,BA,visa_required,
LK,BB,visa_free,180
LK,BD,visa_required,
LK,BE,visa_required,
LK,BF,e_visa,
LK,BG,visa_required,
LK,BH,e_visa,
LK,BI,visa_on_arrival,
LK,BJ,e_visa,
LK,BN,visa_required,
LK,BO,visa_on_arrival,
LK,BR,visa_required,
LK,BS,visa_free,90
LK,BT,e_visa,
LK,BW,e_visa,
LK,BY,visa_required,
LK,BZ,visa_required,
LK,CA,visa_required,
LK,CD,e_visa,
LK,CF,visa_required,
LK,CG,visa_required,
LK,CH,visa_required,
LK,CI,eta,
LK,CL,visa_required,
LK,CM,e_visa,
LK,CN,visa_required,
LK,CO,e_visa,
LK,CR,visa_required,
LK,CU,visa_required,
LK,CV,visa_on_arrival,
LK,CY,visa_required,
LK,CZ,visa_required,
LK,DE,visa_required,
LK,DJ,visa_on_arrival,
LK,DK,visa_required,
LK,DM,visa_free,180
LK,DO,visa_required,
LK,DZ,visa_required,
LK,EC,e_visa,
LK,EE,visa_required,
LK,EG,visa_required,
LK,ER,visa_required,
LK,ES,visa_required,
LK,ET,e_visa,
LK,FI,visa_required,
LK,FJ,visa_required,
LK,FM,visa_free,30
LK,FR,visa_required,
LK,GA,e_visa,
LK,GB,visa_required,
LK,GD,visa_free,90
LK,GE,e_visa,
LK,GH,visa_on_arrival,
LK,GM,visa_free,90
LK,GN,e_visa,
LK,GQ,e_visa,
LK,GR,visa_required,
LK,GT,visa_required,
LK,GW,visa_on_arrival,
LK,GY,visa_required,
LK,HK,e_visa,
LK,HN,visa_required,
LK,HR,visa_required,
LK,HT,visa_free,90
LK,HU,visa_required,
LK,ID,e_visa,
LK,IE,visa_required,
LK,IL,visa_required,
LK,IN,e_visa,
LK,IQ,e_visa,
LK,IR,visa_on_arrival,
LK,IS,visa_required,
LK,IT,visa_required,
LK,JM,visa_required,
LK,JO,visa_required,
LK,JP,visa_required,
LK,KE,eta,
LK,KG,e_visa,
LK,KH,visa_on_arrival,
LK,KI,visa_free,90
LK,KM,visa_on_arrival,
LK,KN,visa_free,90
LK,KP,visa_required,
LK,KR,e_visa,
LK,KW,visa_required,
LK,KZ,e_visa,
LK,LA,visa_on_arrival,
LK,LB,visa_required,
LK,LC,visa_required,
LK,LI,visa_required,
LK,LR,visa_required,
LK,LS,visa_free,
LK,LT,visa_required,
LK,LU,visa_required,
LK,LV,visa_required,
LK,LY,e_visa,
LK,MA,visa_required,
LK,MC,visa_required,
LK,MD,e_visa,
LK,ME,visa_required,
LK,MG,visa_on_arrival,
LK,MH,visa_required,
LK,MK,visa_required,
LK,ML,visa_required,
LK,MM,e_visa,
LK,MN,visa_required,
LK,MO,visa_required,
LK,MR,visa_on_arrival,
LK,MT,visa_required,
LK,MU,visa_on_arrival,
LK,MV,visa_on_arrival,
LK,MW,visa_free,90
LK,MX,visa_required,
LK,MY,e_visa,
LK,MZ,e_visa,
LK,NA,visa_required,
LK,NE,visa_required,
LK,NG,e_visa,
LK,NI,visa_required,
LK,NL,visa_required,
LK,NO,visa_required,
LK,NP,visa_on_arrival,
LK,NR,visa_required,
LK,NZ,visa_required,
LK,OM,e_visa,
LK,PA,visa_required,
LK,PE,visa_required,
LK,PG,e_visa,
LK,PH,visa_required,
LK,PK,eta,
LK,PL,visa_required,
LK,PS,visa_required,
LK,PT,visa_required,
LK,PW,visa_on_arrival,
LK,PY,visa_required,
LK,QA,e_visa,
LK,RO,visa_required,
LK,RS,visa_required,
LK,RU,visa_required,
LK,RW,visa_free,30
LK,SA,visa_required,
LK,SB,visa_required,
LK,SC,visa_free,90
LK,SD,visa_required,
LK,SE,visa_required,
LK,SG,visa_free,30
LK,SI,visa_required,
LK,SK,visa_required,
LK,SL,visa_on_arrival,
LK,SM,visa_required,
LK,SN,visa_required,
LK,SO,e_visa,
LK,SR,e_visa,
LK,SS,e_visa,
LK,ST,e_visa,
LK,SV,e_visa,
LK,SY,e_visa,
LK,SZ,visa_required,
LK,TD,visa_required,
LK,TG,e_visa,
LK,TH,visa_free,60
LK,TJ,visa_free,30
LK,TL,visa_on_arrival,
LK,TM,visa_required,
LK,TN,visa_required,
LK,TO,visa_required,
LK,TR,visa_required,
LK,TT,visa_required,
LK,TV,visa_on_arrival,
LK,TW,visa_required,
LK,TZ,visa_on_arrival,
LK,UA,visa_required,
LK,UG,e_visa,
LK,US,visa_required,
LK,UY,visa_required,
LK,UZ,e_visa,
LK,VA,visa_required,
LK,VC,visa_free,90
LK,VE,visa_free,90
LK,VN,e_visa,
LK,VU,visa_free,120
LK,WS,visa_on_arrival,
LK,XK,visa_required,
LK,YE,visa_required,
LK,ZA,visa_required,
LK,ZM,e_visa,
LK,ZW,e_visa,
LR,AD,visa_required,
LR,AE,e_visa,
LR,AF,visa_required,
LR,AG,e_visa,
LR,AL,e_visa,
LR,AM,visa_required,
LR,AO,visa_required,
LR,AR,visa_required,
LR,AT,visa_required,
LR,AU,e_visa,
LR,AZ,visa_required,
LR,BA,visa_required,
LR,BB,visa_free,90
LR,BD,visa_on_arrival,
LR,BE,visa_required,
LR,BF,visa_free,
LR,BG,visa_required,
LR,BH,e_visa,
LR,BI,visa_on_arrival,
LR,BJ,visa_free,90
LR,BN,visa_required,
LR,BO,visa_on_arrival,
LR,BR,visa_required,
LR,BS,e_visa,
LR,BT,e_visa,
LR,BW,e_visa,
LR,BY,visa_required,
LR,BZ,visa_required,
LR,CA,visa_required,
LR,CD,e_visa,
LR,CF,visa_free,90
LR,CG,visa_required,
LR,CH,visa_required,
LR,CI,visa_free,90
LR,CL,visa_required,
LR,CM,e_visa,
LR,CN,visa_required,
LR,CO,e_visa,
LR,CR,visa_required,
LR,CU,e_visa,
LR,CV,visa_free,
LR,CY,visa_required,
LR,CZ,visa_required,
LR,DE,visa_required,
LR,DJ,visa_on_arrival,
LR,DK,visa_required,
LR,DM,visa_free,21
LR,DO,visa_required,
LR,DZ,visa_required,
LR,EC,visa_free,90
LR,EE,visa_required,
LR,EG,visa_required,
LR,ER,visa_required,
LR,ES,visa_required,
LR,ET,visa_on_arrival,
LR,FI,visa_required,
LR,FJ,visa_required,
LR,FM,visa_free,30
LR,FR,visa_required,
LR,GA,e_visa,
LR,GB,visa_required,
LR,GD,visa_required,
LR,GE,e_visa,
LR,GH,visa_free,
LR,GM,visa_free,90
LR,GN,visa_free,
LR,GQ,e_visa,
LR,GR,visa_required,
LR,GT,visa_required,
LR,GW,visa_free,
LR,GY,visa_required,
LR,HK,e_visa,
LR,HN,visa_required,
LR,HR,visa_required,
LR,HT,visa_free,90
LR,HU,visa_required,
LR,ID,e_visa,
LR,IE,visa_required,
LR,IL,visa_required,
LR,IN,e_visa,
LR,IQ,e_visa,
LR,IR,visa_on_arrival,
LR,IS,visa_required,
LR,IT,visa_required,
LR,JM,visa_required,
LR,JO,visa_required,
LR,JP,visa_required,
LR,KE,eta,
LR,KG,e_visa,
LR,KH,visa_on_arrival,
LR,KI,visa_required,
LR,KM,visa_on_arrival,
LR,KN,e_visa,
LR,KP,visa_required,
LR,KR,e_visa,
LR,KW,visa_required,
LR,KZ,e_visa,
LR,LA,visa_required,
LR,LB,visa_required,
LR,LC,visa_required,
LR,LI,visa_required,
LR,LK,visa_on_arrival,
LR,LS,e_visa,
LR,LT,visa_required,
LR,LU,visa_required,
LR,LV,visa_required,
LR,LY,e_visa,
LR,MA,visa_required,
LR,MC,visa_required,
LR,MD,e_visa,
LR,ME,visa_required,
LR,MG,visa_on_arrival,
LR,MH,visa_required,
LR,MK,visa_required,
LR,ML,visa_free,
LR,MM,visa_required,
LR,MN,visa_required,
LR,MO,visa_on_arrival,
LR,MR,visa_on_arrival,
LR,MT,visa_required,
LR,MU,visa_on_arrival,
LR,MV,visa_on_arrival,
LR,MW,e_visa,
LR,MX,visa_required,
LR,MY,e_visa,
LR,MZ,visa_on_arrival,
LR,NA,visa_on_arrival,
LR,NE,visa_free,
LR,NG,visa_free,
LR,NI,visa_required,
LR,NL,visa_required,
LR,NO,visa_required,
LR,NP,visa_required,
LR,NR,visa_required,
LR,NZ,visa_required,
LR,OM,e_visa,
LR,PA,visa_required,
LR,PE,visa_required,
LR,PG,e_visa,
LR,PH,visa_free,30
LR,PK,e_visa,
LR,PL,visa_required,
LR,PS,visa_required,
LR,PT,visa_required,
LR,PW,visa_on_arrival,
LR,PY,visa_required,
LR,QA,e_visa,
LR,RO,visa_required,
LR,RS,visa_required,
LR,RU,visa_required,
LR,RW,e_visa,
LR,SA,visa_required,
LR,SB,visa_required,
LR,SC,visa_free,90
LR,SD,visa_required,
LR,SE,visa_required,
LR,SG,visa_free,30
LR,SI,visa_required,
LR,SK,visa_required,
LR,SL,visa_free,
LR,SM,visa_required,
LR,SN,visa_free,90
LR,SO,e_visa,
LR,SR,visa_required,
LR,SS,e_visa,
LR,ST,e_visa,
LR,SV,e_visa,
LR,SY,e_visa,
LR,SZ,visa_required,
LR,TD,visa_required,
LR,TG,visa_free,
LR,TH,visa_required,
LR,TJ,e_visa,
LR,TL,visa_on_arrival,
LR,TM,visa_required,
LR,TN,visa_required,
LR,TO,visa_required,
LR,TR,visa_required,
LR,TT,visa_required,
LR,TV,visa_on_arrival,
LR,TW,visa_required,
LR,TZ,visa_on_arrival,
LR,UA,visa_required,
LR,UG,e_visa,
LR,US,visa_required,
LR,UY,visa_required,
LR,UZ,visa_required,
LR,VA,visa_required,
LR,VC,visa_free,90
LR,VE,visa_required,
LR,VN,e_visa,
LR,VU,visa_required,
LR,WS,visa_on_arrival,
LR,XK,visa_required,
LR,YE,visa_required,
LR,ZA,e_visa,
LR,ZM,e_visa,
LR,ZW,e_visa,
LS,AD,visa_required,
LS,AE,e_visa,
LS,AF,visa_required,
LS,AG,visa_free,180
LS,AL,e_visa,
LS,AM,visa_required,
LS,AO,visa_free,30
LS,AR,visa_required,
LS,AT,visa_required,
LS,AU,e_visa,
LS,AZ,visa_required,
LS,BA,visa_required,
LS,BB,visa_free,180
LS,BD,visa_free,90
LS,BE,visa_required,
LS,BF,e_visa,
LS,BG,visa_required,
LS,BH,e_visa,
LS,BI,visa_on_arrival,
LS,BJ,visa_free,90
LS,BN,visa_required,
LS,BO,visa_on_arrival,
LS,BR,visa_required,
LS,BS,visa_free,90
LS,BT,e_visa,
LS,BW,visa_free,90
LS,BY,visa_required,
LS,BZ,visa_free,
LS,CA,visa_required,
LS,CD,e_visa,
LS,CF,visa_required,
LS,CG,visa_required,
LS,CH,visa_required,
LS,CI,eta,
LS,CL,visa_required,
LS,CM,e_visa,
LS,CN,visa_required,
LS,CO,e_visa,
LS,CR,visa_required,
LS,CU,e_visa,
LS,CV,visa_on_arrival,
LS,CY,visa_required,
LS,CZ,visa_required,
LS,DE,visa_required,
LS,DJ,visa_on_arrival,
LS,DK,visa_required,
LS,DM,visa_free,180
LS,DO,visa_required,
LS,DZ,visa_required,
LS,EC,visa_free,90
LS,EE,visa_required,
LS,EG,visa_required,
LS,ER,visa_required,
LS,ES,visa_required,
LS,ET,visa_on_arrival,
LS,FI,visa_required,
LS,FJ,visa_free,120
LS,FM,visa_free,30
LS,FR,visa_required,
LS,GA,e_visa,
LS,GB,visa_required,
LS,GD,visa_free,90
LS,GE,e_visa,
LS,GH,visa_free,60
LS,GM,visa_free,90
LS,GN,e_visa,
LS,GQ,e_visa,
LS,GR,visa_required,
LS,GT,visa_required,
LS,GW,visa_on_arrival,
LS,GY,visa_free,28
LS,HK,visa_free,14
LS,HN,visa_required,
LS,HR,visa_required,
LS,HT,visa_free,90
LS,HU,visa_required,
LS,ID,e_visa,
LS,IE,visa_free,90
LS,IL,visa_free,90
LS,IN,e_visa,
LS,IQ,e_visa,
LS,IR,visa_on_arrival,
LS,IS,visa_required,
LS,IT,visa_required,
LS,JM,visa_free,
LS,JO,visa_on_arrival,
LS,JP,visa_free,90
LS,KE,eta,
LS,KG,e_visa,
LS,KH,visa_on_arrival,
LS,KI,visa_free,90
LS,KM,visa_on_arrival,
LS,KN,visa_free,90
LS,KP,visa_required,
LS,KR,eta,
LS,KW,visa_required,
LS,KZ,e_visa,
LS,LA,visa_required,
LS,LB,visa_required,
LS,LC,visa_free,42
LS,LI,visa_required,
LS,LK,visa_on_arrival,
LS,LR,visa_required,
LS,LT,visa_required,
LS,LU,visa_required,
LS,LV,visa_required,
LS,LY,e_visa,
LS,MA,visa_required,
LS,MC,visa_required,
LS,MD,e_visa,
LS,ME,visa_required,
LS,MG,visa_on_arrival,
LS,MH,visa_required,
LS,MK,visa_required,
LS,ML,visa_required,
LS,MM,visa_required,
LS,MN,e_visa,
LS,MO,visa_on_arrival,
LS,MR,visa_on_arrival,
LS,MT,visa_required,
LS,MU,visa_free,90
LS,MV,visa_on_arrival,
LS,MW,visa_free,90
LS,MX,visa_required,
LS,MY,visa_free,30
LS,MZ,visa_on_arrival,
LS,NA,visa_free,90
LS,NE,visa_required,
LS,NG,visa_on_arrival,
LS,NI,visa_on_arrival,
LS,NL,visa_required,
LS,NO,visa_required,
LS,NP,visa_on_arrival,
LS,NR,visa_required,
LS,NZ,visa_required,
LS,OM,e_visa,
LS,PA,visa_required,
LS,PE,visa_required,
LS,PG,eta,
LS,PH,visa_free,30
LS,PK,e_visa,
LS,PL,visa_required,
LS,PS,visa_free,
LS,PT,visa_required,
LS,PW,visa_on_arrival,
LS,PY,visa_required,
LS,QA,e_visa,
LS,RO,visa_required,
LS,RS,visa_required,
LS,RU,visa_required,
LS,RW,visa_free,30
LS,SA,visa_required,
LS,SB,visa_required,
LS,SC,visa_free,90
LS,SD,visa_required,
LS,SE,visa_required,
LS,SG,visa_free,30
LS,SI,visa_required,
LS,SK,visa_required,
LS,SL,visa_on_arrival,
LS,SM,visa_required,
LS,SN,visa_on_arrival,
LS,SO,e_visa,
LS,SR,visa_required,
LS,SS,e_visa,
LS,ST,e_visa,
LS,SV,e_visa,
LS,SY,e_visa,
LS,SZ,visa_free,30
LS,TD,visa_required,
LS,TG,e_visa,
LS,TH,visa_required,
LS,TJ,e_visa,
LS,TL,visa_on_arrival,
LS,TM,visa_required,
LS,TN,visa_required,
LS,TO,visa_required,
LS,TR,visa_required,
LS,TT,visa_free,
LS,TV,visa_on_arrival,
LS,TW,visa_required,
LS,TZ,visa_free,90
LS,UA,visa_required,
LS,UG,visa_free,90
LS,US,visa_required,
LS,UY,visa_required,
LS,UZ,visa_required,
LS,VA,visa_required,
LS,VC,visa_free,90
LS,VE,visa_required,
LS,VN,e_visa,
LS,VU,visa_free,120
LS,WS,visa_on_arrival,
LS,XK,visa_free,90
LS,YE,visa_required,
LS,ZA,visa_free,30
LS,ZM,visa_free,90
LS,ZW,visa_free,90
LT,AD,visa_free,
LT,AE,visa_free,90
LT,AF,visa_required,
LT,AG,visa_free,180
LT,AL,visa_free,90
LT,AM,visa_free,180
LT,AO,visa_free,30
LT,AR,visa_free,90
LT,AT,freedom_of_movement,
LT,AU,eta,
LT,AZ,e_visa,
LT,BA,visa_free,90
LT,BB,visa_free,90
LT,BD,visa_on_arrival,
LT,BE,freedom_of_movement,
LT,BF,visa_on_arrival,
LT,BG,freedom_of_movement,
LT,BH,visa_on_arrival,
LT,BI,visa_on_arrival,
LT,BJ,e_visa,
LT,BN,visa_free,90
LT,BO,visa_free,90
LT,BR,visa_free,90
LT,BS,visa_free,90
LT,BT,e_visa,
LT,BW,visa_free,90
LT,BY,visa_free,30
LT,BZ,visa_free,
LT,CA,eta,
LT,CD,e_visa,
LT,CF,visa_required,
LT,CG,visa_required,
LT,CH,freedom_of_movement,
LT,CI,eta,
LT,CL,visa_free,90
LT,CM,e_visa,
LT,CN,visa_required,
LT,CO,visa_free,90
LT,CR,visa_free,180
LT,CU,e_visa,
LT,CV,visa_free,30
LT,CY,freedom_of_movement,
LT,CZ,freedom_of_movement,
LT,DE,freedom_of_movement,
LT,DJ,visa_on_arrival,
LT,DK,freedom_of_movement,
LT,DM,visa_free,180
LT,DO,visa_free,
LT,DZ,visa_required,
LT,EC,visa_free,90
LT,EE,freedom_of_movement,
LT,EG,visa_on_arrival,
LT,ER,visa_required,
LT,ES,freedom_of_movement,
LT,ET,visa_on_arrival,
LT,FI,freedom_of_movement,
LT,FJ,visa_free,120
LT,FM,visa_free,90
LT,FR,freedom_of_movement,
LT,GA,e_visa,
LT,GB,visa_free,180
LT,GD,visa_free,90
LT,GE,visa_free,360
LT,GH,visa_on_arrival,
LT,GM,visa_free,90
LT,GN,e_visa,
LT,GQ,e_visa,
LT,GR,freedom_of_movement,
LT,GT,visa_free,90
LT,GW,visa_on_arrival,
LT,GY,visa_required,
LT,HK,visa_free,90
LT,HN,visa_free,90
LT,HR,freedom_of_movement,
LT,HT,visa_free,90
LT,HU,freedom_of_movement,
LT,ID,visa_on_arrival,
LT,IE,freedom_of_movement,
LT,IL,visa_free,90
LT,IN,e_visa,
LT,IQ,visa_on_arrival,
LT,IR,visa_on_arrival,
LT,IS,freedom_of_movement,
LT,IT,freedom_of_movement,
LT,JM,visa_free,30
LT,JO,visa_on_arrival,
LT,JP,visa_free,90
LT,KE,eta,
LT,KG,visa_free,60
LT,KH,visa_on_arrival,
LT,KI,visa_required,
LT,KM,visa_on_arrival,
LT,KN,visa_free,90
LT,KP,visa_required,
LT,KR,visa_free,90
LT,KW,visa_on_arrival,
LT,KZ,visa_free,30
LT,LA,visa_on_arrival,
LT,LB,visa_on_arrival,
LT,LC,visa_free,90
LT,LI,freedom_of_movement,
LT,LK,visa_on_arrival,
LT,LR,visa_required,
LT,LS,e_visa,
LT,LU,freedom_of_movement,
LT,LV,freedom_of_movement,
LT,LY,e_visa,
LT,MA,visa_free,90
LT,MC,visa_free,
LT,MD,visa_free,90
LT,ME,visa_free,90
LT,MG,visa_on_arrival,
LT,MH,visa_free,90
LT,MK,visa_free,90
LT,ML,visa_required,
LT,MM,e_visa,
LT,MN,visa_free,30
LT,MO,visa_free,90
LT,MR,visa_on_arrival,
LT,MT,freedom_of_movement,
LT,MU,visa_free,90
LT,MV,visa_on_arrival,
LT,MW,visa_on_arrival,
LT,MX,visa_free,180
LT,MY,visa_free,90
LT,MZ,visa_on_arrival,
LT,NA,visa_on_arrival,
LT,NE,visa_required,
LT,NG,e_visa,
LT,NI,visa_free,90
LT,NL,freedom_of_movement,
LT,NO,freedom_of_movement,
LT,NP,visa_on_arrival,
LT,NR,visa_required,
LT,NZ,eta,
LT,OM,visa_on_arrival,
LT,PA,visa_free,90
LT,PE,visa_free,90
LT,PG,eta,
LT,PH,visa_free,30
LT,PK,eta,
LT,PL,freedom_of_movement,
LT,PS,visa_free,
LT,PT,freedom_of_movement,
LT,PW,visa_free,90
LT,PY,visa_free,90
LT,QA,visa_on_arrival,
LT,RO,freedom_of_movement,
LT,RS,visa_free,90
LT,RU,e_visa,
LT,RW,visa_on_arrival,
LT,SA,visa_on_arrival,
LT,SB,visa_free,90
LT,SC,visa_free,90
LT,SD,visa_required,
LT,SE,freedom_of_movement,
LT,SG,visa_free,90
LT,SI,freedom_of_movement,
LT,SK,freedom_of_movement,
LT,SL,visa_on_arrival,
LT,SM,visa_free,
LT,SN,visa_free,90
LT,SO,visa_on_arrival,
LT,SR,visa_required,
LT,SS,e_visa,
LT,ST,visa_free,15
LT,SV,visa_free,180
LT,SY,e_visa,
LT,SZ,visa_free,30
LT,TD,visa_required,
LT,TG,e_visa,
LT,TH,visa_free,60
LT,TJ,visa_free,30
LT,TL,visa_free,90
LT,TM,visa_required,
LT,TN,visa_free,90
LT,TO,visa_free,90
LT,TR,visa_free,90
LT,TT,visa_free,90
LT,TV,visa_free,90
LT,TW,visa_free,90
LT,TZ,visa_on_arrival,
LT,UA,visa_free,90
LT,UG,e_visa,
LT,US,eta,
LT,UY,visa_free,90
LT,UZ,visa_free,30
LT,VA,visa_free,
LT,VC,visa_free,90
LT,VE,visa_free,90
LT,VN,e_visa,
LT,VU,visa_free,120
LT,WS,visa_free,90
LT,XK,visa_free,90
LT,YE,visa_required,
LT,ZA,e_visa,
LT,ZM,visa_free,90
LT,ZW,visa_on_arrival,
LU,AD,visa_free,
LU,AE,visa_free,90
LU,AF,visa_required,
LU,AG,visa_free,180
LU,AL,visa_free,90
LU,AM,visa_free,180
LU,AO,visa_free,30
LU,AR,visa_free,90
LU,AT,freedom_of_movement,
LU,AU,eta,
LU,AZ,e_visa,
LU,BA,visa_free,90
LU,BB,visa_free,90
LU,BD,visa_on_arrival,
LU,BE,freedom_of_movement,
LU,BF,visa_on_arrival,
LU,BG,freedom_of_movement,
LU,BH,visa_on_arrival,
LU,BI,visa_on_arrival,
LU,BJ,e_visa,
LU,BN,visa_free,90
LU,BO,visa_free,90
LU,BR,visa_free,90
LU,BS,visa_free,240
LU,BT,e_visa,
LU,BW,visa_free,90
LU,BY,visa_free,30
LU,BZ,visa_free,
LU,CA,eta,
LU,CD,e_visa,
LU,CF,visa_required,
LU,CG,visa_required,
LU,CH,freedom_of_movement,
LU,CI,eta,
LU,CL,visa_free,90
LU,CM,e_visa,
LU,CN,visa_free,30
LU,CO,visa_free,90
LU,CR,visa_free,180
LU,CU,e_visa,
LU,CV,visa_free,30
LU,CY,freedom_of_movement,
LU,CZ,freedom_of_movement,
LU,DE,freedom_of_movement,
LU,DJ,visa_on_arrival,
LU,DK,freedom_of_movement,
LU,DM,visa_free,180
LU,DO,visa_free,
LU,DZ,visa_required,
LU,EC,visa_free,90
LU,EE,freedom_of_movement,
LU,EG,visa_on_arrival,
LU,ER,visa_required,
LU,ES,freedom_of_movement,
LU,ET,visa_on_arrival,
LU,FI,freedom_of_movement,
LU,FJ,visa_free,120
LU,FM,visa_free,90
LU,FR,freedom_of_movement,
LU,GA,e_visa,
LU,GB,visa_free,180
LU,GD,visa_free,90
LU,GE,visa_free,360
LU,GH,visa_on_arrival,
LU,GM,visa_free,90
LU,GN,e_visa,
LU,GQ,e_visa,
LU,GR,freedom_of_movement,
LU,GT,visa_free,90
LU,GW,visa_on_arrival,
LU,GY,visa_free,90
LU,HK,visa_free,90
LU,HN,visa_free,90
LU,HR,freedom_of_movement,
LU,HT,visa_free,90
LU,HU,freedom_of_movement,
LU,ID,visa_on_arrival,
LU,IE,freedom_of_movement,
LU,IL,visa_free,90
LU,IN,e_visa,
LU,IQ,visa_on_arrival,
LU,IR,visa_on_arrival,
LU,IS,freedom_of_movement,
LU,IT,freedom_of_movement,
LU,JM,visa_free,90
LU,JO,visa_on_arrival,
LU,JP,visa_free,90
LU,KE,eta,
LU,KG,visa_free,60
LU,KH,visa_on_arrival,
LU,KI,visa_free,90
LU,KM,visa_on_arrival,
LU,KN,visa_free,90
LU,KP,visa_required,
LU,KR,visa_free,90
LU,KW,visa_on_arrival,
LU,KZ,visa_free,30
LU,LA,visa_free,15
LU,LB,visa_on_arrival,
LU,LC,visa_free,90
LU,LI,freedom_of_movement,
LU,LK,visa_on_arrival,
LU,LR,visa_required,
LU,LS,visa_free,14
LU,LT,freedom_of_movement,
LU,LV,freedom_of_movement,
LU,LY,e_visa,
LU,MA,visa_free,90
LU,MC,visa_free,
LU,MD,visa_free,90
LU,ME,visa_free,90
LU,MG,visa_on_arrival,
LU,MH,visa_free,90
LU,MK,visa_free,90
LU,ML,visa_required,
LU,MM,e_visa,
LU,MN,visa_free,30
LU,MO,visa_free,90
LU,MR,visa_on_arrival,
LU,MT,freedom_of_movement,
LU,MU,visa_free,90
LU,MV,visa_on_arrival,
LU,MW,visa_on_arrival,
LU,MX,visa_free,180
LU,MY,visa_free,90
LU,MZ,visa_on_arrival,
LU,NA,visa_free,90
LU,NE,visa_required,
LU,NG,e_visa,
LU,NI,visa_free,90
LU,NL,freedom_of_movement,
LU,NO,freedom_of_movement,
LU,NP,visa_on_arrival,
LU,NR,visa_required,
LU,NZ,eta,
LU,OM,visa_on_arrival,
LU,PA,visa_free,90
LU,PE,visa_free,90
LU,PG,eta,
LU,PH,visa_free,30
LU,PK,eta,
LU,PL,freedom_of_movement,
LU,PS,visa_free,
LU,PT,freedom_of_movement,
LU,PW,visa_free,90
LU,PY,visa_free,90
LU,QA,visa_on_arrival,
LU,RO,freedom_of_movement,
LU,RS,visa_free,90
LU,RU,e_visa,
LU,RW,visa_free,30
LU,SA,visa_on_arrival,
LU,SB,visa_free,90
LU,SC,visa_free,90
LU,SD,visa_required,
LU,SE,freedom_of_movement,
LU,SG,visa_free,90
LU,SI,freedom_of_movement,
LU,SK,freedom_of_movement,
LU,SL,visa_on_arrival,
LU,SM,visa_free,
LU,SN,visa_free,90
LU,SO,visa_on_arrival,
LU,SR,visa_required,
LU,SS,e_visa,
LU,ST,visa_free,15
LU,SV,visa_free,180
LU,SY,e_visa,
LU,SZ,visa_free,30
LU,TD,visa_required,
LU,TG,e_visa,
LU,TH,visa_free,60
LU,TJ,visa_free,30
LU,TL,visa_free,90
LU,TM,visa_required,
LU,TN,visa_free,90
LU,TO,visa_free,90
LU,TR,visa_free,90
LU,TT,visa_free,90
LU,TV,visa_free,90
LU,TW,visa_free,90
LU,TZ,visa_on_arrival,
LU,UA,visa_free,90
LU,UG,e_visa,
LU,US,eta,
LU,UY,visa_free,90
LU,UZ,visa_free,30
LU,VA,visa_free,
LU,VC,visa_free,90
LU,VE,visa_free,90
LU,VN,e_visa,
LU,VU,visa_free,120
LU,WS,visa_free,90
LU,XK,visa_free,90
LU,YE,visa_required,
LU,ZA,visa_free,90
LU,ZM,visa_free,90
LU,ZW,visa_on_arrival,
LV,AD,visa_free,
LV,AE,visa_free,90
LV,AF,visa_required,
LV,AG,visa_free,180
LV,AL,visa_free,90
LV,AM,visa_free,180
LV,AO,visa_free,30
LV,AR,visa_free,90
LV,AT,freedom_of_movement,
LV,AU,eta,
LV,AZ,e_visa,
LV,BA,visa_free,90
LV,BB,visa_free,90
LV,BD,visa_on_arrival,
LV,BE,freedom_of_movement,
LV,BF,visa_on_arrival,
LV,BG,freedom_of_movement,
LV,BH,visa_on_arrival,
LV,BI,visa_on_arrival,
LV,BJ,e_visa,
LV,BN,visa_free,90
LV,BO,visa_free,90
LV,BR,visa_free,90
LV,BS,visa_free,90
LV,BT,e_visa,
LV,BW,visa_free,90
LV,BY,visa_free,30
LV,BZ,visa_free,
LV,CA,eta,
LV,CD,e_visa,
LV,CF,visa_required,
LV,CG,visa_required,
LV,CH,freedom_of_movement,
LV,CI,eta,
LV,CL,visa_free,90
LV,CM,e_visa,
LV,CN,visa_free,30
LV,CO,visa_free,90
LV,CR,visa_free,180
LV,CU,e_visa,
LV,CV,visa_free,30
LV,CY,freedom_of_movement,
LV,CZ,freedom_of_movement,
LV,DE,freedom_of_movement,
LV,DJ,visa_on_arrival,
LV,DK,freedom_of_movement,
LV,DM,visa_free,180
LV,DO,visa_free,
LV,DZ,visa_required,
LV,EC,visa_free,90
LV,EE,freedom_of_movement,
LV,EG,visa_on_arrival,
LV,ER,visa_required,
LV,ES,freedom_of_movement,
LV,ET,visa_on_arrival,
LV,FI,freedom_of_movement,
LV,FJ,visa_free,120
LV,FM,visa_free,90
LV,FR,freedom_of_movement,
LV,GA,e_visa,
LV,GB,visa_free,180
LV,GD,visa_free,90
LV,GE,visa_free,360
LV,GH,visa_on_arrival,
LV,GM,visa_free,90
LV,GN,e_visa,
LV,GQ,e_visa,
LV,GR,freedom_of_movement,
LV,GT,visa_free,90
LV,GW,visa_on_arrival,
LV,GY,visa_required,
LV,HK,visa_free,90
LV,HN,visa_free,90
LV,HR,freedom_of_movement,
LV,HT,visa_free,90
LV,HU,freedom_of_movement,
LV,ID,visa_on_arrival,
LV,IE,freedom_of_movement,
LV,IL,visa_free,90
LV,IN,e_visa,
LV,IQ,visa_on_arrival,
LV,IR,visa_on_arrival,
LV,IS,freedom_of_movement,
LV,IT,freedom_of_movement,
LV,JM,visa_free,30
LV,JO,visa_on_arrival,
LV,JP,visa_free,90
LV,KE,eta,
LV,KG,visa_free,60
LV,KH,visa_on_arrival,
LV,KI,visa_required,
LV,KM,visa_on_arrival,
LV,KN,visa_free,90
LV,KP,visa_required,
LV,KR,visa_free,90
LV,KW,visa_on_arrival,
LV,KZ,visa_free,30
LV,LA,visa_on_arrival,
LV,LB,visa_on_arrival,
LV,LC,visa_free,90
LV,LI,freedom_of_movement,
LV,LK,visa_on_arrival,
LV,LR,visa_required,
LV,LS,e_visa,
LV,LT,freedom_of_movement,
LV,LU,freedom_of_movement,
LV,LY,e_visa,
LV,MA,visa_free,90
LV,MC,visa_free,
LV,MD,visa_free,90
LV,ME,visa_free,90
LV,MG,visa_on_arrival,
LV,MH,visa_free,90
LV,MK,visa_free,90
LV,ML,visa_required,
LV,MM,e_visa,
LV,MN,visa_free,30
LV,MO,visa_free,90
LV,MR,visa_on_arrival,
LV,MT,freedom_of_movement,
LV,MU,visa_free,90
LV,MV,visa_on_arrival,
LV,MW,visa_on_arrival,
LV,MX,visa_free,180
LV,MY,visa_free,90
LV,MZ,visa_on_arrival,
LV,NA,visa_on_arrival,
LV,NE,visa_required,
LV,NG,e_visa,
LV,NI,visa_free,90
LV,NL,freedom_of_movement,
LV,NO,freedom_of_movement,
LV,NP,visa_on_arrival,
LV,NR,visa_required,
LV,NZ,eta,
LV,OM,visa_on_arrival,
LV,PA,visa_free,90
LV,PE,visa_free,90
LV,PG,eta,
LV,PH,visa_free,30
LV,PK,e_visa,
LV,PL,freedom_of_movement,
LV,PS,visa_free,
LV,PT,freedom_of_movement,
LV,PW,visa_free,90
LV,PY,visa_free,90
LV,QA,visa_on_arrival,
LV,RO,freedom_of_movement,
LV,RS,visa_free,90
LV,RU,e_visa,
LV,RW,visa_on_arrival,
LV,SA,visa_on_arrival,
LV,SB,visa_free,90
LV,SC,visa_free,90
LV,SD,visa_required,
LV,SE,freedom_of_movement,
LV,SG,visa_free,90
LV,SI,freedom_of_movement,
LV,SK,freedom_of_movement,
LV,SL,visa_on_arrival,
LV,SM,visa_free,
LV,SN,visa_free,90
LV,SO,visa_on_arrival,
LV,SR,visa_required,
LV,SS,e_visa,
LV,ST,visa_free,15
LV,SV,visa_free,180
LV,SY,e_visa,
LV,SZ,visa_free,30
LV,TD,visa_required,
LV,TG,e_visa,
LV,TH,visa_free,60
LV,TJ,visa_free,30
LV,TL,visa_free,90
LV,TM,visa_required,
LV,TN,visa_free,90
LV,TO,visa_free,90
LV,TR,visa_free,30
LV,TT,visa_free,90
LV,TV,visa_free,90
LV,TW,visa_free,90
LV,TZ,visa_on_arrival,
LV,UA,visa_free,90
LV,UG,e_visa,
LV,US,eta,
LV,UY,visa_free,90
LV,UZ,visa_free,30
LV,VA,visa_free,
LV,VC,visa_free,90
LV,VE,visa_free,90
LV,VN,e_visa,
LV,VU,visa_free,120
LV,WS,visa_free,90
LV,XK,visa_free,90
LV,YE,visa_required,
LV,ZA,visa_required,
LV,ZM,visa_free,90
LV,ZW,visa_on_arrival,
LY,AD,visa_required,
LY,AE,e_visa,
LY,AF,visa_required,
LY,AG,e_visa,
LY,AL,e_visa,
LY,AM,visa_required,
LY,AO,visa_required,
LY,AR,visa_required,
LY,AT,visa_required,
LY,AU,e_visa,
LY,AZ,visa_required,
LY,BA,visa_required,
LY,BB,visa_required,
LY,BD,visa_required,
LY,BE,visa_required,
LY,BF,visa_on_arrival,
LY,BG,visa_required,
LY,BH,e_visa,
LY,BI,visa_on_arrival,
LY,BJ,visa_free,90
LY,BN,visa_required,
LY,BO,visa_on_arrival,
LY,BR,visa_required,
LY,BS,e_visa,
LY,BT,e_visa,
LY,BW,e_visa,
LY,BY,visa_required,
LY,BZ,visa_required,
LY,CA,visa_required,
LY,CD,e_visa,
LY,CF,visa_required,
LY,CG,visa_required,
LY,CH,visa_required,
LY,CI,eta,
LY,CL,visa_required,
LY,CM,e_visa,
LY,CN,visa_required,
LY,CO,e_visa,
LY,CR,visa_required,
LY,CU,e_visa,
LY,CV,visa_on_arrival,
LY,CY,visa_required,
LY,CZ,visa_required,
LY,DE,visa_required,
LY,DJ,visa_on_arrival,
LY,DK,visa_required,
LY,DM,visa_free,21
LY,DO,visa_required,
LY,DZ,visa_free,90
LY,EC,e_visa,
LY,EE,visa_required,
LY,EG,visa_required,
LY,ER,visa_required,
LY,ES,visa_required,
LY,ET,e_visa,
LY,FI,visa_required,
LY,FJ,visa_required,
LY,FM,visa_free,30
LY,FR,visa_required,
LY,GA,e_visa,
LY,GB,visa_required,
LY,GD,visa_required,
LY,GE,e_visa,
LY,GH,visa_on_arrival,
LY,GM,visa_free,90
LY,GN,e_visa,
LY,GQ,e_visa,
LY,GR,visa_required,
LY,GT,visa_required,
LY,GW,visa_on_arrival,
LY,GY,visa_required,
LY,HK,e_visa,
LY,HN,visa_required,
LY,HR,visa_required,
LY,HT,visa_free,90
LY,HU,visa_required,
LY,ID,e_visa,
LY,IE,visa_required,
LY,IL,visa_required,
LY,IN,visa_required,
LY,IQ,e_visa,
LY,IR,visa_on_arrival,
LY,IS,visa_required,
LY,IT,visa_required,
LY,JM,visa_required,
LY,JO,visa_on_arrival,
LY,JP,visa_required,
LY,KE,eta,
LY,KG,e_visa,
LY,KH,visa_on_arrival,
LY,KI,visa_required,
LY,KM,visa_on_arrival,
LY,KN,e_visa,
LY,KP,visa_required,
LY,KR,e_visa,
LY,KW,visa_required,
LY,KZ,visa_required,
LY,LA,visa_required,
LY,LB,visa_on_arrival,
LY,LC,visa_required,
LY,LI,visa_required,
LY,LK,visa_on_arrival,
LY,LR,visa_required,
LY,LS,e_visa,
LY,LT,visa_required,
LY,LU,visa_required,
LY,LV,visa_required,
LY,MA,visa_required,
LY,MC,visa_required,
LY,MD,e_visa,
LY,ME,visa_required,
LY,MG,visa_on_arrival,
LY,MH,visa_required,
LY,MK,visa_required,
LY,ML,visa_required,
LY,MM,visa_required,
LY,MN,visa_required,
LY,MO,visa_on_arrival,
LY,MR,visa_free,90
LY,MT,visa_required,
LY,MU,visa_required,
LY,MV,visa_on_arrival,
LY,MW,e_visa,
LY,MX,visa_required,
LY,MY,visa_free,14
LY,MZ,visa_on_arrival,
LY,NA,visa_required,
LY,NE,visa_required,
LY,NG,visa_on_arrival,
LY,NI,visa_required,
LY,NL,visa_required,
LY,NO,visa_required,
LY,NP,visa_on_arrival,
LY,NR,visa_required,
LY,NZ,visa_required,
LY,OM,e_visa,
LY,PA,visa_required,
LY,PE,visa_required,
LY,PG,e_visa,
LY,PH,visa_required,
LY,PK,e_visa,
LY,PL,visa_required,
LY,PS,visa_free,
LY,PT,visa_required,
LY,PW,visa_on_arrival,
LY,PY,visa_required,
LY,QA,e_visa,
LY,RO,visa_required,
LY,RS,visa_required,
LY,RU,visa_required,
LY,RW,visa_free,30
LY,SA,visa_required,
LY,SB,visa_required,
LY,SC,visa_free,90
LY,SD,visa_required,
LY,SE,visa_required,
LY,SG,e_visa,
LY,SI,visa_required,
LY,SK,visa_required,
LY,SL,e_visa,
LY,SM,visa_required,
LY,SN,visa_on_arrival,
LY,SO,e_visa,
LY,SR,visa_required,
LY,SS,e_visa,
LY,ST,e_visa,
LY,SV,e_visa,
LY,SY,e_visa,
LY,SZ,visa_required,
LY,TD,visa_required,
LY,TG,e_visa,
LY,TH,e_visa,
LY,TJ,e_visa,
LY,TL,visa_on_arrival,
LY,TM,visa_required,
LY,TN,visa_free,90
LY,TO,visa_required,
LY,TR,visa_required,
LY,TT,visa_required,
LY,TV,visa_on_arrival,
LY,TW,visa_required,
LY,TZ,visa_on_arrival,
LY,UA,visa_required,
LY,UG,e_visa,
LY,US,visa_required,
LY,UY,visa_required,
LY,UZ,visa_required,
LY,VA,visa_required,
LY,VC,visa_free,90
LY,VE,visa_required,
LY,VN,e_visa,
LY,VU,visa_required,
LY,WS,visa_on_arrival,
LY,XK,visa_required,
LY,YE,visa_required,
LY,ZA,visa_required,
LY,ZM,e_visa,
LY,ZW,e_visa,
MA,AD,visa_required,
MA,AE,e_visa,
MA,AF,visa_required,
MA,AG,e_visa,
MA,AL,e_visa,
MA,AM,e_visa,
MA,AO,visa_free,30
MA,AR,visa_required,
MA,AT,visa_required,
MA,AU,e_visa,
MA,AZ,visa_free,90
MA,BA,visa_required,
MA,BB,visa_free,90
MA,BD,visa_required,
MA,BE,visa_required,
MA,BF,visa_free,90
MA,BG,visa_required,
MA,BH,e_visa,
MA,BI,visa_on_arrival,
MA,BJ,visa_free,90
MA,BN,visa_required,
MA,BO,visa_on_arrival,
MA,BR,visa_free,90
MA,BS,e_visa,
MA,BT,e_visa,
MA,BW,e_visa,
MA,BY,visa_required,
MA,BZ,visa_free,30
MA,CA,visa_required,
MA,CD,e_visa,
MA,CF,visa_required,
MA,CG,visa_on_arrival,
MA,CH,visa_required,
MA,CI,visa_free,90
MA,CL,visa_required,
MA,CM,e_visa,
MA,CN,visa_required,
MA,CO,visa_free,90
MA,CR,visa_required,
MA,CU,e_visa,
MA,CV,visa_free,90
MA,CY,visa_required,
MA,CZ,visa_required,
MA,DE,visa_required,
MA,DJ,visa_on_arrival,
MA,DK,visa_required,
MA,DM,visa_free,21
MA,DO,visa_free,
MA,DZ,visa_required,
MA,EC,visa_free,90
MA,EE,visa_required,
MA,EG,visa_required,
MA,ER,visa_required,
MA,ES,visa_required,
MA,ET,visa_on_arrival,
MA,FI,visa_required,
MA,FJ,visa_required,
MA,FM,visa_free,30
MA,FR,visa_required,
MA,GA,visa_free,30
MA,GB,visa_required,
MA,GD,visa_free,90
MA,GE,e_visa,
MA,GH,visa_on_arrival,
MA,GM,visa_free,90
MA,GN,visa_free,
MA,GQ,e_visa,
MA,GR,visa_required,
MA,GT,visa_required,
MA,GW,visa_on_arrival,
MA,GY,visa_required,
MA,HK,visa_free,30
MA,HN,visa_required,
MA,HR,visa_required,
MA,HT,visa_free,90
MA,HU,visa_required,
MA,ID,visa_on_arrival,
MA,IE,visa_required,
MA,IL,visa_required,
MA,IN,e_visa,
MA,IQ,e_visa,
MA,IR,visa_on_arrival,
MA,IS,visa_required,
MA,IT,visa_required,
MA,JM,visa_required,
MA,JO,visa_on_arrival,
MA,JP,visa_required,
MA,KE,eta,
MA,KG,e_visa,
MA,KH,visa_on_arrival,
MA,KI,visa_free,90
MA,KM,visa_on_arrival,
MA,KN,e_visa,
MA,KP,visa_required,
MA,KR,eta,
MA,KW,visa_required,
MA,KZ,e_visa,
MA,LA,visa_on_arrival,
MA,LB,visa_on_arrival,
MA,LC,visa_required,
MA,LI,visa_required,
MA,LK,visa_on_arrival,
MA,LR,visa_required,
MA,LS,e_visa,
MA,LT,visa_required,
MA,LU,visa_required,
MA,LV,visa_required,
MA,LY,e_visa,
MA,MC,visa_required,
MA,MD,e_visa,
MA,ME,visa_required,
MA,MG,visa_on_arrival,
MA,MH,visa_on_arrival,
MA,MK,visa_required,
MA,ML,visa_free,90
MA,MM,e_visa,
MA,MN,visa_required,
MA,MO,visa_free,90
MA,MR,visa_on_arrival,
MA,MT,visa_required,
MA,MU,visa_on_arrival,
MA,MV,visa_on_arrival,
MA,MW,e_visa,
MA,MX,visa_required,
MA,MY,visa_free,90
MA,MZ,visa_on_arrival,
MA,NA,visa_required,
MA,NE,visa_free,90
MA,NG,visa_on_arrival,
MA,NI,visa_on_arrival,
MA,NL,visa_required,
MA,NO,visa_required,
MA,NP,visa_on_arrival,
MA,NR,visa_required,
MA,NZ,visa_required,
MA,OM,e_visa,
MA,PA,visa_required,
MA,PE,visa_required,
MA,PG,e_visa,
MA,PH,visa_free,30
MA,PK,e_visa,
MA,PL,visa_required,
MA,PS,visa_free,
MA,PT,visa_required,
MA,PW,visa_on_arrival,
MA,PY,visa_required,
MA,QA,e_visa,
MA,RO,visa_required,
MA,RS,visa_required,
MA,RU,visa_required,
MA,RW,visa_free,30
MA,SA,visa_required,
MA,SB,visa_required,
MA,SC,visa_free,90
MA,SD,visa_required,
MA,SE,visa_required,
MA,SG,e_visa,
MA,SI,visa_required,
MA,SK,visa_required,
MA,SL,e_visa,
MA,SM,visa_required,
MA,SN,visa_free,90
MA,SO,visa_on_arrival,
MA,SR,visa_required,
MA,SS,e_visa,
MA,ST,visa_free,15
MA,SV,e_visa,
MA,SY,visa_free,
MA,SZ,visa_required,
MA,TD,visa_required,
MA,TG,visa_free,90
MA,TH,visa_free,60
MA,TJ,visa_on_arrival,
MA,TL,visa_on_arrival,
MA,TM,visa_required,
MA,TN,visa_free,
MA,TO,visa_required,
MA,TR,visa_free,90
MA,TT,visa_required,
MA,TV,visa_on_arrival,
MA,TW,visa_required,
MA,TZ,visa_on_arrival,
MA,UA,visa_required,
MA,UG,e_visa,
MA,US,visa_required,
MA,UY,visa_required,
MA,UZ,e_visa,
MA,VA,visa_required,
MA,VC,visa_free,90
MA,VE,visa_required,
MA,VN,e_visa,
MA,VU,visa_free,120
MA,WS,visa_on_arrival,
MA,XK,visa_required,
MA,YE,visa_required,
MA,ZA,e_visa,
MA,ZM,e_visa,
MA,ZW,e_visa,
MC,AD,visa_free,
MC,AE,visa_free,30
MC,AF,visa_required,
MC,AG,visa_free,180
MC,AL,visa_free,90
MC,AM,visa_free,180
MC,AO,visa_free,30
MC,AR,visa_free,90
MC,AT,visa_free,90
MC,AU,eta,
MC,AZ,e_visa,
MC,BA,visa_free,90
MC,BB,visa_free,90
MC,BD,visa_on_arrival,
MC,BE,visa_free,90
MC,BF,e_visa,
MC,BG,visa_free,90
MC,BH,visa_on_arrival,
MC,BI,visa_on_arrival,
MC,BJ,e_visa,
MC,BN,visa_required,
MC,BO,visa_free,90
MC,BR,visa_free,90
MC,BS,visa_free,90
MC,BT,e_visa,
MC,BW,visa_free,90
MC,BY,visa_free,30
MC,BZ,visa_free,
MC,CA,eta,
MC,CD,e_visa,
MC,CF,visa_required,
MC,CG,visa_required,
MC,CH,visa_free,90
MC,CI,eta,
MC,CL,visa_free,90
MC,CM,e_visa,
MC,CN,visa_free,30
MC,CO,visa_free,90
MC,CR,visa_free,180
MC,CU,e_visa,
MC,CV,visa_free,30
MC,CY,visa_free,90
MC,CZ,visa_free,90
MC,DE,visa_free,90
MC,DJ,visa_on_arrival,
MC,DK,visa_free,90
MC,DM,visa_free,21
MC,DO,visa_free,
MC,DZ,visa_required,
MC,EC,visa_free,90
MC,EE,visa_free,90
MC,EG,visa_on_arrival,
MC,ER,visa_required,
MC,ES,visa_free,90
MC,ET,visa_on_arrival,
MC,FI,visa_free,90
MC,FJ,visa_free,120
MC,FM,visa_free,30
MC,FR,visa_free,90
MC,GA,e_visa,
MC,GB,visa_free,180
MC,GD,visa_free,90
MC,GE,visa_free,360
MC,GH,visa_on_arrival,
MC,GM,visa_free,90
MC,GN,e_visa,
MC,GQ,e_visa,
MC,GR,visa_free,90
MC,GT,visa_free,90
MC,GW,visa_on_arrival,
MC,GY,visa_required,
MC,HK,visa_free,90
MC,HN,visa_free,90
MC,HR,visa_free,90
MC,HT,visa_free,90
MC,HU,visa_free,90
MC,ID,visa_on_arrival,
MC,IE,visa_free,90
MC,IL,visa_free,90
MC,IN,e_visa,
MC,IQ,e_visa,
MC,IR,visa_on_arrival,
MC,IS,visa_free,90
MC,IT,visa_free,90
MC,JM,visa_free,30
MC,JO,visa_on_arrival,
MC,JP,visa_free,90
MC,KE,eta,
MC,KG,visa_free,60
MC,KH,visa_on_arrival,
MC,KI,visa_required,
MC,KM,visa_on_arrival,
MC,KN,visa_free,90
MC,KP,visa_required,
MC,KR,visa_free,30
MC,KW,visa_on_arrival,
MC,KZ,visa_free,30
MC,LA,visa_on_arrival,
MC,LB,visa_on_arrival,
MC,LC,visa_free,42
MC,LI,visa_free,90
MC,LK,visa_on_arrival,
MC,LR,visa_required,
MC,LS,e_visa,
MC,LT,visa_free,90
MC,LU,visa_free,90
MC,LV,visa_free,90
MC,LY,e_visa,
MC,MA,visa_free,90
MC,MD,visa_free,90
MC,ME,visa_free,90
MC,MG,visa_on_arrival,
MC,MH,visa_on_arrival,
MC,MK,visa_free,90
MC,ML,visa_required,
MC,MM,e_visa,
MC,MN,visa_free,30
MC,MO,visa_free,30
MC,MR,visa_on_arrival,
MC,MT,visa_free,90
MC,MU,visa_free,90
MC,MV,visa_on_arrival,
MC,MW,visa_on_arrival,
MC,MX,visa_free,180
MC,MY,visa_free,30
MC,MZ,visa_on_arrival,
MC,NA,visa_required,
MC,NE,visa_required,
MC,NG,e_visa,
MC,NI,visa_free,90
MC,NL,visa_free,90
MC,NO,visa_free,90
MC,NP,visa_on_arrival,
MC,NR,visa_required,
MC,NZ,eta,
MC,OM,visa_on_arrival,
MC,PA,visa_free,90
MC,PE,visa_free,180
MC,PG,eta,
MC,PH,visa_free,30
MC,PK,eta,
MC,PL,visa_free,90
MC,PS,visa_free,
MC,PT,visa_free,90
MC,PW,visa_on_arrival,
MC,PY,visa_free,90
MC,QA,visa_on_arrival,
MC,RO,visa_free,90
MC,RS,visa_free,90
MC,RU,e_visa,
MC,RW,visa_free,30
MC,SA,visa_on_arrival,
MC,SB,visa_on_arrival,
MC,SC,visa_free,90
MC,SD,visa_required,
MC,SE,visa_free,90
MC,SG,visa_free,30
MC,SI,visa_free,90
MC,SK,visa_free,90
MC,SL,e_visa,
MC,SM,visa_free,90
MC,SN,visa_on_arrival,
MC,SO,visa_on_arrival,
MC,SR,visa_required,
MC,SS,e_visa,
MC,ST,visa_free,15
MC,SV,visa_free,180
MC,SY,e_visa,
MC,SZ,visa_free,30
MC,TD,visa_required,
MC,TG,e_visa,
MC,TH,visa_free,60
MC,TJ,visa_free,30
MC,TL,visa_on_arrival,
MC,TM,visa_required,
MC,TN,visa_free,90
MC,TO,visa_on_arrival,
MC,TR,visa_free,90
MC,TT,visa_required,
MC,TV,visa_on_arrival,
MC,TW,visa_free,90
MC,TZ,visa_on_arrival,
MC,UA,visa_free,90
MC,UG,e_visa,
MC,US,eta,
MC,UY,visa_free,90
MC,UZ,visa_free,30
MC,VA,visa_free,90
MC,VC,visa_free,90
MC,VE,visa_free,90
MC,VN,e_visa,
MC,VU,visa_free,120
MC,WS,visa_on_arrival,
MC,XK,visa_free,90
MC,YE,visa_required,
MC,ZA,visa_free,90
MC,ZM,visa_on_arrival,
MC,ZW,visa_on_arrival,
MD,AD,visa_free,90
MD,AE,e_visa,
MD,AF,visa_required,
MD,AG,visa_free,180
MD,AL,visa_free,90
MD,AM,visa_free,
MD,AO,visa_required,
MD,AR,visa_required,
MD,AT,visa_free,90
MD,AU,e_visa,
MD,AZ,visa_free,90
MD,BA,visa_free,90
MD,BB,visa_free,28
MD,BD,visa_on_arrival,
MD,BE,visa_free,90
MD,BF,e_visa,
MD,BG,visa_free,90
MD,BH,e_visa,
MD,BI,visa_on_arrival,
MD,BJ,e_visa,
MD,BN,visa_required,
MD,BO,visa_on_arrival,
MD,BR,visa_free,90
MD,BS,visa_free,90
MD,BT,e_visa,
MD,BW,e_visa,
MD,BY,visa_free,
MD,BZ,visa_required,
MD,CA,visa_required,
MD,CD,e_visa,
MD,CF,visa_required,
MD,CG,visa_required,
MD,CH,visa_free,90
MD,CI,eta,
MD,CL,visa_free,90
MD,CM,e_visa,
MD,CN,visa_required,
MD,CO,visa_free,90
MD,CR,visa_required,
MD,CU,e_visa,
MD,CV,visa_on_arrival,
MD,CY,visa_free,90
MD,CZ,visa_free,90
MD,DE,visa_free,90
MD,DJ,visa_on_arrival,
MD,DK,visa_free,90
MD,DM,visa_free,21
MD,DO,visa_required,
MD,DZ,visa_required,
MD,EC,visa_free,90
MD,EE,visa_free,90
MD,EG,e_visa,
MD,ER,visa_required,
MD,ES,visa_free,90
MD,ET,e_visa,
MD,FI,visa_free,90
MD,FJ,visa_free,120
MD,FM,visa_free,30
MD,FR,visa_free,90
MD,GA,e_visa,
MD,GB,visa_required,
MD,GD,visa_free,
MD,GE,visa_free,360
MD,GH,visa_on_arrival,
MD,GM,visa_free,90
MD,GN,e_visa,
MD,GQ,e_visa,
MD,GR,visa_free,90
MD,GT,visa_required,
MD,GW,visa_on_arrival,
MD,GY,visa_required,
MD,HK,e_visa,
MD,HN,visa_required,
MD,HR,visa_free,90
MD,HT,visa_free,90
MD,HU,visa_free,90
MD,ID,e_visa,
MD,IE,visa_required,
MD,IL,visa_free,90
MD,IN,e_visa,
MD,IQ,e_visa,
MD,IR,visa_on_arrival,
MD,IS,visa_free,90
MD,IT,visa_free,90
MD,JM,visa_on_arrival,
MD,JO,visa_required,
MD,JP,visa_required,
MD,KE,eta,
MD,KG,visa_free,
MD,KH,visa_on_arrival,
MD,KI,visa_required,
MD,KM,visa_on_arrival,
MD,KN,visa_free,90
MD,KP,visa_required,
MD,KR,e_visa,
MD,KW,visa_required,
MD,KZ,visa_free,90
MD,LA,visa_on_arrival,
MD,LB,visa_on_arrival,
MD,LC,visa_required,
MD,LI,visa_free,90
MD,LK,visa_on_arrival,
MD,LR,visa_required,
MD,LS,e_visa,
MD,LT,visa_free,90
MD,LU,visa_free,90
MD,LV,visa_free,90
MD,LY,e_visa,
MD,MA,visa_required,
MD,MC,visa_free,90
MD,ME,visa_free,90
MD,MG,visa_on_arrival,
MD,MH,visa_required,
MD,MK,visa_free,90
MD,ML,visa_required,
MD,MM,visa_required,
MD,MN,e_visa,
MD,MO,visa_free,90
MD,MR,visa_on_arrival,
MD,MT,visa_free,90
MD,MU,visa_on_arrival,
MD,MV,visa_on_arrival,
MD,MW,visa_on_arrival,
MD,MX,visa_required,
MD,MY,visa_free,30
MD,MZ,visa_on_arrival,
MD,NA,visa_free,90
MD,NE,visa_required,
MD,NG,e_visa,
MD,NI,visa_on_arrival,
MD,NL,visa_free,90
MD,NO,visa_free,90
MD,NP,visa_on_arrival,
MD,NR,visa_required,
MD,NZ,visa_required,
MD,OM,visa_on_arrival,
MD,PA,visa_free,90
MD,PE,visa_free,180
MD,PG,e_visa,
MD,PH,visa_required,
MD,PK,e_visa,
MD,PL,visa_free,90
MD,PS,visa_free,
MD,PT,visa_free,90
MD,PW,visa_on_arrival,
MD,PY,visa_required,
MD,QA,visa_on_arrival,
MD,RO,visa_free,90
MD,RS,visa_free,90
MD,RU,visa_free,90
MD,RW,visa_free,30
MD,SA,visa_required,
MD,SB,visa_required,
MD,SC,visa_free,90
MD,SD,visa_required,
MD,SE,visa_free,90
MD,SG,e_visa,
MD,SI,visa_free,90
MD,SK,visa_free,90
MD,SL,visa_on_arrival,
MD,SM,visa_free,
MD,SN,visa_required,
MD,SO,e_visa,
MD,SR,visa_required,
MD,SS,e_visa,
MD,ST,e_visa,
MD,SV,e_visa,
MD,SY,visa_on_arrival,
MD,SZ,visa_required,
MD,TD,visa_required,
MD,TG,e_visa,
MD,TH,visa_required,
MD,TJ,visa_free,
MD,TL,visa_on_arrival,
MD,TM,visa_required,
MD,TN,visa_free,90
MD,TO,visa_required,
MD,TR,visa_free,90
MD,TT,visa_required,
MD,TV,visa_on_arrival,
MD,TW,visa_required,
MD,TZ,visa_on_arrival,
MD,UA,visa_free,
MD,UG,e_visa,
MD,US,visa_required,
MD,UY,visa_required,
MD,UZ,visa_free,
MD,VA,visa_free,90
MD,VC,visa_free,90
MD,VE,visa_required,
MD,VN,e_visa,
MD,VU,visa_required,
MD,WS,visa_on_arrival,
MD,XK,visa_required,
MD,YE,visa_required,
MD,ZA,visa_required,
MD,ZM,visa_on_arrival,
MD,ZW,visa_on_arrival,
ME,AD,visa_free,90
ME,AE,visa_free,90
ME,AF,visa_required,
ME,AG,e_visa,
ME,AL,visa_free,90
ME,AM,visa_free,180
ME,AO,visa_required,
ME,AR,visa_free,90
ME,AT,visa_free,90
ME,AU,e_visa,
ME,AZ,visa_free,90
ME,BA,visa_free,90
ME,BB,visa_free,90
ME,BD,visa_on_arrival,
ME,BE,visa_free,90
ME,BF,e_visa,
ME,BG,visa_free,90
ME,BH,e_visa,
ME,BI,visa_on_arrival,
ME,BJ,e_visa,
ME,BN,visa_required,
ME,BO,visa_on_arrival,
ME,BR,visa_free,90
ME,BS,e_visa,
ME,BT,e_visa,
ME,BW,e_visa,
ME,BY,visa_free,30
ME,BZ,visa_required,
ME,CA,visa_required,
ME,CD,e_visa,
ME,CF,visa_required,
ME,CG,visa_required,
ME,CH,visa_free,90
ME,CI,eta,
ME,CL,visa_free,90
ME,CM,e_visa,
ME,CN,visa_free,30
ME,CO,visa_free,90
ME,CR,visa_free,180
ME,CU,visa_free,90
ME,CV,visa_on_arrival,
ME,CY,visa_free,90
ME,CZ,visa_free,90
ME,DE,visa_free,90
ME,DJ,visa_on_arrival,
ME,DK,visa_free,90
ME,DM,visa_free,21
ME,DO,visa_required,
ME,DZ,visa_required,
ME,EC,visa_free,90
ME,EE,visa_free,90
ME,EG,visa_on_arrival,
ME,ER,visa_required,
ME,ES,visa_free,90
ME,ET,visa_on_arrival,
ME,FI,visa_free,90
ME,FJ,visa_required,
ME,FM,visa_free,30
ME,FR,visa_free,90
ME,GA,e_visa,
ME,GB,visa_required,
ME,GD,visa_free,
ME,GE,visa_free,360
ME,GH,visa_on_arrival,
ME,GM,visa_free,90
ME,GN,e_visa,
ME,GQ,e_visa,
ME,GR,visa_free,90
ME,GT,visa_required,
ME,GW,visa_on_arrival,
ME,GY,visa_required,
ME,HK,visa_free,14
ME,HN,visa_required,
ME,HR,visa_free,90
ME,HT,visa_free,90
ME,HU,visa_free,90
ME,ID,e_visa,
ME,IE,visa_required,
ME,IL,visa_free,90
ME,IN,e_visa,
ME,IQ,e_visa,
ME,IR,visa_on_arrival,
ME,IS,visa_free,90
ME,IT,visa_free,90
ME,JM,visa_on_arrival,
ME,JO,visa_on_arrival,
ME,JP,visa_required,
ME,KE,eta,
ME,KG,visa_free,60
ME,KH,visa_on_arrival,
ME,KI,visa_required,
ME,KM,visa_on_arrival,
ME,KN,e_visa,
ME,KP,visa_required,
ME,KR,eta,
ME,KW,visa_required,
ME,KZ,e_visa,
ME,LA,visa_on_arrival,
ME,LB,visa_on_arrival,
ME,LC,visa_free,42
ME,LI,visa_free,90
ME,LK,visa_on_arrival,
ME,LR,visa_required,
ME,LS,e_visa,
ME,LT,visa_free,90
ME,LU,visa_free,90
ME,LV,visa_free,90
ME,LY,e_visa,
ME,MA,visa_required,
ME,MC,visa_free,90
ME,MD,visa_free,90
ME,MG,visa_on_arrival,
ME,MH,visa_required,
ME,MK,visa_free,90
ME,ML,visa_required,
ME,MM,visa_required,
ME,MN,e_visa,
ME,MO,visa_free,90
ME,MR,visa_on_arrival,
ME,MT,visa_free,90
ME,MU,visa_on_arrival,
ME,MV,visa_on_arrival,
ME,MW,visa_on_arrival,
ME,MX,visa_required,
ME,MY,e_visa,
ME,MZ,visa_on_arrival,
ME,NA,visa_required,
ME,NE,visa_required,
ME,NG,e_visa,
ME,NI,visa_on_arrival,
ME,NL,visa_free,90
ME,NO,visa_free,90
ME,NP,visa_on_arrival,
ME,NR,visa_required,
ME,NZ,visa_required,
ME,OM,visa_on_arrival,
ME,PA,visa_free,90
ME,PE,visa_free,90
ME,PG,e_visa,
ME,PH,visa_required,
ME,PK,e_visa,
ME,PL,visa_free,90
ME,PS,visa_free,
ME,PT,visa_free,90
ME,PW,visa_on_arrival,
ME,PY,visa_required,
ME,QA,visa_on_arrival,
ME,RO,visa_free,90
ME,RS,visa_free,90
ME,RU,visa_free,30
ME,RW,visa_on_arrival,
ME,SA,visa_on_arrival,
ME,SB,visa_required,
ME,SC,visa_free,90
ME,SD,visa_required,
ME,SE,visa_free,90
ME,SG,visa_free,30
ME,SI,visa_free,90
ME,SK,visa_free,90
ME,SL,e_visa,
ME,SM,visa_free,
ME,SN,visa_required,
ME,SO,e_visa,
ME,SR,visa_required,
ME,SS,e_visa,
ME,ST,e_visa,
ME,SV,e_visa,
ME,SY,e_visa,
ME,SZ,visa_free,30
ME,TD,visa_required,
ME,TG,e_visa,
ME,TH,e_visa,
ME,TJ,visa_free,30
ME,TL,visa_on_arrival,
ME,TM,visa_required,
ME,TN,visa_free,90
ME,TO,visa_required,
ME,TR,visa_free,90
ME,TT,visa_free,90
ME,TV,visa_on_arrival,
ME,TW,e_visa,
ME,TZ,visa_on_arrival,
ME,UA,visa_free,90
ME,UG,e_visa,
ME,US,visa_required,
ME,UY,visa_free,90
ME,UZ,visa_free,30
ME,VA,visa_free,90
ME,VC,visa_free,90
ME,VE,visa_required,
ME,VN,e_visa,
ME,VU,visa_required,
ME,WS,visa_on_arrival,
ME,XK,visa_free,90
ME,YE,visa_required,
ME,ZA,visa_required,
ME,ZM,visa_free,90
ME,ZW,e_visa,
MG,AD,visa_required,
MG,AE,e_visa,
MG,AF,visa_required,
MG,AG,visa_free,180
MG,AL,e_visa,
MG,AM,visa_required,
MG,AO,visa_free,30
MG,AR,visa_required,
MG,AT,visa_required,
MG,AU,e_visa,
MG,AZ,visa_required,
MG,BA,visa_required,
MG,BB,visa_free,90
MG,BD,visa_on_arrival,
MG,BE,visa_required,
MG,BF,e_visa,
MG,BG,visa_required,
MG,BH,e_visa,
MG,BI,visa_on_arrival,
MG,BJ,visa_free,90
MG,BN,visa_required,
MG,BO,visa_on_arrival,
MG,BR,visa_required,
MG,BS,e_visa,
MG,BT,e_visa,
MG,BW,e_visa,
MG,BY,visa_required,
MG,BZ,visa_required,
MG,CA,visa_required,
MG,CD,e_visa,
MG,CF,visa_required,
MG,CG,visa_required,
MG,CH,visa_required,
MG,CI,eta,
MG,CL,visa_required,
MG,CM,e_visa,
MG,CN,visa_required,
MG,CO,e_visa,
MG,CR,visa_required,
MG,CU,e_visa,
MG,CV,visa_on_arrival,
MG,CY,visa_required,
MG,CZ,visa_required,
MG,DE,visa_required,
MG,DJ,visa_on_arrival,
MG,DK,visa_required,
MG,DM,visa_free,21
MG,DO,visa_required,
MG,DZ,visa_required,
MG,EC,visa_free,90
MG,EE,visa_required,
MG,EG,visa_required,
MG,ER,visa_required,
MG,ES,visa_required,
MG,ET,visa_on_arrival,
MG,FI,visa_required,
MG,FJ,visa_required,
MG,FM,visa_free,30
MG,FR,visa_required,
MG,GA,e_visa,
MG,GB,visa_required,
MG,GD,visa_required,
MG,GE,e_visa,
MG,GH,visa_on_arrival,
MG,GM,visa_free,90
MG,GN,e_visa,
MG,GQ,e_visa,
MG,GR,visa_required,
MG,GT,visa_free,90
MG,GW,visa_on_arrival,
MG,GY,visa_required,
MG,HK,visa_free,14
MG,HN,visa_free,90
MG,HR,visa_required,
MG,HT,visa_free,90
MG,HU,visa_required,
MG,ID,e_visa,
MG,IE,visa_required,
MG,IL,visa_required,
MG,IN,e_visa,
MG,IQ,e_visa,
MG,IR,visa_on_arrival,
MG,IS,visa_required,
MG,IT,visa_required,
MG,JM,visa_required,
MG,JO,visa_required,
MG,JP,visa_required,
MG,KE,eta,
MG,KG,e_visa,
MG,KH,visa_on_arrival,
MG,KI,visa_required,
MG,KM,visa_on_arrival,
MG,KN,e_visa,
MG,KP,visa_required,
MG,KR,e_visa,
MG,KW,visa_required,
MG,KZ,e_visa,
MG,LA,visa_on_arrival,
MG,LB,visa_required,
MG,LC,visa_on_arrival,
MG,LI,visa_required,
MG,LK,visa_on_arrival,
MG,LR,visa_required,
MG,LS,visa_free,90
MG,LT,visa_required,
MG,LU,visa_required,
MG,LV,visa_required,
MG,LY,e_visa,
MG,MA,visa_required,
MG,MC,visa_required,
MG,MD,e_visa,
MG,ME,visa_required,
MG,MH,visa_required,
MG,MK,visa_required,
MG,ML,visa_required,
MG,MM,visa_required,
MG,MN,e_visa,
MG,MO,visa_on_arrival,
MG,MR,visa_on_arrival,
MG,MT,visa_required,
MG,MU,visa_on_arrival,
MG,MV,visa_on_arrival,
MG,MW,visa_on_arrival,
MG,MX,visa_required,
MG,MY,visa_free,30
MG,MZ,visa_on_arrival,
MG,NA,visa_on_arrival,
MG,NE,visa_required,
MG,NG,visa_on_arrival,
MG,NI,visa_free,90
MG,NL,visa_required,
MG,NO,visa_required,
MG,NP,visa_on_arrival,
MG,NR,visa_required,
MG,NZ,visa_required,
MG,OM,e_visa,
MG,PA,visa_free,90
MG,PE,visa_required,
MG,PG,e_visa,
MG,PH,visa_free,30
MG,PK,e_visa,
MG,PL,visa_required,
MG,PS,visa_required,
MG,PT,visa_required,
MG,PW,visa_on_arrival,
MG,PY,visa_required,
MG,QA,e_visa,
MG,RO,visa_required,
MG,RS,visa_required,
MG,RU,visa_required,
MG,RW,visa_free,30
MG,SA,visa_required,
MG,SB,visa_required,
MG,SC,visa_free,90
MG,SD,visa_required,
MG,SE,visa_required,
MG,SG,visa_free,30
MG,SI,visa_required,
MG,SK,visa_required,
MG,SL,e_visa,
MG,SM,visa_required,
MG,SN,visa_on_arrival,
MG,SO,e_visa,
MG,SR,visa_required,
MG,SS,e_visa,
MG,ST,e_visa,
MG,SV,visa_free,180
MG,SY,e_visa,
MG,SZ,visa_free,30
MG,TD,visa_required,
MG,TG,e_visa,
MG,TH,visa_required,
MG,TJ,e_visa,
MG,TL,visa_on_arrival,
MG,TM,visa_required,
MG,TN,visa_required,
MG,TO,visa_required,
MG,TR,visa_required,
MG,TT,visa_required,
MG,TV,visa_on_arrival,
MG,TW,visa_required,
MG,TZ,visa_free,90
MG,UA,visa_required,
MG,UG,visa_free,90
MG,US,visa_required,
MG,UY,visa_required,
MG,UZ,visa_required,
MG,VA,visa_required,
MG,VC,visa_free,90
MG,VE,visa_required,
MG,VN,e_visa,
MG,VU,visa_required,
MG,WS,visa_on_arrival,
MG,XK,visa_required,
MG,YE,visa_required,
MG,ZA,visa_free,90
MG,ZM,visa_on_arrival,
MG,ZW,visa_free,90
MH,AD,visa_free,90
MH,AE,e_visa,
MH,AF,visa_required,
MH,AG,visa_free,180
MH,AL,e_visa,
MH,AM,e_visa,
MH,AO,visa_free,30
MH,AR,visa_required,
MH,AT,visa_free,90
MH,AU,e_visa,
MH,AZ,visa_required,
MH,BA,visa_free,90
MH,BB,visa_free,90
MH,BD,visa_on_arrival,
MH,BE,visa_free,90
MH,BF,e_visa,
MH,BG,visa_free,90
MH,BH,e_visa,
MH,BI,visa_on_arrival,
MH,BJ,e_visa,
MH,BN,visa_required,
MH,BO,visa_on_arrival,
MH,BR,visa_required,
MH,BS,visa_free,90
MH,BT,e_visa,
MH,BW,e_visa,
MH,BY,visa_required,
MH,BZ,visa_free,
MH,CA,visa_required,
MH,CD,e_visa,
MH,CF,visa_required,
MH,CG,visa_required,
MH,CH,visa_free,90
MH,CI,eta,
MH,CL,visa_required,
MH,CM,e_visa,
MH,CN,visa_required,
MH,CO,visa_free,90
MH,CR,visa_free,30
MH,CU,e_visa,
MH,CV,visa_on_arrival,
MH,CY,visa_free,90
MH,CZ,visa_free,90
MH,DE,visa_free,90
MH,DJ,visa_on_arrival,
MH,DK,visa_free,90
MH,DM,visa_free,21
MH,DO,visa_free,
MH,DZ,visa_required,
MH,EC,visa_free,90
MH,EE,visa_free,90
MH,EG,visa_on_arrival,
MH,ER,visa_required,
MH,ES,visa_free,90
MH,ET,e_visa,
MH,FI,visa_free,90
MH,FJ,visa_free,120
MH,FM,visa_free,360
MH,FR,visa_free,90
MH,GA,e_visa,
MH,GB,eta,
MH,GD,visa_required,
MH,GE,e_visa,
MH,GH,visa_on_arrival,
MH,GM,visa_required,
MH,GN,e_visa,
MH,GQ,e_visa,
MH,GR,visa_free,90
MH,GT,visa_free,90
MH,GW,visa_on_arrival,
MH,GY,visa_required,
MH,HK,visa_free,14
MH,HN,visa_free,90
MH,HR,visa_free,90
MH,HT,visa_free,90
MH,HU,visa_free,90
MH,ID,e_visa,
MH,IE,visa_required,
MH,IL,visa_required,
MH,IN,e_visa,
MH,IQ,e_visa,
MH,IR,visa_on_arrival,
MH,IS,visa_free,90
MH,IT,visa_free,90
MH,JM,visa_required,
MH,JO,visa_on_arrival,
MH,JP,visa_required,
MH,KE,eta,
MH,KG,e_visa,
MH,KH,visa_on_arrival,
MH,KI,visa_free,90
MH,KM,visa_on_arrival,
MH,KN,e_visa,
MH,KP,visa_required,
MH,KR,visa_free,30
MH,KW,visa_required,
MH,KZ,e_visa,
MH,LA,visa_on_arrival,
MH,LB,visa_required,
MH,LC,visa_free,42
MH,LI,visa_free,90
MH,LK,visa_on_arrival,
MH,LR,visa_required,
MH,LS,e_visa,
MH,LT,visa_free,90
MH,LU,visa_free,90
MH,LV,visa_free,90
MH,LY,e_visa,
MH,MA,visa_required,
MH,MC,visa_free,90
MH,MD,visa_free,90
MH,ME,visa_free,90
MH,MG,visa_on_arrival,
MH,MK,visa_required,
MH,ML,visa_required,
MH,MM,visa_required,
MH,MN,e_visa,
MH,MO,visa_on_arrival,
MH,MR,visa_on_arrival,
MH,MT,visa_free,90
MH,MU,visa_on_arrival,
MH,MV,visa_on_arrival,
MH,MW,visa_on_arrival,
MH,MX,visa_free,180
MH,MY,visa_free,30
MH,MZ,visa_on_arrival,
MH,NA,visa_required,
MH,NE,visa_required,
MH,NG,e_visa,
MH,NI,visa_free,90
MH,NL,visa_free,90
MH,NO,visa_free,90
MH,NP,visa_on_arrival,
MH,NR,visa_on_arrival,
MH,NZ,visa_required,
MH,OM,e_visa,
MH,PA,visa_free,90
MH,PE,visa_free,180
MH,PG,visa_on_arrival,
MH,PH,visa_free,30
MH,PK,e_visa,
MH,PL,visa_free,90
MH,PS,visa_free,
MH,PT,visa_free,90
MH,PW,visa_free,360
MH,PY,visa_required,
MH,QA,e_visa,
MH,RO,visa_free,90
MH,RS,visa_required,
MH,RU,visa_required,
MH,RW,visa_on_arrival,
MH,SA,visa_required,
MH,SB,visa_on_arrival,
MH,SC,visa_free,90
MH,SD,visa_required,
MH,SE,visa_free,90
MH,SG,visa_free,30
MH,SI,visa_free,90
MH,SK,visa_free,90
MH,SL,e_visa,
MH,SM,visa_free,90
MH,SN,visa_on_arrival,
MH,SO,e_visa,
MH,SR,visa_required,
MH,SS,e_visa,
MH,ST,e_visa,
MH,SV,visa_free,180
MH,SY,e_visa,
MH,SZ,visa_required,
MH,TD,visa_required,
MH,TG,e_visa,
MH,TH,e_visa,
MH,TJ,visa_free,30
MH,TL,visa_on_arrival,
MH,TM,visa_required,
MH,TN,visa_required,
MH,TO,visa_on_arrival,
MH,TR,visa_required,
MH,TT,visa_required,
MH,TV,visa_on_arrival,
MH,TW,visa_free,90
MH,TZ,visa_on_arrival,
MH,UA,visa_free,90
MH,UG,e_visa,
MH,US,visa_free,
MH,UY,visa_required,
MH,UZ,e_visa,
MH,VA,visa_free,90
MH,VC,visa_free,90
MH,VE,visa_required,
MH,VN,e_visa,
MH,VU,visa_free,120
MH,WS,visa_on_arrival,
MH,XK,visa_free,90
MH,YE,visa_required,
MH,ZA,visa_required,
MH,ZM,visa_free,90
MH,ZW,visa_on_arrival,
MK,AD,visa_free,90
MK,AE,e_visa,
MK,AF,visa_required,
MK,AG,visa_free,180
MK,AL,visa_free,90
MK,AM,visa_on_arrival,
MK,AO,visa_required,
MK,AR,visa_free,90
MK,AT,visa_free,90
MK,AU,e_visa,
MK,AZ,e_visa,
MK,BA,visa_free,90
MK,BB,visa_free,90
MK,BD,visa_on_arrival,
MK,BE,visa_free,90
MK,BF,e_visa,
MK,BG,visa_free,90
MK,BH,e_visa,
MK,BI,visa_on_arrival,
MK,BJ,e_visa,
MK,BN,visa_required,
MK,BO,visa_on_arrival,
MK,BR,visa_free,90
MK,BS,visa_free,90
MK,BT,e_visa,
MK,BW,e_visa,
MK,BY,visa_free,30
MK,BZ,visa_required,
MK,CA,visa_required,
MK,CD,e_visa,
MK,CF,visa_required,
MK,CG,visa_required,
MK,CH,visa_free,90
MK,CI,eta,
MK,CL,visa_free,90
MK,CM,e_visa,
MK,CN,visa_free,30
MK,CO,visa_free,90
MK,CR,visa_required,
MK,CU,visa_free,90
MK,CV,visa_on_arrival,
MK,CY,visa_free,90
MK,CZ,visa_free,90
MK,DE,visa_free,90
MK,DJ,visa_on_arrival,
MK,DK,visa_free,90
MK,DM,visa_free,21
MK,DO,visa_free,
MK,DZ,visa_required,
MK,EC,visa_free,90
MK,EE,visa_free,90
MK,EG,visa_on_arrival,
MK,ER,visa_required,
MK,ES,visa_free,90
MK,ET,visa_on_arrival,
MK,FI,visa_free,90
MK,FJ,visa_required,
MK,FM,visa_free,30
MK,FR,visa_free,90
MK,GA,e_visa,
MK,GB,visa_required,
MK,GD,visa_free,
MK,GE,visa_free,90
MK,GH,visa_on_arrival,
MK,GM,visa_free,90
MK,GN,e_visa,
MK,GQ,e_visa,
MK,GR,visa_free,90
MK,GT,visa_free,90
MK,GW,visa_on_arrival,
MK,GY,visa_required,
MK,HK,visa_free,14
MK,HN,visa_free,90
MK,HR,visa_free,90
MK,HT,visa_free,90
MK,HU,visa_free,90
MK,ID,e_visa,
MK,IE,visa_required,
MK,IL,visa_free,90
MK,IN,e_visa,
MK,IQ,e_visa,
MK,IR,visa_on_arrival,
MK,IS,visa_free,90
MK,IT,visa_free,90
MK,JM,visa_on_arrival,
MK,JO,visa_on_arrival,
MK,JP,visa_free,90
MK,KE,eta,
MK,KG,visa_free,60
MK,KH,visa_on_arrival,
MK,KI,visa_required,
MK,KM,visa_on_arrival,
MK,KN,visa_free,90
MK,KP,visa_required,
MK,KR,e_visa,
MK,KW,visa_required,
MK,KZ,e_visa,
MK,LA,visa_on_arrival,
MK,LB,visa_on_arrival,
MK,LC,visa_required,
MK,LI,visa_free,90
MK,LK,visa_on_arrival,
MK,LR,visa_required,
MK,LS,e_visa,
MK,LT,visa_free,90
MK,LU,visa_free,90
MK,LV,visa_free,90
MK,LY,e_visa,
MK,MA,visa_required,
MK,MC,visa_free,90
MK,MD,visa_free,90
MK,ME,visa_free,90
MK,MG,visa_on_arrival,
MK,MH,visa_on_arrival,
MK,ML,visa_required,
MK,MM,visa_required,
MK,MN,e_visa,
MK,MO,visa_free,90
MK,MR,visa_on_arrival,
MK,MT,visa_free,90
MK,MU,visa_on_arrival,
MK,MV,visa_on_arrival,
MK,MW,visa_on_arrival,
MK,MX,visa_required,
MK,MY,visa_free,30
MK,MZ,visa_on_arrival,
MK,NA,visa_required,
MK,NE,visa_required,
MK,NG,e_visa,
MK,NI,visa_free,90
MK,NL,visa_free,90
MK,NO,visa_free,90
MK,NP,visa_on_arrival,
MK,NR,visa_required,
MK,NZ,visa_required,
MK,OM,visa_on_arrival,
MK,PA,visa_free,90
MK,PE,visa_free,180
MK,PG,e_visa,
MK,PH,visa_required,
MK,PK,e_visa,
MK,PL,visa_free,90
MK,PS,visa_free,
MK,PT,visa_free,90
MK,PW,visa_on_arrival,
MK,PY,visa_required,
MK,QA,visa_on_arrival,
MK,RO,visa_free,90
MK,RS,visa_free,90
MK,RU,e_visa,
MK,RW,visa_free,30
MK,SA,visa_required,
MK,SB,visa_required,
MK,SC,visa_free,90
MK,SD,visa_required,
MK,SE,visa_free,90
MK,SG,visa_free,30
MK,SI,visa_free,90
MK,SK,visa_free,90
MK,SL,e_visa,
MK,SM,visa_free,90
MK,SN,visa_required,
MK,SO,e_visa,
MK,SR,visa_required,
MK,SS,e_visa,
MK,ST,e_visa,
MK,SV,visa_free,180
MK,SY,e_visa,
MK,SZ,visa_required,
MK,TD,visa_required,
MK,TG,e_visa,
MK,TH,visa_required,
MK,TJ,e_visa,
MK,TL,visa_on_arrival,
MK,TM,visa_required,
MK,TN,visa_free,90
MK,TO,visa_required,
MK,TR,visa_free,60
MK,TT,visa_required,
MK,TV,visa_on_arrival,
MK,TW,visa_free,90
MK,TZ,visa_on_arrival,
MK,UA,visa_free,90
MK,UG,e_visa,
MK,US,visa_required,
MK,UY,visa_required,
MK,UZ,e_visa,
MK,VA,visa_free,90
MK,VC,visa_free,90
MK,VE,visa_required,
MK,VN,e_visa,
MK,VU,visa_required,
MK,WS,visa_on_arrival,
MK,XK,visa_free,90
MK,YE,visa_required,
MK,ZA,visa_required,
MK,ZM,visa_on_arrival,
MK,ZW,visa_on_arrival,
ML,AD,visa_required,
ML,AE,e_visa,
ML,AF,visa_required,
ML,AG,e_visa,
ML,AL,e_visa,
ML,AM,visa_required,
ML,AO,visa_required,
ML,AR,visa_required,
ML,AT,visa_required,
ML,AU,e_visa,
ML,AZ,visa_required,
ML,BA,visa_required,
ML,BB,visa_free,180
ML,BD,visa_on_arrival,
ML,BE,visa_required,
ML,BF,visa_free,
ML,BG,visa_required,
ML,BH,e_visa,
ML,BI,visa_on_arrival,
ML,BJ,visa_free,90
ML,BN,visa_required,
ML,BO,visa_on_arrival,
ML,BR,visa_required,
ML,BS,visa_free,90
ML,BT,e_visa,
ML,BW,e_visa,
ML,BY,visa_required,
ML,BZ,visa_required,
ML,CA,visa_required,
ML,CD,e_visa,
ML,CF,visa_required,
ML,CG,visa_required,
ML,CH,visa_required,
ML,CI,visa_free,90
ML,CL,visa_required,
ML,CM,visa_free,90
ML,CN,visa_required,
ML,CO,e_visa,
ML,CR,visa_required,
ML,CU,e_visa,
ML,CV,visa_free,
ML,CY,visa_required,
ML,CZ,visa_required,
ML,DE,visa_required,
ML,DJ,visa_on_arrival,
ML,DK,visa_required,
ML,DM,visa_free,21
ML,DO,visa_required,
ML,DZ,visa_free,90
ML,EC,e_visa,
ML,EE,visa_required,
ML,EG,visa_required,
ML,ER,visa_required,
ML,ES,visa_required,
ML,ET,visa_on_arrival,
ML,FI,visa_required,
ML,FJ,visa_required,
ML,FM,visa_free,30
ML,FR,visa_required,
ML,GA,e_visa,
ML,GB,visa_required,
ML,GD,visa_required,
ML,GE,e_visa,
ML,GH,visa_free,
ML,GM,visa_free,90
ML,GN,visa_free,
ML,GQ,e_visa,
ML,GR,visa_required,
ML,GT,visa_required,
ML,GW,visa_free,
ML,GY,visa_required,
ML,HK,visa_free,14
ML,HN,visa_required,
ML,HR,visa_required,
ML,HT,visa_free,90
ML,HU,visa_required,
ML,ID,e_visa,
ML,IE,visa_required,
ML,IL,visa_required,
ML,IN,e_visa,
ML,IQ,e_visa,
ML,IR,visa_on_arrival,
ML,IS,visa_required,
ML,IT,visa_required,
ML,JM,visa_required,
ML,JO,visa_required,
ML,JP,visa_required,
ML,KE,eta,
ML,KG,e_visa,
ML,KH,visa_on_arrival,
ML,KI,visa_required,
ML,KM,visa_on_arrival,
ML,KN,e_visa,
ML,KP,visa_required,
ML,KR,e_visa,
ML,KW,visa_required,
ML,KZ,e_visa,
ML,LA,visa_on_arrival,
ML,LB,visa_required,
ML,LC,visa_on_arrival,
ML,LI,visa_required,
ML,LK,visa_on_arrival,
ML,LR,visa_free,
ML,LS,e_visa,
ML,LT,visa_required,
ML,LU,visa_required,
ML,LV,visa_required,
ML,LY,e_visa,
ML,MA,eta,
ML,MC,visa_required,
ML,MD,e_visa,
ML,ME,visa_required,
ML,MG,visa_on_arrival,
ML,MH,visa_required,
ML,MK,visa_required,
ML,MM,visa_required,
ML,MN,visa_required,
ML,MO,visa_free,90
ML,MR,visa_free,90
ML,MT,visa_required,
ML,MU,visa_required,
ML,MV,visa_on_arrival,
ML,MW,e_visa,
ML,MX,visa_required,
ML,MY,e_visa,
ML,MZ,visa_on_arrival,
ML,NA,visa_required,
ML,NE,visa_free,
ML,NG,visa_free,
ML,NI,visa_required,
ML,NL,visa_required,
ML,NO,visa_required,
ML,NP,visa_on_arrival,
ML,NR,visa_required,
ML,NZ,visa_required,
ML,OM,e_visa,
ML,PA,visa_required,
ML,PE,visa_required,
ML,PG,e_visa,
ML,PH,visa_free,30
ML,PK,e_visa,
ML,PL,visa_required,
ML,PS,visa_required,
ML,PT,visa_required,
ML,PW,visa_on_arrival,
ML,PY,visa_required,
ML,QA,e_visa,
ML,RO,visa_required,
ML,RS,visa_required,
ML,RU,visa_required,
ML,RW,visa_free,30
ML,SA,visa_required,
ML,SB,visa_required,
ML,SC,visa_free,90
ML,SD,visa_required,
ML,SE,visa_required,
ML,SG,e_visa,
ML,SI,visa_required,
ML,SK,visa_required,
ML,SL,visa_free,
ML,SM,visa_required,
ML,SN,visa_free,90
ML,SO,e_visa,
ML,SR,visa_required,
ML,SS,e_visa,
ML,ST,e_visa,
ML,SV,e_visa,
ML,SY,e_visa,
ML,SZ,visa_required,
ML,TD,visa_free,90
ML,TG,visa_free,
ML,TH,visa_required,
ML,TJ,e_visa,
ML,TL,visa_on_arrival,
ML,TM,visa_required,
ML,TN,visa_free,
ML,TO,visa_required,
ML,TR,visa_required,
ML,TT,visa_required,
ML,TV,visa_on_arrival,
ML,TW,visa_required,
ML,TZ,e_visa,
ML,UA,visa_required,
ML,UG,e_visa,
ML,US,visa_required,
ML,UY,visa_required,
ML,UZ,visa_required,
ML,VA,visa_required,
ML,VC,visa_free,90
ML,VE,visa_required,
ML,VN,e_visa,
ML,VU,visa_required,
ML,WS,visa_on_arrival,
ML,XK,visa_required,
ML,YE,visa_required,
ML,ZA,e_visa,
ML,ZM,e_visa,
ML,ZW,e_visa,
MM,AD,visa_required,
MM,AE,e_visa,
MM,AF,visa_required,
MM,AG,e_visa,
MM,AL,e_visa,
MM,AM,e_visa,
MM,AO,visa_required,
MM,AR,visa_required,
MM,AT,visa_required,
MM,AU,e_visa,
MM,AZ,visa_required,
MM,BA,visa_required,
MM,BB,visa_required,
MM,BD,visa_required,
MM,BE,visa_required,
MM,BF,e_visa,
MM,BG,visa_required,
MM,BH,e_visa,
MM,BI,visa_on_arrival,
MM,BJ,e_visa,
MM,BN,visa_free,14
MM,BO,visa_on_arrival,
MM,BR,visa_required,
MM,BS,e_visa,
MM,BT,e_visa,
MM,BW,e_visa,
MM,BY,visa_required,
MM,BZ,visa_required,
MM,CA,visa_required,
MM,CD,e_visa,
MM,CF,visa_required,
MM,CG,visa_required,
MM,CH,visa_required,
MM,CI,eta,
MM,CL,visa_required,
MM,CM,e_visa,
MM,CN,visa_required,
MM,CO,e_visa,
MM,CR,visa_required,
MM,CU,e_visa,
MM,CV,visa_on_arrival,
MM,CY,visa_required,
MM,CZ,visa_required,
MM,DE,visa_required,
MM,DJ,visa_on_arrival,
MM,DK,visa_required,
MM,DM,visa_free,21
MM,DO,visa_required,
MM,DZ,visa_required,
MM,EC,e_visa,
MM,EE,visa_required,
MM,EG,visa_required,
MM,ER,visa_required,
MM,ES,visa_required,
MM,ET,e_visa,
MM,FI,visa_required,
MM,FJ,visa_required,
MM,FM,visa_free,30
MM,FR,visa_required,
MM,GA,e_visa,
MM,GB,visa_required,
MM,GD,visa_required,
MM,GE,e_visa,
MM,GH,visa_on_arrival,
MM,GM,visa_required,
MM,GN,e_visa,
MM,GQ,e_visa,
MM,GR,visa_required,
MM,GT,visa_required,
MM,GW,visa_on_arrival,
MM,GY,visa_required,
MM,HK,e_visa,
MM,HN,visa_required,
MM,HR,visa_required,
MM,HT,visa_free,90
MM,HU,visa_required,
MM,ID,visa_free,30
MM,IE,visa_required,
MM,IL,visa_required,
MM,IN,e_visa,
MM,IQ,e_visa,
MM,IR,visa_on_arrival,
MM,IS,visa_required,
MM,IT,visa_required,
MM,JM,visa_required,
MM,JO,visa_on_arrival,
MM,JP,visa_required,
MM,KE,eta,
MM,KG,e_visa,
MM,KH,visa_on_arrival,
MM,KI,visa_required,
MM,KM,visa_on_arrival,
MM,KN,e_visa,
MM,KP,visa_required,
MM,KR,e_visa,
MM,KW,visa_required,
MM,KZ,e_visa,
MM,LA,visa_free,14
MM,LB,visa_required,
MM,LC,visa_required,
MM,LI,visa_required,
MM,LK,visa_on_arrival,
MM,LR,visa_required,
MM,LS,e_visa,
MM,LT,visa_required,
MM,LU,visa_required,
MM,LV,visa_required,
MM,LY,e_visa,
MM,MA,visa_required,
MM,MC,visa_required,
MM,MD,e_visa,
MM,ME,visa_required,
MM,MG,visa_on_arrival,
MM,MH,visa_on_arrival,
MM,MK,visa_required,
MM,ML,visa_required,
MM,MN,e_visa,
MM,MO,visa_on_arrival,
MM,MR,visa_on_arrival,
MM,MT,visa_required,
MM,MU,visa_on_arrival,
MM,MV,visa_on_arrival,
MM,MW,visa_on_arrival,
MM,MX,visa_required,
MM,MY,e_visa,
MM,MZ,visa_on_arrival,
MM,NA,visa_required,
MM,NE,visa_required,
MM,NG,e_visa,
MM,NI,visa_on_arrival,
MM,NL,visa_required,
MM,NO,visa_required,
MM,NP,visa_on_arrival,
MM,NR,visa_required,
MM,NZ,visa_required,
MM,OM,e_visa,
MM,PA,visa_required,
MM,PE,visa_required,
MM,PG,e_visa,
MM,PH,visa_free,30
MM,PK,e_visa,
MM,PL,visa_required,
MM,PS,visa_required,
MM,PT,visa_required,
MM,PW,visa_required,
MM,PY,visa_required,
MM,QA,e_visa,
MM,RO,visa_required,
MM,RS,visa_required,
MM,RU,e_visa,
MM,RW,visa_on_arrival,
MM,SA,visa_required,
MM,SB,visa_required,
MM,SC,visa_free,90
MM,SD,visa_required,
MM,SE,visa_required,
MM,SG,visa_free,30
MM,SI,visa_required,
MM,SK,visa_required,
MM,SL,e_visa,
MM,SM,visa_required,
MM,SN,visa_required,
MM,SO,e_visa,
MM,SR,visa_required,
MM,SS,e_visa,
MM,ST,e_visa,
MM,SV,e_visa,
MM,SY,e_visa,
MM,SZ,visa_required,
MM,TD,visa_required,
MM,TG,e_visa,
MM,TH,visa_free,14
MM,TJ,e_visa,
MM,TL,visa_on_arrival,
MM,TM,visa_required,
MM,TN,visa_required,
MM,TO,visa_required,
MM,TR,visa_required,
MM,TT,visa_required,
MM,TV,visa_on_arrival,
MM,TW,eta,
MM,TZ,visa_on_arrival,
MM,UA,visa_required,
MM,UG,e_visa,
MM,US,visa_required,
MM,UY,visa_required,
MM,UZ,visa_required,
MM,VA,visa_required,
MM,VC,visa_free,90
MM,VE,visa_required,
MM,VN,visa_free,30
MM,VU,visa_required,
MM,WS,visa_on_arrival,
MM,XK,visa_required,
MM,YE,visa_required,
MM,ZA,visa_required,
MM,ZM,visa_on_arrival,
MM,ZW,e_visa,
MN,AD,visa_required,
MN,AE,visa_free,30
MN,AF,visa_required,
MN,AG,e_visa,
MN,AL,e_visa,
MN,AM,e_visa,
MN,AO,visa_required,
MN,AR,visa_free,90
MN,AT,visa_required,
MN,AU,e_visa,
MN,AZ,e_visa,
MN,BA,visa_required,
MN,BB,visa_free,90
MN,BD,visa_on_arrival,
MN,BE,visa_required,
MN,BF,e_visa,
MN,BG,visa_required,
MN,BH,e_visa,
MN,BI,visa_on_arrival,
MN,BJ,e_visa,
MN,BN,visa_required,
MN,BO,visa_on_arrival,
MN,BR,visa_free,90
MN,BS,e_visa,
MN,BT,e_visa,
MN,BW,e_visa,
MN,BY,visa_free,90
MN,BZ,visa_required,
MN,CA,visa_required,
MN,CD,e_visa,
MN,CF,visa_required,
MN,CG,visa_required,
MN,CH,visa_required,
MN,CI,eta,
MN,CL,visa_free,90
MN,CM,e_visa,
MN,CN,visa_free,30
MN,CO,e_visa,
MN,CR,visa_required,
MN,CU,visa_free,30
MN,CV,visa_on_arrival,
MN,CY,visa_required,
MN,CZ,visa_required,
MN,DE,visa_required,
MN,DJ,visa_on_arrival,
MN,DK,visa_required,
MN,DM,visa_free,21
MN,DO,visa_required,
MN,DZ,visa_required,
MN,EC,visa_free,90
MN,EE,visa_required,
MN,EG,visa_on_arrival,
MN,ER,visa_required,
MN,ES,visa_required,
MN,ET,e_visa,
MN,FI,visa_required,
MN,FJ,visa_required,
MN,FM,visa_free,30
MN,FR,visa_required,
MN,GA,e_visa,
MN,GB,visa_required,
MN,GD,visa_required,
MN,GE,e_visa,
MN,GH,visa_on_arrival,
MN,GM,visa_required,
MN,GN,e_visa,
MN,GQ,e_visa,
MN,GR,visa_required,
MN,GT,visa_required,
MN,GW,visa_on_arrival,
MN,GY,visa_required,
MN,HK,visa_free,14
MN,HN,visa_required,
MN,HR,visa_required,
MN,HT,visa_free,90
MN,HU,visa_required,
MN,ID,visa_on_arrival,
MN,IE,visa_required,
MN,IL,visa_free,90
MN,IN,e_visa,
MN,IQ,e_visa,
MN,IR,visa_on_arrival,
MN,IS,visa_required,
MN,IT,visa_required,
MN,JM,visa_required,
MN,JO,visa_required,
MN,JP,e_visa,
MN,KE,eta,
MN,KG,visa_free,90
MN,KH,visa_on_arrival,
MN,KI,visa_required,
MN,KM,visa_on_arrival,
MN,KN,e_visa,
MN,KP,visa_required,
MN,KR,e_visa,
MN,KW,visa_required,
MN,KZ,visa_free,90
MN,LA,visa_free,30
MN,LB,visa_required,
MN,LC,visa_on_arrival,
MN,LI,visa_required,
MN,LK,visa_on_arrival,
MN,LR,visa_required,
MN,LS,e_visa,
MN,LT,visa_required,
MN,LU,visa_required,
MN,LV,visa_required,
MN,LY,e_visa,
MN,MA,visa_required,
MN,MC,visa_required,
MN,MD,e_visa,
MN,ME,visa_required,
MN,MG,visa_on_arrival,
MN,MH,visa_on_arrival,
MN,MK,visa_required,
MN,ML,visa_required,
MN,MM,e_visa,
MN,MO,visa_free,90
MN,MR,visa_on_arrival,
MN,MT,visa_required,
MN,MU,visa_on_arrival,
MN,MV,visa_free,30
MN,MW,visa_on_arrival,
MN,MX,visa_required,
MN,MY,visa_free,30
MN,MZ,visa_on_arrival,
MN,NA,visa_required,
MN,NE,visa_required,
MN,NG,e_visa,
MN,NI,visa_required,
MN,NL,visa_required,
MN,NO,visa_required,
MN,NP,visa_on_arrival,
MN,NR,visa_required,
MN,NZ,visa_required,
MN,OM,e_visa,
MN,PA,visa_free,90
MN,PE,visa_free,90
MN,PG,e_visa,
MN,PH,visa_free,30
MN,PK,e_visa,
MN,PL,visa_required,
MN,PS,visa_free,
MN,PT,visa_required,
MN,PW,visa_on_arrival,
MN,PY,visa_free,90
MN,QA,e_visa,
MN,RO,visa_required,
MN,RS,visa_free,90
MN,RU,visa_free,30
MN,RW,visa_on_arrival,
MN,SA,visa_required,
MN,SB,visa_required,
MN,SC,visa_free,90
MN,SD,visa_required,
MN,SE,visa_required,
MN,SG,visa_free,30
MN,SI,visa_required,
MN,SK,visa_required,
MN,SL,e_visa,
MN,SM,visa_required,
MN,SN,visa_required,
MN,SO,e_visa,
MN,SR,visa_required,
MN,SS,e_visa,
MN,ST,e_visa,
MN,SV,e_visa,
MN,SY,e_visa,
MN,SZ,visa_required,
MN,TD,visa_required,
MN,TG,e_visa,
MN,TH,visa_free,60
MN,TJ,visa_free,30
MN,TL,visa_on_arrival,
MN,TM,visa_required,
MN,TN,visa_required,
MN,TO,visa_required,
MN,TR,visa_free,30
MN,TT,visa_required,
MN,TV,visa_on_arrival,
MN,TW,visa_required,
MN,TZ,visa_on_arrival,
MN,UA,visa_required,
MN,UG,e_visa,
MN,US,visa_required,
MN,UY,visa_free,30
MN,UZ,visa_free,30
MN,VA,visa_required,
MN,VC,visa_free,90
MN,VE,visa_required,
MN,VN,visa_free,30
MN,VU,visa_required,
MN,WS,visa_on_arrival,
MN,XK,visa_required,
MN,YE,visa_required,
MN,ZA,visa_required,
MN,ZM,visa_on_arrival,
MN,ZW,e_visa,
MO,AD,visa_free,90
MO,AE,visa_free,30
MO,AF,visa_required,
MO,AG,visa_free,30
MO,AL,visa_free,90
MO,AM,visa_free,90
MO,AO,visa_required,
MO,AR,visa_free,90
MO,AT,visa_free,90
MO,AU,e_visa,
MO,AZ,e_visa,
MO,BA,visa_free,90
MO,BB,visa_free,30
MO,BD,visa_required,
MO,BE,visa_free,90
MO,BF,e_visa,
MO,BG,visa_free,90
MO,BH,visa_on_arrival,
MO,BI,visa_on_arrival,
MO,BJ,e_visa,
MO,BN,visa_free,14
MO,BO,visa_on_arrival,
MO,BR,visa_free,90
MO,BS,e_visa,
MO,BT,e_visa,
MO,BW,e_visa,
MO,BY,visa_free,30
MO,BZ,visa_required,
MO,CA,visa_required,
MO,CD,e_visa,
MO,CF,visa_required,
MO,CG,visa_required,
MO,CH,visa_free,90
MO,CI,eta,
MO,CL,visa_free,90
MO,CM,e_visa,
MO,CN,visa_free,
MO,CO,e_visa,
MO,CR,visa_required,
MO,CU,e_visa,
MO,CV,visa_free,90
MO,CY,visa_free,90
MO,CZ,visa_free,90
MO,DE,visa_free,90
MO,DJ,visa_on_arrival,
MO,DK,visa_free,90
MO,DM,visa_free,180
MO,DO,visa_free,
MO,DZ,visa_required,
MO,EC,visa_free,90
MO,EE,visa_free,90
MO,EG,visa_free,90
MO,ER,visa_required,
MO,ES,visa_free,90
MO,ET,e_visa,
MO,FI,visa_free,90
MO,FJ,visa_free,120
MO,FM,visa_free,30
MO,FR,visa_free,90
MO,GA,e_visa,
MO,GB,eta,
MO,GD,visa_free,90
MO,GE,visa_free,30
MO,GH,visa_on_arrival,
MO,GM,visa_required,
MO,GN,e_visa,
MO,GQ,e_visa,
MO,GR,visa_free,90
MO,GT,visa_required,
MO,GW,visa_on_arrival,
MO,GY,visa_required,
MO,HK,visa_free,7
MO,HN,visa_required,
MO,HR,visa_free,90
MO,HT,visa_free,90
MO,HU,visa_free,90
MO,ID,e_visa,
MO,IE,visa_free,90
MO,IL,visa_free,90
MO,IN,visa_required,
MO,IQ,e_visa,
MO,IR,visa_free,21
MO,IS,visa_free,90
MO,IT,visa_free,90
MO,JM,visa_required,
MO,JO,visa_on_arrival,
MO,JP,visa_free,90
MO,KE,eta,
MO,KG,visa_free,30
MO,KH,visa_on_arrival,
MO,KI,visa_free,90
MO,KM,visa_on_arrival,
MO,KN,visa_free,31
MO,KP,visa_required,
MO,KR,visa_free,90
MO,KW,visa_required,
MO,KZ,visa_free,14
MO,LA,visa_on_arrival,
MO,LB,visa_on_arrival,
MO,LC,visa_on_arrival,
MO,LI,visa_free,90
MO,LK,visa_on_arrival,
MO,LR,visa_required,
MO,LS,e_visa,
MO,LT,visa_free,90
MO,LU,visa_free,90
MO,LV,visa_free,90
MO,LY,e_visa,
MO,MA,visa_free,90
MO,MC,visa_free,90
MO,MD,visa_free,90
MO,ME,visa_free,90
MO,MG,visa_on_arrival,
MO,MH,visa_required,
MO,MK,visa_free,90
MO,ML,visa_free,90
MO,MM,e_visa,
MO,MN,visa_free,90
MO,MR,visa_on_arrival,
MO,MT,visa_free,90
MO,MU,visa_free,90
MO,MV,visa_on_arrival,
MO,MW,visa_on_arrival,
MO,MX,visa_free,180
MO,MY,visa_free,30
MO,MZ,visa_on_arrival,
MO,NA,visa_free,90
MO,NE,visa_required,
MO,NG,e_visa,
MO,NI,visa_free,90
MO,NL,visa_free,90
MO,NO,visa_free,90
MO,NP,visa_on_arrival,
MO,NR,visa_required,
MO,NZ,eta,
MO,OM,visa_on_arrival,
MO,PA,visa_required,
MO,PE,visa_required,
MO,PG,eta,
MO,PH,visa_free,14
MO,PK,visa_required,
MO,PL,visa_free,90
MO,PS,visa_free,
MO,PT,visa_free,90
MO,PW,visa_on_arrival,
MO,PY,visa_required,
MO,QA,visa_on_arrival,
MO,RO,visa_free,90
MO,RS,visa_free,90
MO,RU,visa_free,30
MO,RW,visa_on_arrival,
MO,SA,visa_on_arrival,
MO,SB,visa_required,
MO,SC,visa_free,90
MO,SD,visa_required,
MO,SE,visa_free,90
MO,SG,visa_free,30
MO,SI,visa_free,90
MO,SK,visa_free,90
MO,SL,visa_on_arrival,
MO,SM,visa_free,90
MO,SN,visa_required,
MO,SO,e_visa,
MO,SR,visa_required,
MO,SS,e_visa,
MO,ST,e_visa,
MO,SV,e_visa,
MO,SY,e_visa,
MO,SZ,visa_required,
MO,TD,visa_required,
MO,TG,e_visa,
MO,TH,visa_free,60
MO,TJ,e_visa,
MO,TL,visa_on_arrival,
MO,TM,visa_required,
MO,TN,visa_required,
MO,TO,visa_on_arrival,
MO,TR,visa_free,30
MO,TT,visa_required,
MO,TV,visa_on_arrival,
MO,TW,visa_on_arrival,
MO,TZ,visa_free,90
MO,UA,visa_required,
MO,UG,e_visa,
MO,US,visa_required,
MO,UY,visa_free,90
MO,UZ,visa_free,10
MO,VA,visa_free,90
MO,VC,visa_free,90
MO,VE,visa_required,
MO,VN,e_visa,
MO,VU,visa_free,120
MO,WS,visa_free,30
MO,XK,visa_free,90
MO,YE,visa_required,
MO,ZA,visa_free,30
MO,ZM,e_visa,
MO,ZW,visa_on_arrival,
MR,AD,visa_required,
MR,AE,e_visa,
MR,AF,visa_required,
MR,AG,e_visa,
MR,AL,e_visa,
MR,AM,visa_required,
MR,AO,visa_required,
MR,AR,visa_required,
MR,AT,visa_required,
MR,AU,e_visa,
MR,AZ,visa_required,
MR,BA,visa_required,
MR,BB,visa_free,180
MR,BD,visa_on_arrival,
MR,BE,visa_required,
MR,BF,visa_free,90
MR,BG,visa_required,
MR,BH,e_visa,
MR,BI,visa_on_arrival,
MR,BJ,visa_free,90
MR,BN,visa_required,
MR,BO,visa_on_arrival,
MR,BR,visa_required,
MR,BS,e_visa,
MR,BT,e_visa,
MR,BW,e_visa,
MR,BY,visa_required,
MR,BZ,visa_required,
MR,CA,visa_required,
MR,CD,e_visa,
MR,CF,visa_required,
MR,CG,visa_on_arrival,
MR,CH,visa_required,
MR,CI,visa_free,90
MR,CL,visa_required,
MR,CM,e_visa,
MR,CN,visa_required,
MR,CO,e_visa,
MR,CR,visa_required,
MR,CU,e_visa,
MR,CV,visa_free,
MR,CY,visa_required,
MR,CZ,visa_required,
MR,DE,visa_required,
MR,DJ,visa_on_arrival,
MR,DK,visa_required,
MR,DM,visa_free,21
MR,DO,visa_required,
MR,DZ,visa_free,90
MR,EC,e_visa,
MR,EE,visa_required,
MR,EG,visa_required,
MR,ER,visa_required,
MR,ES,visa_required,
MR,ET,visa_on_arrival,
MR,FI,visa_required,
MR,FJ,visa_required,
MR,FM,visa_free,30
MR,FR,visa_required,
MR,GA,e_visa,
MR,GB,visa_required,
MR,GD,visa_required,
MR,GE,e_visa,
MR,GH,visa_on_arrival,
MR,GM,visa_free,90
MR,GN,e_visa,
MR,GQ,e_visa,
MR,GR,visa_required,
MR,GT,visa_required,
MR,GW,visa_on_arrival,
MR,GY,visa_required,
MR,HK,visa_free,14
MR,HN,visa_required,
MR,HR,visa_required,
MR,HT,visa_free,90
MR,HU,visa_required,
MR,ID,e_visa,
MR,IE,visa_required,
MR,IL,visa_required,
MR,IN,visa_required,
MR,IQ,e_visa,
MR,IR,visa_free,15
MR,IS,visa_required,
MR,IT,visa_required,
MR,JM,visa_required,
MR,JO,visa_required,
MR,JP,visa_required,
MR,KE,eta,
MR,KG,e_visa,
MR,KH,visa_on_arrival,
MR,KI,visa_required,
MR,KM,visa_on_arrival,
MR,KN,e_visa,
MR,KP,visa_required,
MR,KR,e_visa,
MR,KW,visa_required,
MR,KZ,e_visa,
MR,LA,visa_on_arrival,
MR,LB,visa_on_arrival,
MR,LC,visa_on_arrival,
MR,LI,visa_required,
MR,LK,visa_on_arrival,
MR,LR,visa_required,
MR,LS,e_visa,
MR,LT,visa_required,
MR,LU,visa_required,
MR,LV,visa_required,
MR,LY,e_visa,
MR,MA,visa_required,
MR,MC,visa_required,
MR,MD,e_visa,
MR,ME,visa_required,
MR,MG,visa_on_arrival,
MR,MH,visa_required,
MR,MK,visa_required,
MR,ML,visa_free,90
MR,MM,visa_required,
MR,MN,e_visa,
MR,MO,visa_on_arrival,
MR,MT,visa_required,
MR,MU,visa_on_arrival,
MR,MV,visa_on_arrival,
MR,MW,e_visa,
MR,MX,visa_required,
MR,MY,visa_free,30
MR,MZ,visa_on_arrival,
MR,NA,visa_on_arrival,
MR,NE,visa_free,90
MR,NG,visa_on_arrival,
MR,NI,visa_on_arrival,
MR,NL,visa_required,
MR,NO,visa_required,
MR,NP,visa_on_arrival,
MR,NR,visa_required,
MR,NZ,visa_required,
MR,OM,e_visa,
MR,PA,visa_required,
MR,PE,visa_required,
MR,PG,e_visa,
MR,PH,visa_free,30
MR,PK,e_visa,
MR,PL,visa_required,
MR,PS,visa_required,
MR,PT,visa_required,
MR,PW,visa_on_arrival,
MR,PY,visa_required,
MR,QA,e_visa,
MR,RO,visa_required,
MR,RS,visa_required,
MR,RU,visa_required,
MR,RW,visa_free,30
MR,SA,visa_required,
MR,SB,visa_required,
MR,SC,visa_free,90
MR,SD,visa_required,
MR,SE,visa_required,
MR,SG,visa_free,30
MR,SI,visa_required,
MR,SK,visa_required,
MR,SL,visa_free,90
MR,SM,visa_required,
MR,SN,visa_free,90
MR,SO,e_visa,
MR,SR,visa_required,
MR,SS,e_visa,
MR,ST,e_visa,
MR,SV,e_visa,
MR,SY,visa_free,
MR,SZ,visa_required,
MR,TD,visa_free,90
MR,TG,e_visa,
MR,TH,visa_required,
MR,TJ,e_visa,
MR,TL,visa_on_arrival,
MR,TM,visa_required,
MR,TN,visa_free,
MR,TO,visa_required,
MR,TR,visa_required,
MR,TT,visa_required,
MR,TV,visa_on_arrival,
MR,TW,visa_required,
MR,TZ,e_visa,
MR,UA,visa_required,
MR,UG,e_visa,
MR,US,visa_required,
MR,UY,visa_required,
MR,UZ,visa_required,
MR,VA,visa_required,
MR,VC,visa_free,90
MR,VE,visa_required,
MR,VN,e_visa,
MR,VU,visa_required,
MR,WS,visa_on_arrival,
MR,XK,visa_required,
MR,YE,visa_required,
MR,ZA,visa_required,
MR,ZM,e_visa,
MR,ZW,e_visa,
MT,AD,visa_free,
MT,AE,visa_free,90
MT,AF,visa_required,
MT,AG,visa_free,180
MT,AL,visa_free,90
MT,AM,visa_free,180
MT,AO,visa_free,30
MT,AR,visa_free,90
MT,AT,freedom_of_movement,
MT,AU,eta,
MT,AZ,e_visa,
MT,BA,visa_free,90
MT,BB,visa_free,90
MT,BD,visa_on_arrival,
MT,BE,freedom_of_movement,
MT,BF,visa_on_arrival,
MT,BG,freedom_of_movement,
MT,BH,visa_on_arrival,
MT,BI,visa_on_arrival,
MT,BJ,e_visa,
MT,BN,visa_free,90
MT,BO,visa_on_arrival,
MT,BR,visa_free,90
MT,BS,visa_free,90
MT,BT,e_visa,
MT,BW,visa_free,90
MT,BY,visa_free,30
MT,BZ,visa_free,
MT,CA,eta,
MT,CD,e_visa,
MT,CF,visa_required,
MT,CG,visa_required,
MT,CH,freedom_of_movement,
MT,CI,eta,
MT,CL,visa_free,90
MT,CM,e_visa,
MT,CN,visa_free,30
MT,CO,visa_free,90
MT,CR,visa_free,180
MT,CU,e_visa,
MT,CV,visa_free,30
MT,CY,freedom_of_movement,
MT,CZ,freedom_of_movement,
MT,DE,freedom_of_movement,
MT,DJ,visa_on_arrival,
MT,DK,freedom_of_movement,
MT,DM,visa_free,180
MT,DO,visa_free,
MT,DZ,visa_required,
MT,EC,visa_free,90
MT,EE,freedom_of_movement,
MT,EG,visa_on_arrival,
MT,ER,visa_required,
MT,ES,freedom_of_movement,
MT,ET,visa_on_arrival,
MT,FI,freedom_of_movement,
MT,FJ,visa_free,120
MT,FM,visa_free,90
MT,FR,freedom_of_movement,
MT,GA,e_visa,
MT,GB,visa_free,180
MT,GD,visa_free,90
MT,GE,visa_free,360
MT,GH,visa_on_arrival,
MT,GM,visa_free,90
MT,GN,e_visa,
MT,GQ,e_visa,
MT,GR,freedom_of_movement,
MT,GT,visa_free,90
MT,GW,visa_on_arrival,
MT,GY,visa_required,
MT,HK,visa_free,90
MT,HN,visa_free,90
MT,HR,freedom_of_movement,
MT,HT,visa_free,90
MT,HU,freedom_of_movement,
MT,ID,visa_on_arrival,
MT,IE,freedom_of_movement,
MT,IL,visa_free,90
MT,IN,e_visa,
MT,IQ,visa_on_arrival,
MT,IR,visa_on_arrival,
MT,IS,freedom_of_movement,
MT,IT,freedom_of_movement,
MT,JM,visa_free,
MT,JO,visa_on_arrival,
MT,JP,visa_free,90
MT,KE,eta,
MT,KG,visa_free,60
MT,KH,visa_on_arrival,
MT,KI,visa_required,
MT,KM,visa_on_arrival,
MT,KN,visa_free,90
MT,KP,visa_required,
MT,KR,visa_free,90
MT,KW,visa_on_arrival,
MT,KZ,visa_free,30
MT,LA,visa_on_arrival,
MT,LB,visa_on_arrival,
MT,LC,visa_free,90
MT,LI,freedom_of_movement,
MT,LK,visa_on_arrival,
MT,LR,visa_required,
MT,LS,visa_required,
MT,LT,freedom_of_movement,
MT,LU,freedom_of_movement,
MT,LV,freedom_of_movement,
MT,LY,e_visa,
MT,MA,visa_free,90
MT,MC,visa_free,
MT,MD,visa_free,90
MT,ME,visa_free,90
MT,MG,visa_on_arrival,
MT,MH,visa_free,90
MT,MK,visa_free,90
MT,ML,visa_required,
MT,MM,e_visa,
MT,MN,visa_free,30
MT,MO,visa_free,90
MT,MR,visa_on_arrival,
MT,MU,visa_free,90
MT,MV,visa_on_arrival,
MT,MW,visa_free,30
MT,MX,visa_free,180
MT,MY,visa_free,90
MT,MZ,visa_on_arrival,
MT,NA,visa_required,
MT,NE,visa_required,
MT,NG,e_visa,
MT,NI,visa_free,90
MT,NL,freedom_of_movement,
MT,NO,freedom_of_movement,
MT,NP,visa_on_arrival,
MT,NR,visa_required,
MT,NZ,eta,
MT,OM,visa_on_arrival,
MT,PA,visa_free,90
MT,PE,visa_free,90
MT,PG,eta,
MT,PH,visa_free,30
MT,PK,eta,
MT,PL,freedom_of_movement,
MT,PS,visa_free,
MT,PT,freedom_of_movement,
MT,PW,visa_free,90
MT,PY,visa_free,90
MT,QA,visa_on_arrival,
MT,RO,freedom_of_movement,
MT,RS,visa_free,90
MT,RU,e_visa,
MT,RW,visa_free,30
MT,SA,visa_on_arrival,
MT,SB,visa_free,90
MT,SC,visa_free,90
MT,SD,visa_required,
MT,SE,freedom_of_movement,
MT,SG,visa_free,90
MT,SI,freedom_of_movement,
MT,SK,freedom_of_movement,
MT,SL,visa_on_arrival,
MT,SM,visa_free,
MT,SN,visa_free,90
MT,SO,visa_on_arrival,
MT,SR,visa_required,
MT,SS,e_visa,
MT,ST,visa_free,15
MT,SV,visa_free,180
MT,SY,e_visa,
MT,SZ,visa_free,30
MT,TD,visa_required,
MT,TG,e_visa,
MT,TH,visa_free,60
MT,TJ,visa_free,30
MT,TL,visa_free,90
MT,TM,visa_required,
MT,TN,visa_free,90
MT,TO,visa_free,90
MT,TR,visa_free,90
MT,TT,visa_free,90
MT,TV,visa_free,90
MT,TW,visa_free,90
MT,TZ,visa_free,90
MT,UA,visa_free,90
MT,UG,visa_free,90
MT,US,eta,
MT,UY,visa_free,90
MT,UZ,visa_free,30
MT,VA,visa_free,
MT,VC,visa_free,90
MT,VE,visa_free,90
MT,VN,e_visa,
MT,VU,visa_free,120
MT,WS,visa_free,90
MT,XK,visa_free,90
MT,YE,visa_required,
MT,ZA,visa_free,90
MT,ZM,visa_free,90
MT,ZW,visa_free,90
MU,AD,visa_free,90
MU,AE,visa_free,30
MU,AF,visa_required,
MU,AG,visa_free,180
MU,AL,visa_free,90
MU,AM,visa_required,
MU,AO,visa_free,30
MU,AR,visa_required,
MU,AT,visa_free,90
MU,AU,e_visa,
MU,AZ,e_visa,
MU,BA,visa_free,90
MU,BB,visa_free,180
MU,BD,visa_required,
MU,BE,visa_free,90
MU,BF,e_visa,
MU,BG,visa_free,90
MU,BH,e_visa,
MU,BI,visa_on_arrival,
MU,BJ,visa_free,90
MU,BN,visa_required,
MU,BO,visa_on_arrival,
MU,BR,visa_required,
MU,BS,visa_free,90
MU,BT,e_visa,
MU,BW,visa_free,90
MU,BY,visa_required,
MU,BZ,visa_free,
MU,CA,visa_required,
MU,CD,visa_on_arrival,
MU,CF,visa_required,
MU,CG,visa_required,
MU,CH,visa_free,90
MU,CI,eta,
MU,CL,visa_free,90
MU,CM,e_visa,
MU,CN,visa_free,60
MU,CO,e_visa,
MU,CR,visa_free,30
MU,CU,e_visa,
MU,CV,visa_on_arrival,
MU,CY,visa_free,90
MU,CZ,visa_free,90
MU,DE,visa_free,90
MU,DJ,visa_on_arrival,
MU,DK,visa_free,90
MU,DM,visa_free,180
MU,DO,visa_free,
MU,DZ,visa_required,
MU,EC,visa_free,90
MU,EE,visa_free,90
MU,EG,visa_required,
MU,ER,visa_required,
MU,ES,visa_free,90
MU,ET,visa_on_arrival,
MU,FI,visa_free,90
MU,FJ,visa_free,120
MU,FM,visa_free,30
MU,FR,visa_free,90
MU,GA,visa_free,90
MU,GB,eta,
MU,GD,visa_free,90
MU,GE,visa_free,360
MU,GH,visa_free,60
MU,GM,visa_free,90
MU,GN,e_visa,
MU,GQ,e_visa,
MU,GR,visa_free,90
MU,GT,visa_required,
MU,GW,visa_on_arrival,
MU,GY,visa_required,
MU,HK,visa_free,90
MU,HN,visa_required,
MU,HR,visa_free,90
MU,HT,visa_free,90
MU,HU,visa_free,90
MU,ID,e_visa,
MU,IE,visa_required,
MU,IL,visa_free,90
MU,IN,e_visa,
MU,IQ,e_visa,
MU,IR,visa_free,15
MU,IS,visa_free,90
MU,IT,visa_free,90
MU,JM,visa_free,
MU,JO,visa_on_arrival,
MU,JP,visa_free,90
MU,KE,eta,
MU,KG,e_visa,
MU,KH,visa_on_arrival,
MU,KI,visa_free,90
MU,KM,visa_on_arrival,
MU,KN,visa_free,90
MU,KP,visa_required,
MU,KR,eta,
MU,KW,visa_required,
MU,KZ,e_visa,
MU,LA,visa_on_arrival,
MU,LB,visa_required,
MU,LC,visa_free,42
MU,LI,visa_free,90
MU,LK,visa_on_arrival,
MU,LR,visa_required,
MU,LS,visa_free,90
MU,LT,visa_free,90
MU,LU,visa_free,90
MU,LV,visa_free,90
MU,LY,e_visa,
MU,MA,visa_required,
MU,MC,visa_free,90
MU,MD,visa_free,90
MU,ME,visa_free,90
MU,MG,visa_on_arrival,
MU,MH,visa_on_arrival,
MU,MK,visa_free,90
MU,ML,visa_required,
MU,MM,e_visa,
MU,MN,e_visa,
MU,MO,visa_free,90
MU,MR,visa_on_arrival,
MU,MT,visa_free,90
MU,MV,visa_on_arrival,
MU,MW,visa_free,90
MU,MX,visa_required,
MU,MY,visa_free,30
MU,MZ,visa_free,
MU,NA,visa_free,90
MU,NE,visa_required,
MU,NG,visa_on_arrival,
MU,NI,visa_on_arrival,
MU,NL,visa_free,90
MU,NO,visa_free,90
MU,NP,visa_on_arrival,
MU,NR,visa_required,
MU,NZ,eta,
MU,OM,e_visa,
MU,PA,visa_free,90
MU,PE,visa_required,
MU,PG,eta,
MU,PH,visa_free,30
MU,PK,e_visa,
MU,PL,visa_free,90
MU,PS,visa_free,
MU,PT,visa_free,90
MU,PW,visa_on_arrival,
MU,PY,visa_required,
MU,QA,visa_on_arrival,
MU,RO,visa_free,90
MU,RS,visa_required,
MU,RU,visa_free,60
MU,RW,visa_free,90
MU,SA,visa_on_arrival,
MU,SB,visa_required,
MU,SC,visa_free,90
MU,SD,visa_required,
MU,SE,visa_free,90
MU,SG,visa_free,30
MU,SI,visa_free,90
MU,SK,visa_free,90
MU,SL,visa_on_arrival,
MU,SM,visa_free,90
MU,SN,visa_free,90
MU,SO,e_visa,
MU,SR,visa_required,
MU,SS,e_visa,
MU,ST,e_visa,
MU,SV,e_visa,
MU,SY,e_visa,
MU,SZ,visa_free,30
MU,TD,visa_required,
MU,TG,e_visa,
MU,TH,visa_free,60
MU,TJ,e_visa,
MU,TL,visa_on_arrival,
MU,TM,visa_required,
MU,TN,visa_free,90
MU,TO,visa_required,
MU,TR,visa_on_arrival,
MU,TT,visa_free,
MU,TV,visa_on_arrival,
MU,TW,e_visa,
MU,TZ,visa_free,90
MU,UA,visa_required,
MU,UG,visa_free,90
MU,US,visa_required,
MU,UY,visa_required,
MU,UZ,e_visa,
MU,VA,visa_free,90
MU,VC,visa_free,90
MU,VE,visa_required,
MU,VN,e_visa,
MU,VU,visa_free,120
MU,WS,visa_on_arrival,
MU,XK,visa_free,90
MU,YE,visa_required,
MU,ZA,visa_free,30
MU,ZM,visa_free,90
MU,ZW,visa_free,90
MV,AD,visa_required,
MV,AE,visa_free,90
MV,AF,visa_required,
MV,AG,visa_free,180
MV,AL,e_visa,
MV,AM,e_visa,
MV,AO,visa_required,
MV,AR,visa_required,
MV,AT,visa_required,
MV,AU,e_visa,
MV,AZ,e_visa,
MV,BA,visa_required,
MV,BB,visa_free,180
MV,BD,visa_free,90
MV,BE,visa_required,
MV,BF,e_visa,
MV,BG,visa_required,
MV,BH,e_visa,
MV,BI,visa_on_arrival,
MV,BJ,e_visa,
MV,BN,visa_free,14
MV,BO,visa_on_arrival,
MV,BR,visa_required,
MV,BS,visa_free,90
MV,BT,visa_free,14
MV,BW,visa_free,90
MV,BY,visa_required,
MV,BZ,visa_free,
MV,CA,visa_required,
MV,CD,e_visa,
MV,CF,visa_required,
MV,CG,visa_required,
MV,CH,visa_required,
MV,CI,eta,
MV,CL,visa_required,
MV,CM,e_visa,
MV,CN,visa_free,30
MV,CO,e_visa,
MV,CR,visa_free,30
MV,CU,e_visa,
MV,CV,visa_on_arrival,
MV,CY,visa_required,
MV,CZ,visa_required,
MV,DE,visa_required,
MV,DJ,visa_on_arrival,
MV,DK,visa_required,
MV,DM,visa_free,180
MV,DO,visa_required,
MV,DZ,visa_required,
MV,EC,visa_free,90
MV,EE,visa_required,
MV,EG,visa_required,
MV,ER,visa_required,
MV,ES,visa_required,
MV,ET,e_visa,
MV,FI,visa_required,
MV,FJ,visa_free,120
MV,FM,visa_free,30
MV,FR,visa_required,
MV,GA,e_visa,
MV,GB,eta,
MV,GD,visa_free,90
MV,GE,e_visa,
MV,GH,visa_on_arrival,
MV,GM,visa_free,90
MV,GN,e_visa,
MV,GQ,e_visa,
MV,GR,visa_required,
MV,GT,visa_required,
MV,GW,visa_on_arrival,
MV,GY,visa_free,30
MV,HK,visa_free,90
MV,HN,visa_required,
MV,HR,visa_required,
MV,HT,visa_free,90
MV,HU,visa_required,
MV,ID,visa_on_arrival,
MV,IE,visa_free,90
MV,IL,visa_required,
MV,IN,visa_free,90
MV,IQ,e_visa,
MV,IR,visa_on_arrival,
MV,IS,visa_required,
MV,IT,visa_required,
MV,JM,visa_free,
MV,JO,visa_on_arrival,
MV,JP,visa_required,
MV,KE,eta,
MV,KG,e_visa,
MV,KH,visa_on_arrival,
MV,KI,visa_free,90
MV,KM,visa_on_arrival,
MV,KN,visa_free,90
MV,KP,visa_required,
MV,KR,e_visa,
MV,KW,visa_required,
MV,KZ,visa_free,30
MV,LA,visa_on_arrival,
MV,LB,visa_required,
MV,LC,visa_free,42
MV,LI,visa_required,
MV,LK,visa_on_arrival,
MV,LR,visa_required,
MV,LS,visa_free,90
MV,LT,visa_required,
MV,LU,visa_required,
MV,LV,visa_required,
MV,LY,e_visa,
MV,MA,visa_free,30
MV,MC,visa_required,
MV,MD,e_visa,
MV,ME,visa_required,
MV,MG,visa_on_arrival,
MV,MH,visa_on_arrival,
MV,MK,visa_required,
MV,ML,visa_required,
MV,MM,e_visa,
MV,MN,visa_free,30
MV,MO,visa_on_arrival,
MV,MR,visa_on_arrival,
MV,MT,visa_required,
MV,MU,visa_free,90
MV,MW,visa_free,30
MV,MX,visa_required,
MV,MY,visa_free,90
MV,MZ,visa_on_arrival,
MV,NA,visa_required,
MV,NE,visa_required,
MV,NG,e_visa,
MV,NI,visa_on_arrival,
MV,NL,visa_required,
MV,NO,visa_required,
MV,NP,visa_on_arrival,
MV,NR,visa_required,
MV,NZ,visa_required,
MV,OM,e_visa,
MV,PA,visa_free,90
MV,PE,visa_required,
MV,PG,eta,
MV,PH,visa_free,30
MV,PK,visa_free,90
MV,PL,visa_required,
MV,PS,visa_free,
MV,PT,visa_required,
MV,PW,visa_on_arrival,
MV,PY,visa_required,
MV,QA,visa_on_arrival,
MV,RO,visa_required,
MV,RS,visa_required,
MV,RU,visa_free,90
MV,RW,visa_free,30
MV,SA,visa_on_arrival,
MV,SB,visa_on_arrival,
MV,SC,visa_free,90
MV,SD,visa_required,
MV,SE,visa_required,
MV,SG,visa_free,30
MV,SI,visa_required,
MV,SK,visa_required,
MV,SL,e_visa,
MV,SM,visa_required,
MV,SN,visa_required,
MV,SO,e_visa,
MV,SR,visa_required,
MV,SS,e_visa,
MV,ST,e_visa,
MV,SV,e_visa,
MV,SY,e_visa,
MV,SZ,visa_free,30
MV,TD,visa_required,
MV,TG,e_visa,
MV,TH,visa_free,60
MV,TJ,visa_free,30
MV,TL,visa_on_arrival,
MV,TM,visa_required,
MV,TN,visa_free,90
MV,TO,visa_required,
MV,TR,visa_on_arrival,
MV,TT,visa_free,
MV,TV,visa_on_arrival,
MV,TW,visa_required,
MV,TZ,visa_on_arrival,
MV,UA,visa_required,
MV,UG,e_visa,
MV,US,visa_required,
MV,UY,visa_required,
MV,UZ,e_visa,
MV,VA,visa_required,
MV,VC,visa_free,90
MV,VE,visa_free,90
MV,VN,e_visa,
MV,VU,visa_free,120
MV,WS,visa_on_arrival,
MV,XK,visa_free,90
MV,YE,visa_required,
MV,ZA,visa_free,30
MV,ZM,visa_free,90
MV,ZW,visa_free,90
MW,AD,visa_required,
MW,AE,e_visa,
MW,AF,visa_required,
MW,AG,visa_free,180
MW,AL,e_visa,
MW,AM,visa_required,
MW,AO,visa_free,30
MW,AR,visa_required,
MW,AT,visa_required,
MW,AU,e_visa,
MW,AZ,visa_required,
MW,BA,visa_required,
MW,BB,visa_free,180
MW,BD,visa_free,90
MW,BE,visa_required,
MW,BF,e_visa,
MW,BG,visa_required,
MW,BH,e_visa,
MW,BI,visa_on_arrival,
MW,BJ,visa_free,90
MW,BN,visa_required,
MW,BO,visa_on_arrival,
MW,BR,visa_required,
MW,BS,visa_free,90
MW,BT,e_visa,
MW,BW,visa_free,90
MW,BY,visa_required,
MW,BZ,visa_free,
MW,CA,visa_required,
MW,CD,e_visa,
MW,CF,visa_required,
MW,CG,visa_required,
MW,CH,visa_required,
MW,CI,eta,
MW,CL,visa_required,
MW,CM,e_visa,
MW,CN,visa_required,
MW,CO,e_visa,
MW,CR,visa_required,
MW,CU,e_visa,
MW,CV,visa_on_arrival,
MW,CY,visa_required,
MW,CZ,visa_required,
MW,DE,visa_required,
MW,DJ,visa_on_arrival,
MW,DK,visa_required,
MW,DM,visa_free,180
MW,DO,visa_required,
MW,DZ,visa_required,
MW,EC,visa_free,90
MW,EE,visa_required,
MW,EG,visa_required,
MW,ER,visa_required,
MW,ES,visa_required,
MW,ET,visa_on_arrival,
MW,FI,visa_required,
MW,FJ,visa_free,120
MW,FM,visa_free,30
MW,FR,visa_required,
MW,GA,e_visa,
MW,GB,visa_required,
MW,GD,visa_free,90
MW,GE,e_visa,
MW,GH,visa_on_arrival,
MW,GM,visa_free,90
MW,GN,e_visa,
MW,GQ,e_visa,
MW,GR,visa_required,
MW,GT,visa_required,
MW,GW,visa_on_arrival,
MW,GY,visa_required,
MW,HK,visa_free,90
MW,HN,visa_required,
MW,HR,visa_required,
MW,HT,visa_free,90
MW,HU,visa_required,
MW,ID,e_visa,
MW,IE,visa_required,
MW,IL,visa_free,90
MW,IN,e_visa,
MW,IQ,e_visa,
MW,IR,visa_on_arrival,
MW,IS,visa_required,
MW,IT,visa_required,
MW,JM,visa_free,
MW,JO,visa_on_arrival,
MW,JP,visa_required,
MW,KE,eta,
MW,KG,e_visa,
MW,KH,visa_on_arrival,
MW,KI,visa_free,90
MW,KM,visa_on_arrival,
MW,KN,visa_free,90
MW,KP,visa_required,
MW,KR,e_visa,
MW,KW,visa_required,
MW,KZ,e_visa,
MW,LA,visa_on_arrival,
MW,LB,visa_required,
MW,LC,visa_free,42
MW,LI,visa_required,
MW,LK,visa_on_arrival,
MW,LR,visa_required,
MW,LS,visa_free,90
MW,LT,visa_required,
MW,LU,visa_required,
MW,LV,visa_required,
MW,LY,e_visa,
MW,MA,visa_required,
MW,MC,visa_required,
MW,MD,e_visa,
MW,ME,visa_required,
MW,MG,visa_on_arrival,
MW,MH,visa_required,
MW,MK,visa_required,
MW,ML,visa_required,
MW,MM,visa_required,
MW,MN,e_visa,
MW,MO,visa_on_arrival,
MW,MR,visa_on_arrival,
MW,MT,visa_required,
MW,MU,visa_free,90
MW,MV,visa_on_arrival,
MW,MX,visa_required,
MW,MY,visa_free,30
MW,MZ,visa_free,
MW,NA,visa_free,90
MW,NE,visa_required,
MW,NG,visa_on_arrival,
MW,NI,visa_on_arrival,
MW,NL,visa_required,
MW,NO,visa_required,
MW,NP,visa_on_arrival,
MW,NR,visa_required,
MW,NZ,visa_required,
MW,OM,e_visa,
MW,PA,visa_required,
MW,PE,visa_required,
MW,PG,e_visa,
MW,PH,visa_free,30
MW,PK,e_visa,
MW,PL,visa_required,
MW,PS,visa_free,
MW,PT,visa_required,
MW,PW,visa_on_arrival,
MW,PY,visa_required,
MW,QA,e_visa,
MW,RO,visa_required,
MW,RS,visa_required,
MW,RU,visa_required,
MW,RW,visa_free,30
MW,SA,visa_required,
MW,SB,visa_required,
MW,SC,visa_free,90
MW,SD,visa_required,
MW,SE,visa_required,
MW,SG,visa_free,30
MW,SI,visa_required,
MW,SK,visa_required,
MW,SL,visa_on_arrival,
MW,SM,visa_required,
MW,SN,visa_on_arrival,
MW,SO,e_visa,
MW,SR,visa_required,
MW,SS,e_visa,
MW,ST,e_visa,
MW,SV,e_visa,
MW,SY,e_visa,
MW,SZ,visa_free,30
MW,TD,visa_required,
MW,TG,e_visa,
MW,TH,visa_required,
MW,TJ,e_visa,
MW,TL,visa_on_arrival,
MW,TM,visa_required,
MW,TN,visa_required,
MW,TO,visa_required,
MW,TR,visa_required,
MW,TT,visa_free,
MW,TV,visa_on_arrival,
MW,TW,visa_required,
MW,TZ,visa_free,90
MW,UA,visa_required,
MW,UG,visa_free,90
MW,US,visa_required,
MW,UY,visa_required,
MW,UZ,visa_required,
MW,VA,visa_required,
MW,VC,visa_free,90
MW,VE,visa_required,
MW,VN,e_visa,
MW,VU,visa_free,120
MW,WS,visa_on_arrival,
MW,XK,visa_free,90
MW,YE,visa_required,
MW,ZA,visa_free,30
MW,ZM,visa_free,90
MW,ZW,visa_free,90
MX,AD,visa_free,90
MX,AE,visa_free,180
MX,AF,visa_required,
MX,AG,visa_free,180
MX,AL,visa_free,90
MX,AM,visa_on_arrival,
MX,AO,visa_free,30
MX,AR,visa_free,90
MX,AT,visa_free,90
MX,AU,e_visa,
MX,AZ,e_visa,
MX,BA,visa_free,90
MX,BB,visa_free,28
MX,BD,visa_required,
MX,BE,visa_free,90
MX,BF,e_visa,
MX,BG,visa_free,90
MX,BH,visa_on_arrival,
MX,BI,visa_on_arrival,
MX,BJ,e_visa,
MX,BN,visa_required,
MX,BO,visa_free,90
MX,BR,visa_free,90
MX,BS,visa_free,90
MX,BT,e_visa,
MX,BW,visa_free,90
MX,BY,visa_free,30
MX,BZ,visa_free,30
MX,CA,visa_required,
MX,CD,e_visa,
MX,CF,visa_required,
MX,CG,visa_required,
MX,CH,visa_free,90
MX,CI,eta,
MX,CL,visa_free,90
MX,CM,e_visa,
MX,CN,visa_required,
MX,CO,visa_free,90
MX,CR,visa_free,180
MX,CU,e_visa,
MX,CV,visa_on_arrival,
MX,CY,visa_free,90
MX,CZ,visa_free,90
MX,DE,visa_free,90
MX,DJ,visa_on_arrival,
MX,DK,visa_free,90
MX,DM,visa_free,180
MX,DO,visa_free,
MX,DZ,visa_required,
MX,EC,visa_free,90
MX,EE,visa_free,90
MX,EG,visa_on_arrival,
MX,ER,visa_required,
MX,ES,visa_free,90
MX,ET,visa_on_arrival,
MX,FI,visa_free,90
MX,FJ,visa_free,120
MX,FM,visa_free,30
MX,FR,visa_free,90
MX,GA,e_visa,
MX,GB,eta,
MX,GD,visa_free,90
MX,GE,visa_free,360
MX,GH,visa_on_arrival,
MX,GM,visa_required,
MX,GN,e_visa,
MX,GQ,e_visa,
MX,GR,visa_free,90
MX,GT,visa_free,90
MX,GW,visa_on_arrival,
MX,GY,visa_required,
MX,HK,visa_free,90
MX,HN,visa_free,90
MX,HR,visa_free,90
MX,HT,visa_free,90
MX,HU,visa_free,90
MX,ID,visa_on_arrival,
MX,IE,visa_free,90
MX,IL,visa_free,90
MX,IN,e_visa,
MX,IQ,e_visa,
MX,IR,visa_free,15
MX,IS,visa_free,90
MX,IT,visa_free,90
MX,JM,visa_free,90
MX,JO,visa_on_arrival,
MX,JP,visa_free,90
MX,KE,eta,
MX,KG,visa_free,60
MX,KH,visa_on_arrival,
MX,KI,visa_free,90
MX,KM,visa_on_arrival,
MX,KN,visa_free,90
MX,KP,visa_required,
MX,KR,eta,
MX,KW,visa_required,
MX,KZ,visa_free,30
MX,LA,visa_on_arrival,
MX,LB,visa_on_arrival,
MX,LC,visa_free,42
MX,LI,visa_free,90
MX,LK,visa_on_arrival,
MX,LR,visa_required,
MX,LS,e_visa,
MX,LT,visa_free,90
MX,LU,visa_free,90
MX,LV,visa_free,90
MX,LY,e_visa,
MX,MA,visa_free,90
MX,MC,visa_free,90
MX,MD,visa_free,90
MX,ME,visa_free,90
MX,MG,visa_on_arrival,
MX,MH,visa_on_arrival,
MX,MK,visa_free,90
MX,ML,visa_required,
MX,MM,e_visa,
MX,MN,e_visa,
MX,MO,visa_free,90
MX,MR,visa_on_arrival,
MX,MT,visa_free,90
MX,MU,visa_free,90
MX,MV,visa_on_arrival,
MX,MW,visa_on_arrival,
MX,MY,visa_free,30
MX,MZ,visa_on_arrival,
MX,NA,visa_on_arrival,
MX,NE,visa_required,
MX,NG,e_visa,
MX,NI,visa_free,90
MX,NL,visa_free,90
MX,NO,visa_free,90
MX,NP,visa_on_arrival,
MX,NR,visa_required,
MX,NZ,eta,
MX,OM,e_visa,
MX,PA,visa_free,90
MX,PE,visa_free,180
MX,PG,eta,
MX,PH,visa_free,30
MX,PK,e_visa,
MX,PL,visa_free,90
MX,PS,visa_free,
MX,PT,visa_free,90
MX,PW,visa_on_arrival,
MX,PY,visa_free,90
MX,QA,visa_on_arrival,
MX,RO,visa_free,90
MX,RS,visa_free,90
MX,RU,e_visa,
MX,RW,visa_on_arrival,
MX,SA,visa_required,
MX,SB,visa_required,
MX,SC,visa_free,90
MX,SD,visa_required,
MX,SE,visa_free,90
MX,SG,visa_free,30
MX,SI,visa_free,90
MX,SK,visa_free,90
MX,SL,e_visa,
MX,SM,visa_free,90
MX,SN,visa_required,
MX,SO,e_visa,
MX,SR,visa_required,
MX,SS,e_visa,
MX,ST,e_visa,
MX,SV,visa_free,180
MX,SY,e_visa,
MX,SZ,visa_required,
MX,TD,visa_required,
MX,TG,e_visa,
MX,TH,visa_free,60
MX,TJ,visa_free,30
MX,TL,visa_on_arrival,
MX,TM,visa_required,
MX,TN,visa_free,90
MX,TO,visa_required,
MX,TR,e_visa,
MX,TT,visa_free,90
MX,TV,visa_on_arrival,
MX,TW,visa_required,
MX,TZ,visa_on_arrival,
MX,UA,visa_required,
MX,UG,e_visa,
MX,US,visa_required,
MX,UY,visa_free,90
MX,UZ,visa_free,30
MX,VA,visa_free,90
MX,VC,visa_free,90
MX,VE,visa_free,90
MX,VN,e_visa,
MX,VU,visa_free,120
MX,WS,visa_on_arrival,
MX,XK,visa_free,90
MX,YE,visa_required,
MX,ZA,e_visa,
MX,ZM,visa_on_arrival,
MX,ZW,visa_on_arrival,
MY,AD,visa_free,90
MY,AE,visa_free,30
MY,AF,visa_required,
MY,AG,visa_free,180
MY,AL,visa_free,90
MY,AM,e_visa,
MY,AO,visa_required,
MY,AR,visa_free,30
MY,AT,visa_free,90
MY,AU,eta,
MY,AZ,visa_free,30
MY,BA,visa_free,90
MY,BB,visa_free,180
MY,BD,visa_on_arrival,
MY,BE,visa_free,90
MY,BF,e_visa,
MY,BG,visa_free,90
MY,BH,visa_on_arrival,
MY,BI,visa_on_arrival,
MY,BJ,e_visa,
MY,BN,visa_free,30
MY,BO,visa_on_arrival,
MY,BR,visa_free,90
MY,BS,visa_free,90
MY,BT,e_visa,
MY,BW,visa_free,90
MY,BY,visa_free,30
MY,BZ,visa_free,
MY,CA,visa_required,
MY,CD,e_visa,
MY,CF,visa_required,
MY,CG,visa_required,
MY,CH,visa_free,90
MY,CI,eta,
MY,CL,visa_free,30
MY,CM,e_visa,
MY,CN,visa_free,30
MY,CO,e_visa,
MY,CR,visa_free,30
MY,CU,visa_free,90
MY,CV,visa_on_arrival,
MY,CY,visa_free,90
MY,CZ,visa_free,90
MY,DE,visa_free,90
MY,DJ,visa_on_arrival,
MY,DK,visa_free,90
MY,DM,visa_free,180
MY,DO,visa_free,
MY,DZ,visa_free,90
MY,EC,visa_free,90
MY,EE,visa_free,90
MY,EG,visa_on_arrival,
MY,ER,visa_required,
MY,ES,visa_free,90
MY,ET,e_visa,
MY,FI,visa_free,90
MY,FJ,visa_free,120
MY,FM,visa_free,30
MY,FR,visa_free,90
MY,GA,e_visa,
MY,GB,eta,
MY,GD,visa_free,90
MY,GE,visa_free,360
MY,GH,visa_on_arrival,
MY,GM,visa_free,90
MY,GN,e_visa,
MY,GQ,e_visa,
MY,GR,visa_free,90
MY,GT,visa_free,90
MY,GW,visa_on_arrival,
MY,GY,visa_free,60
MY,HK,visa_free,90
MY,HN,visa_free,90
MY,HR,visa_free,90
MY,HT,visa_free,90
MY,HU,visa_free,90
MY,ID,visa_free,30
MY,IE,visa_free,90
MY,IL,visa_required,
MY,IN,e_visa,
MY,IQ,e_visa,
MY,IR,visa_free,14
MY,IS,visa_free,90
MY,IT,visa_free,90
MY,JM,visa_free,
MY,JO,visa_on_arrival,
MY,JP,visa_free,90
MY,KE,eta,
MY,KG,visa_free,90
MY,KH,visa_free,30
MY,KI,visa_free,90
MY,KM,visa_on_arrival,
MY,KN,visa_free,90
MY,KP,visa_required,
MY,KR,eta,
MY,KW,visa_on_arrival,
MY,KZ,visa_free,30
MY,LA,visa_free,30
MY,LB,visa_on_arrival,
MY,LC,visa_on_arrival,
MY,LI,visa_free,90
MY,LK,visa_on_arrival,
MY,LR,visa_required,
MY,LS,visa_free,90
MY,LT,visa_free,90
MY,LU,visa_free,90
MY,LV,visa_free,90
MY,LY,e_visa,
MY,MA,visa_free,90
MY,MC,visa_free,90
MY,MD,visa_free,90
MY,ME,visa_free,90
MY,MG,visa_on_arrival,
MY,MH,visa_on_arrival,
MY,MK,visa_free,90
MY,ML,visa_required,
MY,MM,e_visa,
MY,MN,visa_free,30
MY,MO,visa_free,30
MY,MR,visa_on_arrival,
MY,MT,visa_free,90
MY,MU,visa_free,90
MY,MV,visa_on_arrival,
MY,MW,visa_free,90
MY,MX,visa_free,180
MY,MZ,visa_on_arrival,
MY,NA,visa_free,90
MY,NE,visa_required,
MY,NG,e_visa,
MY,NI,visa_free,90
MY,NL,visa_free,90
MY,NO,visa_free,90
MY,NP,visa_on_arrival,
MY,NR,visa_required,
MY,NZ,eta,
MY,OM,visa_on_arrival,
MY,PA,visa_free,90
MY,PE,visa_free,180
MY,PG,eta,
MY,PH,visa_free,30
MY,PK,eta,
MY,PL,visa_free,90
MY,PS,visa_free,
MY,PT,visa_free,90
MY,PW,visa_on_arrival,
MY,PY,visa_required,
MY,QA,visa_on_arrival,
MY,RO,visa_free,90
MY,RS,visa_required,
MY,RU,e_visa,
MY,RW,visa_free,30
MY,SA,visa_on_arrival,
MY,SB,visa_on_arrival,
MY,SC,visa_free,90
MY,SD,visa_on_arrival,
MY,SE,visa_free,90
MY,SG,visa_free,30
MY,SI,visa_free,90
MY,SK,visa_free,90
MY,SL,visa_on_arrival,
MY,SM,visa_free,90
MY,SN,visa_free,90
MY,SO,e_visa,
MY,SR,visa_free,30
MY,SS,e_visa,
MY,ST,e_visa,
MY,SV,visa_free,180
MY,SY,visa_on_arrival,
MY,SZ,visa_free,30
MY,TD,visa_required,
MY,TG,e_visa,
MY,TH,visa_free,60
MY,TJ,visa_free,30
MY,TL,visa_on_arrival,
MY,TM,visa_required,
MY,TN,visa_free,90
MY,TO,visa_on_arrival,
MY,TR,visa_free,90
MY,TT,visa_free,
MY,TV,visa_on_arrival,
MY,TW,visa_free,30
MY,TZ,visa_free,90
MY,UA,visa_required,
MY,UG,visa_free,180
MY,US,visa_required,
MY,UY,visa_free,30
MY,UZ,visa_free,30
MY,VA,visa_free,90
MY,VC,visa_free,90
MY,VE,visa_free,90
MY,VN,visa_free,30
MY,VU,visa_free,120
MY,WS,visa_on_arrival,
MY,XK,visa_free,90
MY,YE,visa_on_arrival,
MY,ZA,visa_free,90
MY,ZM,visa_free,90
MY,ZW,visa_free,90
MZ,AD,visa_required,
MZ,AE,e_visa,
MZ,AF,visa_required,
MZ,AG,e_visa,
MZ,AL,e_visa,
MZ,AM,visa_required,
MZ,AO,visa_required,
MZ,AR,visa_required,
MZ,AT,visa_required,
MZ,AU,e_visa,
MZ,AZ,visa_required,
MZ,BA,visa_required,
MZ,BB,visa_free,90
MZ,BD,visa_on_arrival,
MZ,BE,visa_required,
MZ,BF,e_visa,
MZ,BG,visa_required,
MZ,BH,e_visa,
MZ,BI,visa_on_arrival,
MZ,BJ,visa_free,90
MZ,BN,visa_required,
MZ,BO,visa_on_arrival,
MZ,BR,visa_required,
MZ,BS,e_visa,
MZ,BT,e_visa,
MZ,BW,visa_free,90
MZ,BY,visa_required,
MZ,BZ,visa_required,
MZ,CA,visa_required,
MZ,CD,e_visa,
MZ,CF,visa_required,
MZ,CG,visa_required,
MZ,CH,visa_required,
MZ,CI,eta,
MZ,CL,visa_required,
MZ,CM,e_visa,
MZ,CN,visa_required,
MZ,CO,e_visa,
MZ,CR,visa_required,
MZ,CU,e_visa,
MZ,CV,visa_on_arrival,
MZ,CY,visa_required,
MZ,CZ,visa_required,
MZ,DE,visa_required,
MZ,DJ,visa_on_arrival,
MZ,DK,visa_required,
MZ,DM,visa_free,180
MZ,DO,visa_required,
MZ,DZ,visa_required,
MZ,EC,visa_free,90
MZ,EE,visa_required,
MZ,EG,visa_required,
MZ,ER,visa_required,
MZ,ES,visa_required,
MZ,ET,visa_on_arrival,
MZ,FI,visa_required,
MZ,FJ,visa_required,
MZ,FM,visa_free,30
MZ,FR,visa_required,
MZ,GA,e_visa,
MZ,GB,visa_required,
MZ,GD,visa_free,90
MZ,GE,e_visa,
MZ,GH,visa_on_arrival,
MZ,GM,visa_free,90
MZ,GN,e_visa,
MZ,GQ,e_visa,
MZ,GR,visa_required,
MZ,GT,visa_required,
MZ,GW,visa_on_arrival,
MZ,GY,visa_required,
MZ,HK,visa_free,14
MZ,HN,visa_required,
MZ,HR,visa_required,
MZ,HT,visa_free,90
MZ,HU,visa_required,
MZ,ID,visa_on_arrival,
MZ,IE,visa_required,
MZ,IL,visa_required,
MZ,IN,e_visa,
MZ,IQ,e_visa,
MZ,IR,visa_on_arrival,
MZ,IS,visa_required,
MZ,IT,visa_required,
MZ,JM,visa_free,
MZ,JO,visa_required,
MZ,JP,visa_required,
MZ,KE,eta,
MZ,KG,e_visa,
MZ,KH,visa_on_arrival,
MZ,KI,visa_free,90
MZ,KM,visa_on_arrival,
MZ,KN,e_visa,
MZ,KP,visa_required,
MZ,KR,e_visa,
MZ,KW,visa_required,
MZ,KZ,e_visa,
MZ,LA,visa_required,
MZ,LB,visa_required,
MZ,LC,visa_on_arrival,
MZ,LI,visa_required,
MZ,LK,visa_on_arrival,
MZ,LR,visa_required,
MZ,LS,visa_required,
MZ,LT,visa_required,
MZ,LU,visa_required,
MZ,LV,visa_required,
MZ,LY,e_visa,
MZ,MA,visa_required,
MZ,MC,visa_required,
MZ,MD,e_visa,
MZ,ME,visa_required,
MZ,MG,visa_on_arrival,
MZ,MH,visa_required,
MZ,MK,visa_required,
MZ,ML,visa_required,
MZ,MM,visa_required,
MZ,MN,e_visa,
MZ,MO,visa_on_arrival,
MZ,MR,visa_on_arrival,
MZ,MT,visa_required,
MZ,MU,visa_free,90
MZ,MV,visa_on_arrival,
MZ,MW,visa_free,90
MZ,MX,visa_required,
MZ,MY,e_visa,
MZ,NA,visa_free,90
MZ,NE,visa_required,
MZ,NG,visa_on_arrival,
MZ,NI,visa_on_arrival,
MZ,NL,visa_required,
MZ,NO,visa_required,
MZ,NP,visa_on_arrival,
MZ,NR,visa_required,
MZ,NZ,visa_required,
MZ,OM,e_visa,
MZ,PA,visa_required,
MZ,PE,visa_required,
MZ,PG,e_visa,
MZ,PH,visa_free,30
MZ,PK,eta,
MZ,PL,visa_required,
MZ,PS,visa_required,
MZ,PT,visa_required,
MZ,PW,visa_on_arrival,
MZ,PY,visa_required,
MZ,QA,e_visa,
MZ,RO,visa_required,
MZ,RS,visa_required,
MZ,RU,visa_required,
MZ,RW,visa_free,30
MZ,SA,visa_required,
MZ,SB,visa_required,
MZ,SC,visa_free,90
MZ,SD,visa_required,
MZ,SE,visa_required,
MZ,SG,visa_free,30
MZ,SI,visa_required,
MZ,SK,visa_required,
MZ,SL,visa_on_arrival,
MZ,SM,visa_required,
MZ,SN,visa_required,
MZ,SO,e_visa,
MZ,SR,visa_required,
MZ,SS,e_visa,
MZ,ST,visa_free,
MZ,SV,e_visa,
MZ,SY,e_visa,
MZ,SZ,visa_free,30
MZ,TD,visa_required,
MZ,TG,e_visa,
MZ,TH,visa_required,
MZ,TJ,e_visa,
MZ,TL,visa_on_arrival,
MZ,TM,visa_required,
MZ,TN,visa_required,
MZ,TO,visa_required,
MZ,TR,visa_required,
MZ,TT,visa_required,
MZ,TV,visa_on_arrival,
MZ,TW,visa_required,
MZ,TZ,visa_free,90
MZ,UA,visa_required,
MZ,UG,e_visa,
MZ,US,visa_required,
MZ,UY,visa_required,
MZ,UZ,visa_required,
MZ,VA,visa_required,
MZ,VC,visa_free,90
MZ,VE,visa_required,
MZ,VN,e_visa,
MZ,VU,visa_free,120
MZ,WS,visa_on_arrival,
MZ,XK,visa_required,
MZ,YE,visa_required,
MZ,ZA,visa_free,30
MZ,ZM,visa_free,90
MZ,ZW,visa_free,90
NA,AD,visa_required,
NA,AE,e_visa,
NA,AF,visa_required,
NA,AG,visa_free,180
NA,AL,e_visa,
NA,AM,visa_required,
NA,AO,visa_free,
NA,AR,visa_required,
NA,AT,visa_required,
NA,AU,e_visa,
NA,AZ,visa_required,
NA,BA,visa_required,
NA,BB,visa_free,90
NA,BD,visa_on_arrival,
NA,BE,visa_required,
NA,BF,e_visa,
NA,BG,visa_required,
NA,BH,e_visa,
NA,BI,visa_on_arrival,
NA,BJ,visa_free,90
NA,BN,visa_required,
NA,BO,visa_on_arrival,
NA,BR,visa_free,90
NA,BS,visa_free,90
NA,BT,e_visa,
NA,BW,visa_free,90
NA,BY,visa_required,
NA,BZ,visa_free,
NA,CA,visa_required,
NA,CD,e_visa,
NA,CF,visa_required,
NA,CG,visa_required,
NA,CH,visa_required,
NA,CI,eta,
NA,CL,visa_required,
NA,CM,e_visa,
NA,CN,visa_required,
NA,CO,e_visa,
NA,CR,visa_required,
NA,CU,visa_free,
NA,CV,visa_on_arrival,
NA,CY,visa_required,
NA,CZ,visa_required,
NA,DE,visa_required,
NA,DJ,visa_on_arrival,
NA,DK,visa_required,
NA,DM,visa_free,180
NA,DO,visa_free,
NA,DZ,visa_required,
NA,EC,visa_free,90
NA,EE,visa_required,
NA,EG,visa_required,
NA,ER,visa_required,
NA,ES,visa_required,
NA,ET,visa_on_arrival,
NA,FI,visa_required,
NA,FJ,visa_required,
NA,FM,visa_free,30
NA,FR,visa_required,
NA,GA,e_visa,
NA,GB,visa_required,
NA,GD,visa_free,90
NA,GE,e_visa,
NA,GH,visa_on_arrival,
NA,GM,visa_free,90
NA,GN,visa_free,
NA,GQ,e_visa,
NA,GR,visa_required,
NA,GT,visa_required,
NA,GW,visa_on_arrival,
NA,GY,visa_required,
NA,HK,visa_free,90
NA,HN,visa_required,
NA,HR,visa_required,
NA,HT,visa_free,90
NA,HU,visa_required,
NA,ID,e_visa,
NA,IE,visa_required,
NA,IL,visa_required,
NA,IN,e_visa,
NA,IQ,e_visa,
NA,IR,visa_on_arrival,
NA,IS,visa_required,
NA,IT,visa_required,
NA,JM,visa_free,
NA,JO,visa_required,
NA,JP,visa_required,
NA,KE,eta,
NA,KG,e_visa,
NA,KH,visa_on_arrival,
NA,KI,visa_free,90
NA,KM,visa_on_arrival,
NA,KN,e_visa,
NA,KP,visa_required,
NA,KR,e_visa,
NA,KW,visa_required,
NA,KZ,e_visa,
NA,LA,visa_on_arrival,
NA,LB,visa_required,
NA,LC,visa_free,42
NA,LI,visa_required,
NA,LK,visa_on_arrival,
NA,LR,visa_required,
NA,LS,visa_free,90
NA,LT,visa_required,
NA,LU,visa_required,
NA,LV,visa_required,
NA,LY,e_visa,
NA,MA,visa_required,
NA,MC,visa_required,
NA,MD,e_visa,
NA,ME,visa_required,
NA,MG,visa_on_arrival,
NA,MH,visa_required,
NA,MK,visa_required,
NA,ML,visa_required,
NA,MM,visa_required,
NA,MN,e_visa,
NA,MO,visa_free,30
NA,MR,visa_on_arrival,
NA,MT,visa_required,
NA,MU,visa_free,90
NA,MV,visa_on_arrival,
NA,MW,visa_free,90
NA,MX,visa_required,
NA,MY,visa_free,30
NA,MZ,visa_on_arrival,
NA,NE,visa_required,
NA,NG,visa_on_arrival,
NA,NI,visa_on_arrival,
NA,NL,visa_required,
NA,NO,visa_required,
NA,NP,visa_on_arrival,
NA,NR,visa_required,
NA,NZ,visa_required,
NA,OM,e_visa,
NA,PA,visa_free,90
NA,PE,visa_required,
NA,PG,eta,
NA,PH,visa_free,30
NA,PK,e_visa,
NA,PL,visa_required,
NA,PS,visa_required,
NA,PT,visa_required,
NA,PW,visa_on_arrival,
NA,PY,visa_required,
NA,QA,e_visa,
NA,RO,visa_required,
NA,RS,visa_required,
NA,RU,visa_free,90
NA,RW,visa_free,30
NA,SA,visa_required,
NA,SB,visa_required,
NA,SC,visa_free,90
NA,SD,visa_required,
NA,SE,visa_required,
NA,SG,visa_free,30
NA,SI,visa_required,
NA,SK,visa_required,
NA,SL,visa_on_arrival,
NA,SM,visa_required,
NA,SN,visa_on_arrival,
NA,SO,e_visa,
NA,SR,visa_required,
NA,SS,e_visa,
NA,ST,e_visa,
NA,SV,e_visa,
NA,SY,e_visa,
NA,SZ,visa_free,30
NA,TD,visa_required,
NA,TG,e_visa,
NA,TH,visa_on_arrival,
NA,TJ,e_visa,
NA,TL,visa_on_arrival,
NA,TM,visa_required,
NA,TN,visa_free,90
NA,TO,visa_required,
NA,TR,visa_required,
NA,TT,visa_free,
NA,TV,visa_on_arrival,
NA,TW,visa_required,
NA,TZ,visa_free,90
NA,UA,visa_required,
NA,UG,e_visa,
NA,US,visa_required,
NA,UY,visa_required,
NA,UZ,visa_required,
NA,VA,visa_required,
NA,VC,visa_free,90
NA,VE,visa_required,
NA,VN,e_visa,
NA,VU,visa_free,120
NA,WS,visa_on_arrival,
NA,XK,visa_free,90
NA,YE,visa_required,
NA,ZA,visa_free,90
NA,ZM,visa_free,90
NA,ZW,visa_free,90
NE,AD,visa_required,
NE,AE,e_visa,
NE,AF,visa_required,
NE,AG,e_visa,
NE,AL,e_visa,
NE,AM,visa_required,
NE,AO,visa_required,
NE,AR,visa_required,
NE,AT,visa_required,
NE,AU,e_visa,
NE,AZ,visa_required,
NE,BA,visa_required,
NE,BB,visa_free,90
NE,BD,visa_on_arrival,
NE,BE,visa_required,
NE,BF,visa_free,
NE,BG,visa_required,
NE,BH,e_visa,
NE,BI,visa_on_arrival,
NE,BJ,visa_free,90
NE,BN,visa_required,
NE,BO,visa_on_arrival,
NE,BR,visa_required,
NE,BS,e_visa,
NE,BT,e_visa,
NE,BW,e_visa,
NE,BY,visa_required,
NE,BZ,visa_required,
NE,CA,visa_required,
NE,CD,e_visa,
NE,CF,visa_free,90
NE,CG,visa_on_arrival,
NE,CH,visa_required,
NE,CI,visa_free,90
NE,CL,visa_required,
NE,CM,e_visa,
NE,CN,visa_required,
NE,CO,e_visa,
NE,CR,visa_required,
NE,CU,e_visa,
NE,CV,visa_free,
NE,CY,visa_required,
NE,CZ,visa_required,
NE,DE,visa_required,
NE,DJ,visa_on_arrival,
NE,DK,visa_required,
NE,DM,visa_free,21
NE,DO,visa_required,
NE,DZ,visa_required,
NE,EC,visa_free,90
NE,EE,visa_required,
NE,EG,visa_required,
NE,ER,visa_required,
NE,ES,visa_required,
NE,ET,visa_on_arrival,
NE,FI,visa_required,
NE,FJ,visa_required,
NE,FM,visa_free,30
NE,FR,visa_required,
NE,GA,e_visa,
NE,GB,visa_required,
NE,GD,visa_required,
NE,GE,e_visa,
NE,GH,visa_free,
NE,GM,visa_free,90
NE,GN,visa_free,
NE,GQ,e_visa,
NE,GR,visa_required,
NE,GT,visa_required,
NE,GW,visa_free,
NE,GY,visa_required,
NE,HK,visa_free,14
NE,HN,visa_required,
NE,HR,visa_required,
NE,HT,visa_free,90
NE,HU,visa_required,
NE,ID,e_visa,
NE,IE,visa_required,
NE,IL,visa_required,
NE,IN,e_visa,
NE,IQ,e_visa,
NE,IR,visa_on_arrival,
NE,IS,visa_required,
NE,IT,visa_required,
NE,JM,visa_required,
NE,JO,visa_required,
NE,JP,visa_required,
NE,KE,eta,
NE,KG,e_visa,
NE,KH,visa_on_arrival,
NE,KI,visa_required,
NE,KM,visa_on_arrival,
NE,KN,e_visa,
NE,KP,visa_required,
NE,KR,e_visa,
NE,KW,visa_required,
NE,KZ,e_visa,
NE,LA,visa_required,
NE,LB,visa_required,
NE,LC,visa_required,
NE,LI,visa_required,
NE,LK,visa_on_arrival,
NE,LR,visa_free,
NE,LS,e_visa,
NE,LT,visa_required,
NE,LU,visa_required,
NE,LV,visa_required,
NE,LY,e_visa,
NE,MA,visa_free,90
NE,MC,visa_required,
NE,MD,e_visa,
NE,ME,visa_required,
NE,MG,visa_on_arrival,
NE,MH,visa_required,
NE,MK,visa_required,
NE,ML,visa_free,
NE,MM,visa_required,
NE,MN,visa_required,
NE,MO,visa_on_arrival,
NE,MR,visa_free,90
NE,MT,visa_required,
NE,MU,visa_on_arrival,
NE,MV,visa_on_arrival,
NE,MW,e_visa,
NE,MX,visa_required,
NE,MY,e_visa,
NE,MZ,visa_on_arrival,
NE,NA,visa_on_arrival,
NE,NG,visa_free,
NE,NI,visa_on_arrival,
NE,NL,visa_required,
NE,NO,visa_required,
NE,NP,visa_on_arrival,
NE,NR,visa_required,
NE,NZ,visa_required,
NE,OM,e_visa,
NE,PA,visa_required,
NE,PE,visa_required,
NE,PG,e_visa,
NE,PH,visa_free,30
NE,PK,e_visa,
NE,PL,visa_required,
NE,PS,visa_required,
NE,PT,visa_required,
NE,PW,visa_on_arrival,
NE,PY,visa_required,
NE,QA,e_visa,
NE,RO,visa_required,
NE,RS,visa_required,
NE,RU,visa_required,
NE,RW,visa_free,30
NE,SA,visa_required,
NE,SB,visa_required,
NE,SC,visa_free,90
NE,SD,visa_required,
NE,SE,visa_required,
NE,SG,visa_free,30
NE,SI,visa_required,
NE,SK,visa_required,
NE,SL,visa_free,
NE,SM,visa_required,
NE,SN,visa_free,90
NE,SO,e_visa,
NE,SR,visa_required,
NE,SS,e_visa,
NE,ST,e_visa,
NE,SV,e_visa,
NE,SY,e_visa,
NE,SZ,visa_required,
NE,TD,visa_free,90
NE,TG,visa_free,
NE,TH,visa_required,
NE,TJ,e_visa,
NE,TL,visa_on_arrival,
NE,TM,visa_required,
NE,TN,visa_free,
NE,TO,visa_required,
NE,TR,visa_required,
NE,TT,visa_required,
NE,TV,visa_on_arrival,
NE,TW,visa_required,
NE,TZ,e_visa,
NE,UA,visa_required,
NE,UG,e_visa,
NE,US,visa_required,
NE,UY,visa_required,
NE,UZ,visa_required,
NE,VA,visa_required,
NE,VC,visa_free,90
NE,VE,visa_required,
NE,VN,e_visa,
NE,VU,visa_required,
NE,WS,visa_on_arrival,
NE,XK,visa_required,
NE,YE,visa_required,
NE,ZA,e_visa,
NE,ZM,e_visa,
NE,ZW,e_visa,
NG,AD,visa_required,
NG,AE,e_visa,
NG,AF,visa_required,
NG,AG,e_visa,
NG,AL,e_visa,
NG,AM,visa_required,
NG,AO,visa_required,
NG,AR,visa_required,
NG,AT,visa_required,
NG,AU,e_visa,
NG,AZ,visa_required,
NG,BA,visa_required,
NG,BB,visa_free,180
NG,BD,visa_required,
NG,BE,visa_required,
NG,BF,visa_free,
NG,BG,visa_required,
NG,BH,e_visa,
NG,BI,visa_on_arrival,
NG,BJ,visa_free,90
NG,BN,visa_required,
NG,BO,visa_on_arrival,
NG,BR,visa_required,
NG,BS,e_visa,
NG,BT,e_visa,
NG,BW,e_visa,
NG,BY,visa_required,
NG,BZ,visa_required,
NG,CA,visa_required,
NG,CD,e_visa,
NG,CF,visa_required,
NG,CG,visa_required,
NG,CH,visa_required,
NG,CI,visa_free,90
NG,CL,visa_required,
NG,CM,visa_free,90
NG,CN,visa_required,
NG,CO,e_visa,
NG,CR,visa_required,
NG,CU,visa_required,
NG,CV,visa_free,
NG,CY,visa_required,
NG,CZ,visa_required,
NG,DE,visa_required,
NG,DJ,visa_on_arrival,
NG,DK,visa_required,
NG,DM,visa_free,180
NG,DO,visa_required,
NG,DZ,visa_required,
NG,EC,e_visa,
NG,EE,visa_required,
NG,EG,visa_required,
NG,ER,visa_required,
NG,ES,visa_required,
NG,ET,e_visa,
NG,FI,visa_required,
NG,FJ,visa_free,120
NG,FM,visa_free,30
NG,FR,visa_required,
NG,GA,e_visa,
NG,GB,visa_required,
NG,GD,visa_required,
NG,GE,e_visa,
NG,GH,visa_free,
NG,GM,visa_free,90
NG,GN,visa_free,
NG,GQ,e_visa,
NG,GR,visa_required,
NG,GT,visa_required,
NG,GW,visa_free,
NG,GY,visa_required,
NG,HK,e_visa,
NG,HN,visa_required,
NG,HR,visa_required,
NG,HT,visa_free,90
NG,HU,visa_required,
NG,ID,e_visa,
NG,IE,visa_required,
NG,IL,visa_required,
NG,IN,visa_required,
NG,IQ,e_visa,
NG,IR,visa_on_arrival,
NG,IS,visa_required,
NG,IT,visa_required,
NG,JM,visa_required,
NG,JO,visa_required,
NG,JP,visa_required,
NG,KE,eta,
NG,KG,e_visa,
NG,KH,visa_on_arrival,
NG,KI,visa_free,90
NG,KM,visa_on_arrival,
NG,KN,visa_free,90
NG,KP,visa_required,
NG,KR,e_visa,
NG,KW,visa_required,
NG,KZ,e_visa,
NG,LA,visa_required,
NG,LB,visa_on_arrival,
NG,LC,visa_required,
NG,LI,visa_required,
NG,LK,visa_required,
NG,LR,visa_free,
NG,LS,e_visa,
NG,LT,visa_required,
NG,LU,visa_required,
NG,LV,visa_required,
NG,LY,e_visa,
NG,MA,visa_required,
NG,MC,visa_required,
NG,MD,e_visa,
NG,ME,visa_required,
NG,MG,visa_on_arrival,
NG,MH,visa_required,
NG,MK,visa_required,
NG,ML,visa_free,
NG,MM,visa_required,
NG,MN,visa_required,
NG,MO,visa_required,
NG,MR,visa_on_arrival,
NG,MT,visa_required,
NG,MU,visa_on_arrival,
NG,MV,visa_on_arrival,
NG,MW,e_visa,
NG,MX,visa_required,
NG,MY,e_visa,
NG,MZ,visa_on_arrival,
NG,NA,visa_required,
NG,NE,visa_free,
NG,NI,visa_required,
NG,NL,visa_required,
NG,NO,visa_required,
NG,NP,visa_required,
NG,NR,visa_required,
NG,NZ,visa_required,
NG,OM,e_visa,
NG,PA,visa_required,
NG,PE,visa_required,
NG,PG,e_visa,
NG,PH,visa_required,
NG,PK,e_visa,
NG,PL,visa_required,
NG,PS,visa_required,
NG,PT,visa_required,
NG,PW,visa_on_arrival,
NG,PY,visa_required,
NG,QA,e_visa,
NG,RO,visa_required,
NG,RS,visa_required,
NG,RU,visa_required,
NG,RW,visa_free,30
NG,SA,visa_required,
NG,SB,visa_required,
NG,SC,visa_free,90
NG,SD,visa_required,
NG,SE,visa_required,
NG,SG,e_visa,
NG,SI,visa_required,
NG,SK,visa_required,
NG,SL,visa_free,
NG,SM,visa_required,
NG,SN,visa_free,90
NG,SO,e_visa,
NG,SR,e_visa,
NG,SS,e_visa,
NG,ST,e_visa,
NG,SV,e_visa,
NG,SY,e_visa,
NG,SZ,visa_required,
NG,TD,visa_free,90
NG,TG,visa_free,
NG,TH,visa_required,
NG,TJ,e_visa,
NG,TL,visa_on_arrival,
NG,TM,visa_required,
NG,TN,visa_required,
NG,TO,visa_required,
NG,TR,visa_required,
NG,TT,visa_required,
NG,TV,visa_on_arrival,
NG,TW,visa_required,
NG,TZ,e_visa,
NG,UA,visa_required,
NG,UG,e_visa,
NG,US,visa_required,
NG,UY,visa_required,
NG,UZ,visa_required,
NG,VA,visa_required,
NG,VC,visa_required,
NG,VE,visa_required,
NG,VN,e_visa,
NG,VU,visa_free,120
NG,WS,visa_on_arrival,
NG,XK,visa_required,
NG,YE,visa_required,
NG,ZA,e_visa,
NG,ZM,e_visa,
NG,ZW,e_visa,
NI,AD,visa_free,90
NI,AE,e_visa,
NI,AF,visa_required,
NI,AG,e_visa,
NI,AL,visa_free,90
NI,AM,e_visa,
NI,AO,visa_required,
NI,AR,visa_free,90
NI,AT,visa_free,90
NI,AU,e_visa,
NI,AZ,visa_required,
NI,BA,visa_free,90
NI,BB,visa_free,28
NI,BD,visa_on_arrival,
NI,BE,visa_free,90
NI,BF,e_visa,
NI,BG,visa_free,90
NI,BH,e_visa,
NI,BI,visa_on_arrival,
NI,BJ,e_visa,
NI,BN,visa_required,
NI,BO,visa_on_arrival,
NI,BR,visa_free,90
NI,BS,visa_free,90
NI,BT,e_visa,
NI,BW,e_visa,
NI,BY,visa_free,30
NI,BZ,visa_free,30
NI,CA,visa_required,
NI,CD,e_visa,
NI,CF,visa_required,
NI,CG,visa_required,
NI,CH,visa_free,90
NI,CI,eta,
NI,CL,visa_free,90
NI,CM,e_visa,
NI,CN,visa_required,
NI,CO,e_visa,
NI,CR,visa_required,
NI,CU,e_visa,
NI,CV,visa_on_arrival,
NI,CY,visa_free,90
NI,CZ,visa_free,90
NI,DE,visa_free,90
NI,DJ,visa_on_arrival,
NI,DK,visa_free,90
NI,DM,visa_free,21
NI,DO,visa_free,
NI,DZ,visa_required,
NI,EC,visa_free,90
NI,EE,visa_free,90
NI,EG,visa_on_arrival,
NI,ER,visa_required,
NI,ES,visa_free,90
NI,ET,e_visa,
NI,FI,visa_free,90
NI,FJ,visa_required,
NI,FM,visa_free,30
NI,FR,visa_free,90
NI,GA,e_visa,
NI,GB,eta,
NI,GD,visa_free,90
NI,GE,e_visa,
NI,GH,visa_on_arrival,
NI,GM,visa_required,
NI,GN,e_visa,
NI,GQ,e_visa,
NI,GR,visa_free,90
NI,GT,visa_free,90
NI,GW,visa_on_arrival,
NI,GY,visa_required,
NI,HK,e_visa,
NI,HN,visa_free,90
NI,HR,visa_free,90
NI,HT,visa_free,90
NI,HU,visa_free,90
NI,ID,e_visa,
NI,IE,visa_free,90
NI,IL,visa_required,
NI,IN,e_visa,
NI,IQ,e_visa,
NI,IR,visa_on_arrival,
NI,IS,visa_free,90
NI,IT,visa_free,90
NI,JM,visa_required,
NI,JO,visa_on_arrival,
NI,JP,visa_required,
NI,KE,eta,
NI,KG,e_visa,
NI,KH,visa_on_arrival,
NI,KI,visa_required,
NI,KM,visa_on_arrival,
NI,KN,visa_free,90
NI,KP,visa_required,
NI,KR,eta,
NI,KW,visa_required,
NI,KZ,e_visa,
NI,LA,visa_on_arrival,
NI,LB,visa_required,
NI,LC,visa_on_arrival,
NI,LI,visa_free,90
NI,LK,visa_on_arrival,
NI,LR,visa_required,
NI,LS,e_visa,
NI,LT,visa_free,90
NI,LU,visa_free,90
NI,LV,visa_free,90
NI,LY,e_visa,
NI,MA,visa_required,
NI,MC,visa_free,90
NI,MD,visa_free,90
NI,ME,visa_free,90
NI,MG,visa_on_arrival,
NI,MH,visa_on_arrival,
NI,MK,visa_free,90
NI,ML,visa_required,
NI,MM,visa_required,
NI,MN,e_visa,
NI,MO,visa_on_arrival,
NI,MR,visa_on_arrival,
NI,MT,visa_free,90
NI,MU,visa_on_arrival,
NI,MV,visa_on_arrival,
NI,MW,visa_on_arrival,
NI,MX,visa_required,
NI,MY,visa_free,30
NI,MZ,visa_on_arrival,
NI,NA,visa_on_arrival,
NI,NE,visa_required,
NI,NG,e_visa,
NI,NL,visa_free,90
NI,NO,visa_free,90
NI,NP,visa_on_arrival,
NI,NR,visa_required,
NI,NZ,visa_required,
NI,OM,e_visa,
NI,PA,visa_free,90
NI,PE,visa_required,
NI,PG,e_visa,
NI,PH,visa_free,30
NI,PK,e_visa,
NI,PL,visa_free,90
NI,PS,visa_free,
NI,PT,visa_free,90
NI,PW,visa_on_arrival,
NI,PY,visa_free,90
NI,QA,e_visa,
NI,RO,visa_free,90
NI,RS,visa_required,
NI,RU,visa_free,90
NI,RW,visa_on_arrival,
NI,SA,visa_required,
NI,SB,visa_required,
NI,SC,visa_free,90
NI,SD,visa_required,
NI,SE,visa_free,90
NI,SG,visa_free,30
NI,SI,visa_free,90
NI,SK,visa_free,90
NI,SL,e_visa,
NI,SM,visa_free,90
NI,SN,visa_required,
NI,SO,e_visa,
NI,SR,visa_required,
NI,SS,e_visa,
NI,ST,e_visa,
NI,SV,visa_free,180
NI,SY,e_visa,
NI,SZ,visa_required,
NI,TD,visa_required,
NI,TG,e_visa,
NI,TH,visa_required,
NI,TJ,e_visa,
NI,TL,visa_on_arrival,
NI,TM,visa_required,
NI,TN,visa_required,
NI,TO,visa_required,
NI,TR,visa_free,90
NI,TT,visa_free,90
NI,TV,visa_on_arrival,
NI,TW,visa_free,90
NI,TZ,visa_on_arrival,
NI,UA,visa_required,
NI,UG,e_visa,
NI,US,visa_required,
NI,UY,visa_free,90
NI,UZ,visa_free,30
NI,VA,visa_free,90
NI,VC,visa_free,90
NI,VE,visa_free,90
NI,VN,e_visa,
NI,VU,visa_required,
NI,WS,visa_on_arrival,
NI,XK,visa_free,90
NI,YE,visa_required,
NI,ZA,visa_required,
NI,ZM,visa_on_arrival,
NI,ZW,visa_on_arrival,
NL,AD,visa_free,
NL,AE,visa_free,90
NL,AF,visa_required,
NL,AG,visa_free,180
NL,AL,visa_free,90
NL,AM,visa_free,180
NL,AO,visa_free,30
NL,AR,visa_free,90
NL,AT,freedom_of_movement,
NL,AU,eta,
NL,AZ,e_visa,
NL,BA,visa_free,90
NL,BB,visa_free,90
NL,BD,visa_on_arrival,
NL,BE,freedom_of_movement,
NL,BF,visa_on_arrival,
NL,BG,freedom_of_movement,
NL,BH,visa_on_arrival,
NL,BI,visa_on_arrival,
NL,BJ,e_visa,
NL,BN,visa_free,90
NL,BO,visa_free,90
NL,BR,visa_free,90
NL,BS,visa_free,90
NL,BT,e_visa,
NL,BW,visa_free,90
NL,BY,visa_free,30
NL,BZ,visa_free,
NL,CA,eta,
NL,CD,e_visa,
NL,CF,visa_required,
NL,CG,visa_required,
NL,CH,freedom_of_movement,
NL,CI,eta,
NL,CL,visa_free,90
NL,CM,e_visa,
NL,CN,visa_free,30
NL,CO,visa_free,90
NL,CR,visa_free,180
NL,CU,e_visa,
NL,CV,visa_free,30
NL,CY,freedom_of_movement,
NL,CZ,freedom_of_movement,
NL,DE,freedom_of_movement,
NL,DJ,visa_on_arrival,
NL,DK,freedom_of_movement,
NL,DM,visa_free,180
NL,DO,visa_free,
NL,DZ,visa_required,
NL,EC,visa_free,90
NL,EE,freedom_of_movement,
NL,EG,visa_on_arrival,
NL,ER,visa_required,
NL,ES,freedom_of_movement,
NL,ET,visa_on_arrival,
NL,FI,freedom_of_movement,
NL,FJ,visa_free,120
NL,FM,visa_free,90
NL,FR,freedom_of_movement,
NL,GA,e_visa,
NL,GB,visa_free,180
NL,GD,visa_free,90
NL,GE,visa_free,360
NL,GH,visa_on_arrival,
NL,GM,visa_free,90
NL,GN,e_visa,
NL,GQ,e_visa,
NL,GR,freedom_of_movement,
NL,GT,visa_free,90
NL,GW,visa_on_arrival,
NL,GY,visa_free,90
NL,HK,visa_free,90
NL,HN,visa_free,90
NL,HR,freedom_of_movement,
NL,HT,visa_free,90
NL,HU,freedom_of_movement,
NL,ID,visa_on_arrival,
NL,IE,freedom_of_movement,
NL,IL,visa_free,90
NL,IN,e_visa,
NL,IQ,visa_on_arrival,
NL,IR,visa_on_arrival,
NL,IS,freedom_of_movement,
NL,IT,freedom_of_movement,
NL,JM,visa_free,90
NL,JO,visa_on_arrival,
NL,JP,visa_free,90
NL,KE,eta,
NL,KG,visa_free,60
NL,KH,visa_on_arrival,
NL,KI,visa_free,90
NL,KM,visa_on_arrival,
NL,KN,visa_free,90
NL,KP,visa_required,
NL,KR,visa_free,90
NL,KW,visa_on_arrival,
NL,KZ,visa_free,30
NL,LA,visa_on_arrival,
NL,LB,visa_on_arrival,
NL,LC,visa_free,90
NL,LI,freedom_of_movement,
NL,LK,visa_on_arrival,
NL,LR,visa_required,
NL,LS,visa_free,14
NL,LT,freedom_of_movement,
NL,LU,freedom_of_movement,
NL,LV,freedom_of_movement,
NL,LY,e_visa,
NL,MA,visa_free,90
NL,MC,visa_free,
NL,MD,visa_free,90
NL,ME,visa_free,90
NL,MG,visa_on_arrival,
NL,MH,visa_free,90
NL,MK,visa_free,90
NL,ML,visa_required,
NL,MM,e_visa,
NL,MN,visa_free,30
NL,MO,visa_free,90
NL,MR,visa_on_arrival,
NL,MT,freedom_of_movement,
NL,MU,visa_free,90
NL,MV,visa_on_arrival,
NL,MW,visa_free,30
NL,MX,visa_free,180
NL,MY,visa_free,90
NL,MZ,visa_free,30
NL,NA,visa_free,90
NL,NE,visa_required,
NL,NG,e_visa,
NL,NI,visa_free,90
NL,NO,freedom_of_movement,
NL,NP,visa_on_arrival,
NL,NR,visa_required,
NL,NZ,eta,
NL,OM,visa_on_arrival,
NL,PA,visa_free,90
NL,PE,visa_free,90
NL,PG,eta,
NL,PH,visa_free,30
NL,PK,eta,
NL,PL,freedom_of_movement,
NL,PS,visa_free,
NL,PT,freedom_of_movement,
NL,PW,visa_free,90
NL,PY,visa_free,90
NL,QA,visa_on_arrival,
NL,RO,freedom_of_movement,
NL,RS,visa_free,90
NL,RU,e_visa,
NL,RW,visa_on_arrival,
NL,SA,visa_on_arrival,
NL,SB,visa_free,90
NL,SC,visa_free,90
NL,SD,visa_required,
NL,SE,freedom_of_movement,
NL,SG,visa_free,90
NL,SI,freedom_of_movement,
NL,SK,freedom_of_movement,
NL,SL,visa_on_arrival,
NL,SM,visa_free,
NL,SN,visa_free,90
NL,SO,visa_on_arrival,
NL,SR,visa_required,
NL,SS,e_visa,
NL,ST,visa_free,15
NL,SV,visa_free,180
NL,SY,e_visa,
NL,SZ,visa_free,30
NL,TD,visa_required,
NL,TG,e_visa,
NL,TH,visa_free,60
NL,TJ,visa_free,30
NL,TL,visa_free,90
NL,TM,visa_required,
NL,TN,visa_free,90
NL,TO,visa_free,90
NL,TR,visa_free,90
NL,TT,visa_free,90
NL,TV,visa_free,90
NL,TW,visa_free,90
NL,TZ,visa_on_arrival,
NL,UA,visa_free,90
NL,UG,e_visa,
NL,US,eta,
NL,UY,visa_free,90
NL,UZ,visa_free,30
NL,VA,visa_free,
NL,VC,visa_free,90
NL,VE,visa_free,90
NL,VN,e_visa,
NL,VU,visa_free,120
NL,WS,visa_free,90
NL,XK,visa_free,90
NL,YE,visa_required,
NL,ZA,visa_free,90
NL,ZM,visa_free,90
NL,ZW,visa_on_arrival,
NO,AD,visa_free,
NO,AE,visa_free,90
NO,AF,visa_required,
NO,AG,visa_free,180
NO,AL,visa_free,90
NO,AM,visa_free,180
NO,AO,visa_free,30
NO,AR,visa_free,90
NO,AT,freedom_of_movement,
NO,AU,eta,
NO,AZ,e_visa,
NO,BA,visa_free,90
NO,BB,visa_free,90
NO,BD,visa_on_arrival,
NO,BE,freedom_of_movement,
NO,BF,visa_on_arrival,
NO,BG,freedom_of_movement,
NO,BH,visa_on_arrival,
NO,BI,visa_on_arrival,
NO,BJ,e_visa,
NO,BN,visa_free,90
NO,BO,visa_free,90
NO,BR,visa_free,90
NO,BS,visa_free,240
NO,BT,e_visa,
NO,BW,visa_free,90
NO,BY,visa_free,30
NO,BZ,visa_free,
NO,CA,eta,
NO,CD,e_visa,
NO,CF,visa_required,
NO,CG,visa_required,
NO,CH,freedom_of_movement,
NO,CI,eta,
NO,CL,visa_free,90
NO,CM,e_visa,
NO,CN,visa_free,30
NO,CO,visa_free,90
NO,CR,visa_free,180
NO,CU,e_visa,
NO,CV,visa_free,30
NO,CY,freedom_of_movement,
NO,CZ,freedom_of_movement,
NO,DE,freedom_of_movement,
NO,DJ,visa_on_arrival,
NO,DK,freedom_of_movement,
NO,DM,visa_free,180
NO,DO,visa_free,
NO,DZ,visa_required,
NO,EC,visa_free,90
NO,EE,freedom_of_movement,
NO,EG,visa_on_arrival,
NO,ER,visa_required,
NO,ES,freedom_of_movement,
NO,ET,visa_on_arrival,
NO,FI,freedom_of_movement,
NO,FJ,visa_free,120
NO,FM,visa_free,90
NO,FR,freedom_of_movement,
NO,GA,e_visa,
NO,GB,visa_free,180
NO,GD,visa_free,90
NO,GE,visa_free,360
NO,GH,visa_on_arrival,
NO,GM,visa_free,90
NO,GN,e_visa,
NO,GQ,e_visa,
NO,GR,freedom_of_movement,
NO,GT,visa_free,90
NO,GW,visa_on_arrival,
NO,GY,visa_free,90
NO,HK,visa_free,90
NO,HN,visa_free,90
NO,HR,freedom_of_movement,
NO,HT,visa_free,90
NO,HU,freedom_of_movement,
NO,ID,visa_on_arrival,
NO,IE,freedom_of_movement,
NO,IL,visa_free,90
NO,IN,e_visa,
NO,IQ,visa_on_arrival,
NO,IR,visa_on_arrival,
NO,IS,freedom_of_movement,
NO,IT,freedom_of_movement,
NO,JM,visa_free,90
NO,JO,visa_on_arrival,
NO,JP,visa_free,90
NO,KE,eta,
NO,KG,visa_free,60
NO,KH,visa_on_arrival,
NO,KI,visa_free,90
NO,KM,visa_on_arrival,
NO,KN,visa_free,90
NO,KP,visa_required,
NO,KR,visa_free,90
NO,KW,visa_on_arrival,
NO,KZ,visa_free,30
NO,LA,visa_free,15
NO,LB,visa_on_arrival,
NO,LC,visa_free,90
NO,LI,freedom_of_movement,
NO,LK,visa_on_arrival,
NO,LR,visa_required,
NO,LS,visa_free,14
NO,LT,freedom_of_movement,
NO,LU,freedom_of_movement,
NO,LV,freedom_of_movement,
NO,LY,e_visa,
NO,MA,visa_free,90
NO,MC,visa_free,
NO,MD,visa_free,90
NO,ME,visa_free,90
NO,MG,visa_on_arrival,
NO,MH,visa_on_arrival,
NO,MK,visa_free,90
NO,ML,visa_required,
NO,MM,e_visa,
NO,MN,visa_free,30
NO,MO,visa_free,90
NO,MR,visa_on_arrival,
NO,MT,freedom_of_movement,
NO,MU,visa_free,90
NO,MV,visa_on_arrival,
NO,MW,visa_free,30
NO,MX,visa_free,180
NO,MY,visa_free,90
NO,MZ,visa_free,30
NO,NA,visa_free,90
NO,NE,visa_required,
NO,NG,e_visa,
NO,NI,visa_free,90
NO,NL,freedom_of_movement,
NO,NP,visa_on_arrival,
NO,NR,visa_required,
NO,NZ,eta,
NO,OM,visa_on_arrival,
NO,PA,visa_free,90
NO,PE,visa_free,90
NO,PG,eta,
NO,PH,visa_free,30
NO,PK,eta,
NO,PL,freedom_of_movement,
NO,PS,visa_free,
NO,PT,freedom_of_movement,
NO,PW,visa_on_arrival,
NO,PY,visa_free,90
NO,QA,visa_on_arrival,
NO,RO,freedom_of_movement,
NO,RS,visa_free,90
NO,RU,e_visa,
NO,RW,visa_on_arrival,
NO,SA,visa_on_arrival,
NO,SB,visa_free,90
NO,SC,visa_free,90
NO,SD,visa_required,
NO,SE,freedom_of_movement,
NO,SG,visa_free,90
NO,SI,freedom_of_movement,
NO,SK,freedom_of_movement,
NO,SL,visa_on_arrival,
NO,SM,visa_free,
NO,SN,visa_on_arrival,
NO,SO,visa_on_arrival,
NO,SR,visa_required,
NO,SS,e_visa,
NO,ST,visa_free,15
NO,SV,visa_free,180
NO,SY,e_visa,
NO,SZ,visa_free,30
NO,TD,visa_required,
NO,TG,e_visa,
NO,TH,visa_free,60
NO,TJ,visa_free,30
NO,TL,visa_free,90
NO,TM,visa_required,
NO,TN,visa_free,90
NO,TO,visa_free,90
NO,TR,visa_free,90
NO,TT,visa_free,90
NO,TV,visa_free,90
NO,TW,visa_free,90
NO,TZ,visa_on_arrival,
NO,UA,visa_free,90
NO,UG,e_visa,
NO,US,eta,
NO,UY,visa_free,90
NO,UZ,visa_free,30
NO,VA,visa_free,
NO,VC,visa_free,90
NO,VE,visa_free,90
NO,VN,visa_free,45
NO,VU,visa_free,120
NO,WS,visa_on_arrival,
NO,XK,visa_free,90
NO,YE,visa_required,
NO,ZA,visa_free,90
NO,ZM,visa_free,90
NO,ZW,visa_on_arrival,
NP,AD,visa_required,
NP,AE,e_visa,
NP,AF,visa_required,
NP,AG,e_visa,
NP,AL,e_visa,
NP,AM,visa_required,
NP,AO,visa_required,
NP,AR,visa_required,
NP,AT,visa_required,
NP,AU,e_visa,
NP,AZ,e_visa,
NP,BA,visa_required,
NP,BB,visa_free,90
NP,BD,visa_on_arrival,
NP,BE,visa_required,
NP,BF,e_visa,
NP,BG,visa_required,
NP,BH,e_visa,
NP,BI,visa_on_arrival,
NP,BJ,e_visa,
NP,BN,visa_required,
NP,BO,visa_on_arrival,
NP,BR,visa_required,
NP,BS,e_visa,
NP,BT,e_visa,
NP,BW,e_visa,
NP,BY,visa_required,
NP,BZ,visa_required,
NP,CA,visa_required,
NP,CD,e_visa,
NP,CF,visa_required,
NP,CG,visa_required,
NP,CH,visa_required,
NP,CI,eta,
NP,CL,visa_required,
NP,CM,e_visa,
NP,CN,visa_required,
NP,CO,e_visa,
NP,CR,visa_required,
NP,CU,visa_required,
NP,CV,visa_on_arrival,
NP,CY,visa_required,
NP,CZ,visa_required,
NP,DE,visa_required,
NP,DJ,visa_on_arrival,
NP,DK,visa_required,
NP,DM,visa_free,21
NP,DO,visa_required,
NP,DZ,visa_required,
NP,EC,e_visa,
NP,EE,visa_required,
NP,EG,visa_on_arrival,
NP,ER,visa_required,
NP,ES,visa_required,
NP,ET,e_visa,
NP,FI,visa_required,
NP,FJ,visa_required,
NP,FM,visa_free,30
NP,FR,visa_required,
NP,GA,e_visa,
NP,GB,visa_required,
NP,GD,visa_required,
NP,GE,e_visa,
NP,GH,visa_on_arrival,
NP,GM,visa_free,90
NP,GN,e_visa,
NP,GQ,e_visa,
NP,GR,visa_required,
NP,GT,visa_required,
NP,GW,visa_on_arrival,
NP,GY,visa_required,
NP,HK,e_visa,
NP,HN,visa_required,
NP,HR,visa_required,
NP,HT,visa_free,90
NP,HU,visa_required,
NP,ID,e_visa,
NP,IE,visa_required,
NP,IL,visa_required,
NP,IN,visa_free,
NP,IQ,e_visa,
NP,IR,visa_on_arrival,
NP,IS,visa_required,
NP,IT,visa_required,
NP,JM,visa_required,
NP,JO,visa_required,
NP,JP,visa_required,
NP,KE,eta,
NP,KG,e_visa,
NP,KH,visa_on_arrival,
NP,KI,visa_required,
NP,KM,visa_on_arrival,
NP,KN,e_visa,
NP,KP,visa_required,
NP,KR,e_visa,
NP,KW,visa_required,
NP,KZ,e_visa,
NP,LA,visa_on_arrival,
NP,LB,visa_required,
NP,LC,visa_required,
NP,LI,visa_required,
NP,LK,visa_on_arrival,
NP,LR,visa_required,
NP,LS,e_visa,
NP,LT,visa_required,
NP,LU,visa_required,
NP,LV,visa_required,
NP,LY,e_visa,
NP,MA,visa_required,
NP,MC,visa_required,
NP,MD,e_visa,
NP,ME,visa_required,
NP,MG,visa_on_arrival,
NP,MH,visa_required,
NP,MK,visa_required,
NP,ML,visa_required,
NP,MM,e_visa,
NP,MN,e_visa,
NP,MO,visa_required,
NP,MR,visa_on_arrival,
NP,MT,visa_required,
NP,MU,visa_on_arrival,
NP,MV,visa_on_arrival,
NP,MW,e_visa,
NP,MX,visa_required,
NP,MY,e_visa,
NP,MZ,visa_on_arrival,
NP,NA,visa_required,
NP,NE,visa_required,
NP,NG,e_visa,
NP,NI,visa_required,
NP,NL,visa_required,
NP,NO,visa_required,
NP,NR,visa_required,
NP,NZ,visa_required,
NP,OM,e_visa,
NP,PA,visa_required,
NP,PE,visa_required,
NP,PG,e_visa,
NP,PH,visa_free,30
NP,PK,visa_free,30
NP,PL,visa_required,
NP,PS,visa_free,
NP,PT,visa_required,
NP,PW,visa_on_arrival,
NP,PY,visa_required,
NP,QA,e_visa,
NP,RO,visa_required,
NP,RS,visa_required,
NP,RU,visa_required,
NP,RW,visa_on_arrival,
NP,SA,visa_required,
NP,SB,visa_required,
NP,SC,visa_free,90
NP,SD,visa_required,
NP,SE,visa_required,
NP,SG,visa_free,30
NP,SI,visa_required,
NP,SK,visa_required,
NP,SL,e_visa,
NP,SM,visa_required,
NP,SN,visa_on_arrival,
NP,SO,e_visa,
NP,SR,e_visa,
NP,SS,e_visa,
NP,ST,e_visa,
NP,SV,e_visa,
NP,SY,e_visa,
NP,SZ,visa_required,
NP,TD,visa_required,
NP,TG,e_visa,
NP,TH,visa_required,
NP,TJ,e_visa,
NP,TL,visa_on_arrival,
NP,TM,visa_required,
NP,TN,visa_required,
NP,TO,visa_required,
NP,TR,visa_required,
NP,TT,visa_required,
NP,TV,visa_on_arrival,
NP,TW,visa_required,
NP,TZ,visa_on_arrival,
NP,UA,visa_required,
NP,UG,e_visa,
NP,US,visa_required,
NP,UY,visa_required,
NP,UZ,e_visa,
NP,VA,visa_required,
NP,VC,visa_free,90
NP,VE,visa_required,
NP,VN,e_visa,
NP,VU,visa_required,
NP,WS,visa_on_arrival,
NP,XK,visa_required,
NP,YE,visa_required,
NP,ZA,visa_required,
NP,ZM,e_visa,
NP,ZW,e_visa,
NR,AD,visa_required,
NR,AE,visa_free,90
NR,AF,visa_required,
NR,AG,visa_free,180
NR,AL,e_visa,
NR,AM,e_visa,
NR,AO,visa_free,30
NR,AR,visa_required,
NR,AT,visa_required,
NR,AU,e_visa,
NR,AZ,visa_required,
NR,BA,visa_required,
NR,BB,visa_free,90
NR,BD,visa_on_arrival,
NR,BE,visa_required,
NR,BF,e_visa,
NR,BG,visa_required,
NR,BH,e_visa,
NR,BI,visa_on_arrival,
NR,BJ,e_visa,
NR,BN,visa_required,
NR,BO,visa_on_arrival,
NR,BR,visa_required,
NR,BS,visa_free,90
NR,BT,e_visa,
NR,BW,visa_free,90
NR,BY,visa_required,
NR,BZ,visa_required,
NR,CA,visa_required,
NR,CD,e_visa,
NR,CF,visa_required,
NR,CG,visa_required,
NR,CH,visa_required,
NR,CI,eta,
NR,CL,visa_required,
NR,CM,e_visa,
NR,CN,visa_required,
NR,CO,e_visa,
NR,CR,visa_free,30
NR,CU,e_visa,
NR,CV,visa_on_arrival,
NR,CY,visa_required,
NR,CZ,visa_required,
NR,DE,visa_required,
NR,DJ,visa_on_arrival,
NR,DK,visa_required,
NR,DM,visa_free,180
NR,DO,visa_free,
NR,DZ,visa_required,
NR,EC,visa_free,90
NR,EE,visa_required,
NR,EG,visa_on_arrival,
NR,ER,visa_required,
NR,ES,visa_required,
NR,ET,e_visa,
NR,FI,visa_required,
NR,FJ,visa_free,120
NR,FM,visa_free,30
NR,FR,visa_required,
NR,GA,e_visa,
NR,GB,eta,
NR,GD,visa_free,90
NR,GE,e_visa,
NR,GH,visa_on_arrival,
NR,GM,visa_free,90
NR,GN,e_visa,
NR,GQ,e_visa,
NR,GR,visa_required,
NR,GT,visa_required,
NR,GW,visa_on_arrival,
NR,GY,visa_required,
NR,HK,visa_free,90
NR,HN,visa_required,
NR,HR,visa_required,
NR,HT,visa_free,90
NR,HU,visa_required,
NR,ID,e_visa,
NR,IE,visa_free,90
NR,IL,visa_free,90
NR,IN,e_visa,
NR,IQ,e_visa,
NR,IR,visa_on_arrival,
NR,IS,visa_required,
NR,IT,visa_required,
NR,JM,visa_free,
NR,JO,visa_on_arrival,
NR,JP,visa_required,
NR,KE,eta,
NR,KG,e_visa,
NR,KH,visa_on_arrival,
NR,KI,visa_free,90
NR,KM,visa_on_arrival,
NR,KN,visa_free,90
NR,KP,visa_required,
NR,KR,visa_free,30
NR,KW,visa_required,
NR,KZ,e_visa,
NR,LA,visa_required,
NR,LB,visa_required,
NR,LC,visa_free,42
NR,LI,visa_required,
NR,LK,visa_on_arrival,
NR,LR,visa_required,
NR,LS,visa_free,90
NR,LT,visa_required,
NR,LU,visa_required,
NR,LV,visa_required,
NR,LY,e_visa,
NR,MA,visa_required,
NR,MC,visa_required,
NR,MD,e_visa,
NR,ME,visa_required,
NR,MG,visa_on_arrival,
NR,MH,visa_on_arrival,
NR,MK,visa_required,
NR,ML,visa_required,
NR,MM,visa_required,
NR,MN,e_visa,
NR,MO,visa_on_arrival,
NR,MR,visa_on_arrival,
NR,MT,visa_required,
NR,MU,visa_free,90
NR,MV,visa_on_arrival,
NR,MW,visa_free,90
NR,MX,visa_required,
NR,MY,visa_free,30
NR,MZ,visa_on_arrival,
NR,NA,visa_required,
NR,NE,visa_required,
NR,NG,e_visa,
NR,NI,visa_on_arrival,
NR,NL,visa_required,
NR,NO,visa_required,
NR,NP,visa_on_arrival,
NR,NZ,visa_required,
NR,OM,e_visa,
NR,PA,visa_free,90
NR,PE,visa_free,180
NR,PG,visa_on_arrival,
NR,PH,visa_required,
NR,PK,e_visa,
NR,PL,visa_required,
NR,PS,visa_free,
NR,PT,visa_required,
NR,PW,visa_on_arrival,
NR,PY,visa_required,
NR,QA,e_visa,
NR,RO,visa_required,
NR,RS,visa_required,
NR,RU,visa_free,14
NR,RW,visa_free,30
NR,SA,visa_required,
NR,SB,visa_on_arrival,
NR,SC,visa_free,90
NR,SD,visa_required,
NR,SE,visa_required,
NR,SG,visa_free,30
NR,SI,visa_required,
NR,SK,visa_required,
NR,SL,visa_on_arrival,
NR,SM,visa_required,
NR,SN,visa_required,
NR,SO,e_visa,
NR,SR,visa_required,
NR,SS,e_visa,
NR,ST,e_visa,
NR,SV,e_visa,
NR,SY,e_visa,
NR,SZ,visa_free,30
NR,TD,visa_required,
NR,TG,e_visa,
NR,TH,visa_on_arrival,
NR,TJ,e_visa,
NR,TL,visa_on_arrival,
NR,TM,visa_required,
NR,TN,visa_required,
NR,TO,visa_on_arrival,
NR,TR,visa_required,
NR,TT,visa_free,
NR,TV,visa_on_arrival,
NR,TW,visa_free,30
NR,TZ,visa_free,90
NR,UA,visa_required,
NR,UG,e_visa,
NR,US,visa_required,
NR,UY,visa_required,
NR,UZ,e_visa,
NR,VA,visa_required,
NR,VC,visa_free,90
NR,VE,visa_required,
NR,VN,e_visa,
NR,VU,visa_free,120
NR,WS,visa_on_arrival,
NR,XK,visa_free,90
NR,YE,visa_required,
NR,ZA,visa_required,
NR,ZM,visa_free,90
NR,ZW,visa_free,90
NZ,AD,visa_free,90
NZ,AE,visa_free,30
NZ,AF,visa_required,
NZ,AG,visa_free,180
NZ,AL,visa_free,90
NZ,AM,visa_free,180
NZ,AO,visa_free,30
NZ,AR,visa_free,90
NZ,AT,visa_free,90
NZ,AU,visa_free,
NZ,AZ,e_visa,
NZ,BA,visa_free,90
NZ,BB,visa_free,180
NZ,BD,visa_on_arrival,
NZ,BE,visa_free,90
NZ,BF,visa_on_arrival,
NZ,BG,visa_free,90
NZ,BH,visa_on_arrival,
NZ,BI,visa_on_arrival,
NZ,BJ,e_visa,
NZ,BN,visa_free,30
NZ,BO,visa_free,90
NZ,BR,visa_free,90
NZ,BS,visa_free,90
NZ,BT,e_visa,
NZ,BW,visa_free,90
NZ,BY,visa_free,30
NZ,BZ,visa_free,
NZ,CA,eta,
NZ,CD,e_visa,
NZ,CF,visa_required,
NZ,CG,visa_required,
NZ,CH,visa_free,90
NZ,CI,eta,
NZ,CL,visa_free,90
NZ,CM,e_visa,
NZ,CN,visa_free,30
NZ,CO,visa_free,90
NZ,CR,visa_free,180
NZ,CU,e_visa,
NZ,CV,visa_on_arrival,
NZ,CY,visa_free,90
NZ,CZ,visa_free,90
NZ,DE,visa_free,90
NZ,DJ,visa_on_arrival,
NZ,DK,visa_free,90
NZ,DM,visa_free,180
NZ,DO,visa_free,
NZ,DZ,visa_required,
NZ,EC,visa_free,90
NZ,EE,visa_free,90
NZ,EG,visa_on_arrival,
NZ,ER,visa_required,
NZ,ES,visa_free,90
NZ,ET,visa_on_arrival,
NZ,FI,visa_free,90
NZ,FJ,visa_free,120
NZ,FM,visa_free,30
NZ,FR,visa_free,90
NZ,GA,e_visa,
NZ,GB,eta,
NZ,GD,visa_free,90
NZ,GE,visa_free,360
NZ,GH,visa_on_arrival,
NZ,GM,visa_free,90
NZ,GN,e_visa,
NZ,GQ,e_visa,
NZ,GR,visa_free,90
NZ,GT,visa_free,90
NZ,GW,visa_on_arrival,
NZ,GY,visa_free,90
NZ,HK,visa_free,90
NZ,HN,visa_free,90
NZ,HR,visa_free,90
NZ,HT,visa_free,90
NZ,HU,visa_free,90
NZ,ID,visa_on_arrival,
NZ,IE,visa_free,90
NZ,IL,visa_free,90
NZ,IN,e_visa,
NZ,IQ,visa_on_arrival,
NZ,IR,visa_on_arrival,
NZ,IS,visa_free,90
NZ,IT,visa_free,90
NZ,JM,visa_free,
NZ,JO,visa_on_arrival,
NZ,JP,visa_free,90
NZ,KE,eta,
NZ,KG,visa_free,60
NZ,KH,visa_on_arrival,
NZ,KI,visa_free,90
NZ,KM,visa_on_arrival,
NZ,KN,visa_free,90
NZ,KP,visa_required,
NZ,KR,visa_free,90
NZ,KW,visa_on_arrival,
NZ,KZ,visa_free,30
NZ,LA,visa_on_arrival,
NZ,LB,visa_on_arrival,
NZ,LC,visa_free,42
NZ,LI,visa_free,90
NZ,LK,visa_on_arrival,
NZ,LR,visa_required,
NZ,LS,visa_free,14
NZ,LT,visa_free,90
NZ,LU,visa_free,90
NZ,LV,visa_free,90
NZ,LY,e_visa,
NZ,MA,visa_free,90
NZ,MC,visa_free,90
NZ,MD,visa_free,90
NZ,ME,visa_free,90
NZ,MG,visa_on_arrival,
NZ,MH,visa_on_arrival,
NZ,MK,visa_free,90
NZ,ML,visa_required,
NZ,MM,e_visa,
NZ,MN,visa_free,30
NZ,MO,visa_free,90
NZ,MR,visa_on_arrival,
NZ,MT,visa_free,90
NZ,MU,visa_free,90
NZ,MV,visa_on_arrival,
NZ,MW,visa_free,30
NZ,MX,visa_free,180
NZ,MY,visa_free,90
NZ,MZ,visa_on_arrival,
NZ,NA,visa_free,90
NZ,NE,visa_required,
NZ,NG,e_visa,
NZ,NI,visa_free,90
NZ,NL,visa_free,90
NZ,NO,visa_free,90
NZ,NP,visa_on_arrival,
NZ,NR,visa_required,
NZ,OM,visa_free,90
NZ,PA,visa_free,90
NZ,PE,visa_free,180
NZ,PG,eta,
NZ,PH,visa_free,30
NZ,PK,eta,
NZ,PL,visa_free,90
NZ,PS,visa_free,
NZ,PT,visa_free,90
NZ,PW,visa_on_arrival,
NZ,PY,visa_free,90
NZ,QA,visa_on_arrival,
NZ,RO,visa_free,90
NZ,RS,visa_free,90
NZ,RU,visa_required,
NZ,RW,visa_free,30
NZ,SA,visa_on_arrival,
NZ,SB,visa_on_arrival,
NZ,SC,visa_free,90
NZ,SD,visa_required,
NZ,SE,visa_free,90
NZ,SG,visa_free,90
NZ,SI,visa_free,90
NZ,SK,visa_free,90
NZ,SL,visa_on_arrival,
NZ,SM,visa_free,90
NZ,SN,visa_on_arrival,
NZ,SO,e_visa,
NZ,SR,visa_required,
NZ,SS,e_visa,
NZ,ST,e_visa,
NZ,SV,visa_free,180
NZ,SY,e_visa,
NZ,SZ,visa_free,30
NZ,TD,visa_required,
NZ,TG,e_visa,
NZ,TH,visa_free,60
NZ,TJ,visa_free,30
NZ,TL,visa_on_arrival,
NZ,TM,visa_required,
NZ,TN,visa_free,90
NZ,TO,visa_on_arrival,
NZ,TR,visa_free,90
NZ,TT,visa_on_arrival,
NZ,TV,visa_on_arrival,
NZ,TW,visa_free,90
NZ,TZ,visa_on_arrival,
NZ,UA,visa_free,90
NZ,UG,e_visa,
NZ,US,eta,
NZ,UY,visa_free,90
NZ,UZ,visa_free,30
NZ,VA,visa_free,90
NZ,VC,visa_free,90
NZ,VE,visa_free,90
NZ,VN,e_visa,
NZ,VU,visa_free,120
NZ,WS,visa_on_arrival,
NZ,XK,visa_free,90
NZ,YE,visa_required,
NZ,ZA,visa_free,90
NZ,ZM,visa_free,90
NZ,ZW,visa_on_arrival,
OM,AD,visa_required,
OM,AE,visa_free,
OM,AF,visa_required,
OM,AG,e_visa,
OM,AL,visa_free,90
OM,AM,visa_on_arrival,
OM,AO,visa_required,
OM,AR,visa_required,
OM,AT,visa_required,
OM,AU,e_visa,
OM,AZ,visa_on_arrival,
OM,BA,visa_required,
OM,BB,visa_free,90
OM,BD,visa_on_arrival,
OM,BE,visa_required,
OM,BF,e_visa,
OM,BG,visa_required,
OM,BH,visa_free,
OM,BI,visa_on_arrival,
OM,BJ,e_visa,
OM,BN,visa_free,30
OM,BO,visa_on_arrival,
OM,BR,visa_required,
OM,BS,visa_free,90
OM,BT,e_visa,
OM,BW,visa_free,90
OM,BY,visa_free,30
OM,BZ,visa_required,
OM,CA,visa_required,
OM,CD,e_visa,
OM,CF,visa_required,
OM,CG,visa_required,
OM,CH,visa_required,
OM,CI,eta,
OM,CL,visa_required,
OM,CM,e_visa,
OM,CN,visa_required,
OM,CO,visa_free,90
OM,CR,visa_required,
OM,CU,e_visa,
OM,CV,visa_on_arrival,
OM,CY,visa_required,
OM,CZ,visa_required,
OM,DE,visa_required,
OM,DJ,visa_on_arrival,
OM,DK,visa_required,
OM,DM,visa_free,21
OM,DO,visa_required,
OM,DZ,visa_required,
OM,EC,visa_free,90
OM,EE,visa_required,
OM,EG,visa_free,180
OM,ER,visa_required,
OM,ES,visa_required,
OM,ET,visa_on_arrival,
OM,FI,visa_required,
OM,FJ,visa_required,
OM,FM,visa_free,90
OM,FR,visa_required,
OM,GA,e_visa,
OM,GB,eta,
OM,GD,visa_required,
OM,GE,visa_free,360
OM,GH,visa_on_arrival,
OM,GM,visa_required,
OM,GN,e_visa,
OM,GQ,e_visa,
OM,GR,visa_required,
OM,GT,visa_required,
OM,GW,visa_on_arrival,
OM,GY,visa_required,
OM,HK,visa_free,30
OM,HN,visa_required,
OM,HR,visa_required,
OM,HT,visa_free,90
OM,HU,visa_required,
OM,ID,visa_on_arrival,
OM,IE,visa_required,
OM,IL,visa_required,
OM,IN,e_visa,
OM,IQ,visa_on_arrival,
OM,IR,visa_free,90
OM,IS,visa_required,
OM,IT,visa_required,
OM,JM,visa_required,
OM,JO,visa_free,90
OM,JP,visa_required,
OM,KE,eta,
OM,KG,visa_free,60
OM,KH,visa_on_arrival,
OM,KI,visa_required,
OM,KM,visa_on_arrival,
OM,KN,e_visa,
OM,KP,visa_required,
OM,KR,visa_free,30
OM,KW,visa_free,
OM,KZ,visa_free,30
OM,LA,visa_on_arrival,
OM,LB,visa_free,180
OM,LC,visa_required,
OM,LI,visa_required,
OM,LK,visa_on_arrival,
OM,LR,visa_required,
OM,LS,e_visa,
OM,LT,visa_required,
OM,LU,visa_required,
OM,LV,visa_required,
OM,LY,e_visa,
OM,MA,visa_free,90
OM,MC,visa_required,
OM,MD,e_visa,
OM,ME,visa_required,
OM,MG,visa_on_arrival,
OM,MH,visa_required,
OM,MK,visa_required,
OM,ML,visa_required,
OM,MM,visa_required,
OM,MN,visa_required,
OM,MO,visa_on_arrival,
OM,MR,visa_on_arrival,
OM,MT,visa_required,
OM,MU,visa_free,90
OM,MV,visa_on_arrival,
OM,MW,e_visa,
OM,MX,visa_required,
OM,MY,visa_free,90
OM,MZ,visa_on_arrival,
OM,NA,visa_required,
OM,NE,visa_required,
OM,NG,e_visa,
OM,NI,visa_on_arrival,
OM,NL,visa_required,
OM,NO,visa_required,
OM,NP,visa_on_arrival,
OM,NR,visa_required,
OM,NZ,eta,
OM,PA,visa_required,
OM,PE,visa_required,
OM,PG,e_visa,
OM,PH,visa_free,30
OM,PK,visa_free,90
OM,PL,visa_required,
OM,PS,visa_free,
OM,PT,visa_required,
OM,PW,visa_on_arrival,
OM,PY,visa_on_arrival,
OM,QA,visa_free,
OM,RO,visa_required,
OM,RS,visa_free,90
OM,RU,e_visa,
OM,RW,visa_on_arrival,
OM,SA,visa_free,
OM,SB,visa_required,
OM,SC,visa_free,90
OM,SD,visa_required,
OM,SE,visa_required,
OM,SG,visa_free,30
OM,SI,visa_required,
OM,SK,visa_required,
OM,SL,visa_on_arrival,
OM,SM,visa_required,
OM,SN,visa_on_arrival,
OM,SO,visa_on_arrival,
OM,SR,visa_required,
OM,SS,e_visa,
OM,ST,e_visa,
OM,SV,e_visa,
OM,SY,visa_free,
OM,SZ,visa_required,
OM,TD,visa_required,
OM,TG,e_visa,
OM,TH,visa_free,60
OM,TJ,visa_free,30
OM,TL,visa_on_arrival,
OM,TM,visa_required,
OM,TN,visa_free,90
OM,TO,visa_required,
OM,TR,visa_free,90
OM,TT,visa_required,
OM,TV,visa_on_arrival,
OM,TW,e_visa,
OM,TZ,visa_on_arrival,
OM,UA,visa_free,90
OM,UG,e_visa,
OM,US,visa_required,
OM,UY,visa_required,
OM,UZ,visa_free,10
OM,VA,visa_required,
OM,VC,visa_free,90
OM,VE,visa_required,
OM,VN,e_visa,
OM,VU,visa_free,120
OM,WS,visa_on_arrival,
OM,XK,visa_free,90
OM,YE,visa_on_arrival,
OM,ZA,e_visa,
OM,ZM,visa_free,90
OM,ZW,e_visa,
PA,AD,visa_free,90
PA,AE,e_visa,
PA,AF,visa_required,
PA,AG,visa_free,180
PA,AL,visa_free,90
PA,AM,visa_on_arrival,
PA,AO,visa_free,30
PA,AR,visa_free,90
PA,AT,visa_free,90
PA,AU,e_visa,
PA,AZ,e_visa,
PA,BA,visa_free,90
PA,BB,visa_free,28
PA,BD,visa_on_arrival,
PA,BE,visa_free,90
PA,BF,e_visa,
PA,BG,visa_free,90
PA,BH,e_visa,
PA,BI,visa_on_arrival,
PA,BJ,e_visa,
PA,BN,visa_required,
PA,BO,visa_free,90
PA,BR,visa_free,90
PA,BS,visa_free,90
PA,BT,e_visa,
PA,BW,e_visa,
PA,BY,visa_free,30
PA,BZ,visa_free,30
PA,CA,visa_required,
PA,CD,e_visa,
PA,CF,visa_required,
PA,CG,visa_required,
PA,CH,visa_free,90
PA,CI,eta,
PA,CL,visa_free,90
PA,CM,e_visa,
PA,CN,visa_required,
PA,CO,visa_free,90
PA,CR,visa_free,180
PA,CU,e_visa,
PA,CV,visa_on_arrival,
PA,CY,visa_free,90
PA,CZ,visa_free,90
PA,DE,visa_free,90
PA,DJ,visa_on_arrival,
PA,DK,visa_free,90
PA,DM,visa_free,21
PA,DO,visa_free,
PA,DZ,visa_required,
PA,EC,visa_free,90
PA,EE,visa_free,90
PA,EG,visa_on_arrival,
PA,ER,visa_required,
PA,ES,visa_free,90
PA,ET,e_visa,
PA,FI,visa_free,90
PA,FJ,visa_required,
PA,FM,visa_free,30
PA,FR,visa_free,90
PA,GA,e_visa,
PA,GB,eta,
PA,GD,visa_required,
PA,GE,visa_free,360
PA,GH,visa_on_arrival,
PA,GM,visa_required,
PA,GN,e_visa,
PA,GQ,e_visa,
PA,GR,visa_free,90
PA,GT,visa_free,90
PA,GW,visa_on_arrival,
PA,GY,visa_free,90
PA,HK,visa_free,30
PA,HN,visa_free,90
PA,HR,visa_free,90
PA,HT,visa_required,
PA,HU,visa_free,90
PA,ID,e_visa,
PA,IE,visa_free,90
PA,IL,visa_free,90
PA,IN,e_visa,
PA,IQ,e_visa,
PA,IR,visa_on_arrival,
PA,IS,visa_free,90
PA,IT,visa_free,90
PA,JM,visa_free,30
PA,JO,visa_on_arrival,
PA,JP,visa_free,90
PA,KE,eta,
PA,KG,e_visa,
PA,KH,visa_on_arrival,
PA,KI,visa_free,90
PA,KM,visa_on_arrival,
PA,KN,visa_free,90
PA,KP,visa_required,
PA,KR,eta,
PA,KW,visa_required,
PA,KZ,e_visa,
PA,LA,visa_on_arrival,
PA,LB,visa_on_arrival,
PA,LC,visa_free,42
PA,LI,visa_free,90
PA,LK,visa_on_arrival,
PA,LR,visa_required,
PA,LS,e_visa,
PA,LT,visa_free,90
PA,LU,visa_free,90
PA,LV,visa_free,90
PA,LY,e_visa,
PA,MA,visa_required,
PA,MC,visa_free,90
PA,MD,visa_free,90
PA,ME,visa_free,90
PA,MG,visa_on_arrival,
PA,MH,visa_required,
PA,MK,visa_free,90
PA,ML,visa_required,
PA,MM,e_visa,
PA,MN,e_visa,
PA,MO,visa_on_arrival,
PA,MR,visa_on_arrival,
PA,MT,visa_free,90
PA,MU,visa_on_arrival,
PA,MV,visa_on_arrival,
PA,MW,visa_on_arrival,
PA,MX,visa_free,180
PA,MY,visa_free,30
PA,MZ,visa_on_arrival,
PA,NA,visa_required,
PA,NE,visa_required,
PA,NG,e_visa,
PA,NI,visa_free,90
PA,NL,visa_free,90
PA,NO,visa_free,90
PA,NP,visa_on_arrival,
PA,NR,visa_required,
PA,NZ,visa_required,
PA,OM,e_visa,
PA,PE,visa_free,180
PA,PG,e_visa,
PA,PH,visa_free,30
PA,PK,e_visa,
PA,PL,visa_free,90
PA,PS,visa_free,
PA,PT,visa_free,90
PA,PW,visa_on_arrival,
PA,PY,visa_free,90
PA,QA,visa_on_arrival,
PA,RO,visa_free,90
PA,RS,visa_required,
PA,RU,visa_free,90
PA,RW,visa_on_arrival,
PA,SA,visa_on_arrival,
PA,SB,visa_required,
PA,SC,visa_free,90
PA,SD,visa_required,
PA,SE,visa_free,90
PA,SG,visa_free,30
PA,SI,visa_free,90
PA,SK,visa_free,90
PA,SL,visa_required,
PA,SM,visa_free,90
PA,SN,visa_required,
PA,SO,e_visa,
PA,SR,visa_required,
PA,SS,e_visa,
PA,ST,e_visa,
PA,SV,visa_free,180
PA,SY,e_visa,
PA,SZ,visa_required,
PA,TD,visa_required,
PA,TG,e_visa,
PA,TH,visa_free,60
PA,TJ,e_visa,
PA,TL,visa_on_arrival,
PA,TM,visa_required,
PA,TN,visa_required,
PA,TO,visa_required,
PA,TR,visa_free,90
PA,TT,visa_free,90
PA,TV,visa_on_arrival,
PA,TW,e_visa,
PA,TZ,visa_on_arrival,
PA,UA,visa_free,90
PA,UG,e_visa,
PA,US,visa_required,
PA,UY,visa_free,90
PA,UZ,visa_free,30
PA,VA,visa_free,90
PA,VC,visa_free,90
PA,VE,visa_required,
PA,VN,visa_free,90
PA,VU,visa_required,
PA,WS,visa_on_arrival,
PA,XK,visa_free,90
PA,YE,visa_required,
PA,ZA,visa_free,90
PA,ZM,visa_on_arrival,
PA,ZW,visa_on_arrival,
PE,AD,visa_free,90
PE,AE,visa_free,90
PE,AF,visa_required,
PE,AG,visa_free,180
PE,AL,visa_free,90
PE,AM,visa_on_arrival,
PE,AO,visa_required,
PE,AR,visa_free,90
PE,AT,visa_free,90
PE,AU,e_visa,
PE,AZ,e_visa,
PE,BA,visa_free,90
PE,BB,visa_free,28
PE,BD,visa_on_arrival,
PE,BE,visa_free,90
PE,BF,e_visa,
PE,BG,visa_free,90
PE,BH,visa_on_arrival,
PE,BI,visa_on_arrival,
PE,BJ,e_visa,
PE,BN,visa_free,14
PE,BO,visa_free,90
PE,BR,visa_free,90
PE,BS,visa_free,90
PE,BT,e_visa,
PE,BW,visa_free,90
PE,BY,visa_free,30
PE,BZ,visa_free,30
PE,CA,visa_required,
PE,CD,e_visa,
PE,CF,visa_required,
PE,CG,visa_required,
PE,CH,visa_free,90
PE,CI,eta,
PE,CL,visa_free,90
PE,CM,e_visa,
PE,CN,visa_required,
PE,CO,visa_free,90
PE,CR,visa_free,180
PE,CU,e_visa,
PE,CV,visa_on_arrival,
PE,CY,visa_free,90
PE,CZ,visa_free,90
PE,DE,visa_free,90
PE,DJ,visa_on_arrival,
PE,DK,visa_free,90
PE,DM,visa_free,21
PE,DO,visa_free,
PE,DZ,visa_required,
PE,EC,visa_free,180
PE,EE,visa_free,90
PE,EG,visa_on_arrival,
PE,ER,visa_required,
PE,ES,visa_free,90
PE,ET,e_visa,
PE,FI,visa_free,90
PE,FJ,visa_free,120
PE,FM,visa_free,30
PE,FR,visa_free,90
PE,GA,e_visa,
PE,GB,eta,
PE,GD,visa_free,90
PE,GE,visa_free,90
PE,GH,visa_on_arrival,
PE,GM,visa_required,
PE,GN,e_visa,
PE,GQ,e_visa,
PE,GR,visa_free,90
PE,GT,visa_free,90
PE,GW,visa_on_arrival,
PE,GY,visa_free,90
PE,HK,visa_free,30
PE,HN,visa_free,30
PE,HR,visa_free,90
PE,HT,visa_free,90
PE,HU,visa_free,90
PE,ID,visa_on_arrival,
PE,IE,visa_required,
PE,IL,visa_free,90
PE,IN,e_visa,
PE,IQ,e_visa,
PE,IR,visa_free,15
PE,IS,visa_free,90
PE,IT,visa_free,90
PE,JM,visa_free,30
PE,JO,visa_on_arrival,
PE,JP,visa_required,
PE,KE,eta,
PE,KG,e_visa,
PE,KH,visa_on_arrival,
PE,KI,visa_free,90
PE,KM,visa_on_arrival,
PE,KN,visa_free,90
PE,KP,visa_required,
PE,KR,eta,
PE,KW,visa_required,
PE,KZ,e_visa,
PE,LA,visa_on_arrival,
PE,LB,visa_on_arrival,
PE,LC,visa_on_arrival,
PE,LI,visa_free,90
PE,LK,visa_on_arrival,
PE,LR,visa_required,
PE,LS,e_visa,
PE,LT,visa_free,90
PE,LU,visa_free,90
PE,LV,visa_free,90
PE,LY,e_visa,
PE,MA,visa_free,90
PE,MC,visa_free,90
PE,MD,visa_free,90
PE,ME,visa_free,30
PE,MG,visa_on_arrival,
PE,MH,visa_on_arrival,
PE,MK,visa_free,90
PE,ML,visa_required,
PE,MM,e_visa,
PE,MN,visa_free,90
PE,MO,visa_on_arrival,
PE,MR,visa_on_arrival,
PE,MT,visa_free,90
PE,MU,visa_on_arrival,
PE,MV,visa_on_arrival,
PE,MW,visa_on_arrival,
PE,MX,visa_required,
PE,MY,visa_free,90
PE,MZ,visa_on_arrival,
PE,NA,visa_on_arrival,
PE,NE,visa_required,
PE,NG,e_visa,
PE,NI,visa_on_arrival,
PE,NL,visa_free,90
PE,NO,visa_free,90
PE,NP,visa_on_arrival,
PE,NR,visa_required,
PE,NZ,visa_required,
PE,OM,e_visa,
PE,PA,visa_free,90
PE,PG,eta,
PE,PH,visa_free,30
PE,PK,e_visa,
PE,PL,visa_free,90
PE,PS,visa_free,
PE,PT,visa_free,90
PE,PW,visa_on_arrival,
PE,PY,visa_free,90
PE,QA,visa_on_arrival,
PE,RO,visa_free,90
PE,RS,visa_free,90
PE,RU,visa_free,90
PE,RW,visa_on_arrival,
PE,SA,visa_required,
PE,SB,visa_required,
PE,SC,visa_free,90
PE,SD,visa_required,
PE,SE,visa_free,90
PE,SG,visa_free,30
PE,SI,visa_free,90
PE,SK,visa_free,90
PE,SL,e_visa,
PE,SM,visa_free,90
PE,SN,visa_required,
PE,SO,e_visa,
PE,SR,visa_required,
PE,SS,e_visa,
PE,ST,e_visa,
PE,SV,visa_free,180
PE,SY,e_visa,
PE,SZ,visa_required,
PE,TD,visa_required,
PE,TG,e_visa,
PE,TH,visa_free,60
PE,TJ,e_visa,
PE,TL,visa_on_arrival,
PE,TM,visa_required,
PE,TN,visa_required,
PE,TO,visa_required,
PE,TR,visa_free,90
PE,TT,visa_free,90
PE,TV,visa_on_arrival,
PE,TW,e_visa,
PE,TZ,visa_on_arrival,
PE,UA,visa_free,90
PE,UG,e_visa,
PE,US,visa_required,
PE,UY,visa_free,90
PE,UZ,e_visa,
PE,VA,visa_free,90
PE,VC,visa_free,90
PE,VE,visa_required,
PE,VN,e_visa,
PE,VU,visa_free,120
PE,WS,visa_on_arrival,
PE,XK,visa_required,
PE,YE,visa_required,
PE,ZA,visa_free,30
PE,ZM,visa_on_arrival,
PE,ZW,visa_on_arrival,
PG,AD,visa_required,
PG,AE,e_visa,
PG,AF,visa_required,
PG,AG,visa_free,180
PG,AL,e_visa,
PG,AM,e_visa,
PG,AO,visa_free,30
PG,AR,visa_required,
PG,AT,visa_required,
PG,AU,e_visa,
PG,AZ,visa_required,
PG,BA,visa_required,
PG,BB,visa_required,
PG,BD,visa_free,90
PG,BE,visa_required,
PG,BF,e_visa,
PG,BG,visa_required,
PG,BH,e_visa,
PG,BI,visa_on_arrival,
PG,BJ,e_visa,
PG,BN,visa_required,
PG,BO,visa_on_arrival,
PG,BR,visa_required,
PG,BS,visa_free,90
PG,BT,e_visa,
PG,BW,visa_free,90
PG,BY,visa_required,
PG,BZ,visa_free,
PG,CA,eta,
PG,CD,e_visa,
PG,CF,visa_required,
PG,CG,visa_required,
PG,CH,visa_required,
PG,CI,eta,
PG,CL,visa_required,
PG,CM,e_visa,
PG,CN,visa_required,
PG,CO,visa_free,90
PG,CR,visa_required,
PG,CU,e_visa,
PG,CV,visa_on_arrival,
PG,CY,visa_required,
PG,CZ,visa_required,
PG,DE,visa_required,
PG,DJ,visa_on_arrival,
PG,DK,visa_required,
PG,DM,visa_free,180
PG,DO,visa_free,
PG,DZ,visa_required,
PG,EC,visa_free,90
PG,EE,visa_required,
PG,EG,visa_on_arrival,
PG,ER,visa_required,
PG,ES,visa_required,
PG,ET,e_visa,
PG,FI,visa_required,
PG,FJ,visa_free,120
PG,FM,visa_free,30
PG,FR,visa_required,
PG,GA,e_visa,
PG,GB,eta,
PG,GD,visa_free,90
PG,GE,e_visa,
PG,GH,visa_on_arrival,
PG,GM,visa_free,90
PG,GN,e_visa,
PG,GQ,e_visa,
PG,GR,visa_required,
PG,GT,visa_required,
PG,GW,visa_on_arrival,
PG,GY,visa_required,
PG,HK,visa_free,90
PG,HN,visa_required,
PG,HR,visa_required,
PG,HT,visa_free,90
PG,HU,visa_required,
PG,ID,visa_on_arrival,
PG,IE,visa_required,
PG,IL,visa_free,90
PG,IN,e_visa,
PG,IQ,e_visa,
PG,IR,visa_on_arrival,
PG,IS,visa_required,
PG,IT,visa_required,
PG,JM,visa_free,
PG,JO,visa_required,
PG,JP,visa_required,
PG,KE,eta,
PG,KG,e_visa,
PG,KH,visa_on_arrival,
PG,KI,visa_free,90
PG,KM,visa_on_arrival,
PG,KN,visa_free,90
PG,KP,visa_required,
PG,KR,e_visa,
PG,KW,visa_required,
PG,KZ,e_visa,
PG,LA,visa_on_arrival,
PG,LB,visa_required,
PG,LC,visa_on_arrival,
PG,LI,visa_required,
PG,LK,visa_on_arrival,
PG,LR,visa_required,
PG,LS,visa_free,90
PG,LT,visa_required,
PG,LU,visa_required,
PG,LV,visa_required,
PG,LY,e_visa,
PG,MA,visa_required,
PG,MC,visa_required,
PG,MD,e_visa,
PG,ME,visa_required,
PG,MG,visa_on_arrival,
PG,MH,visa_on_arrival,
PG,MK,visa_required,
PG,ML,visa_required,
PG,MM,visa_required,
PG,MN,e_visa,
PG,MO,visa_on_arrival,
PG,MR,visa_on_arrival,
PG,MT,visa_required,
PG,MU,visa_free,90
PG,MV,visa_on_arrival,
PG,MW,visa_free,30
PG,MX,visa_required,
PG,MY,visa_free,30
PG,MZ,visa_on_arrival,
PG,NA,visa_required,
PG,NE,visa_required,
PG,NG,e_visa,
PG,NI,visa_on_arrival,
PG,NL,visa_required,
PG,NO,visa_required,
PG,NP,visa_on_arrival,
PG,NR,visa_on_arrival,
PG,NZ,visa_required,
PG,OM,e_visa,
PG,PA,visa_free,90
PG,PE,visa_free,180
PG,PH,visa_free,30
PG,PK,e_visa,
PG,PL,visa_required,
PG,PS,visa_free,
PG,PT,visa_required,
PG,PW,visa_on_arrival,
PG,PY,visa_required,
PG,QA,e_visa,
PG,RO,visa_required,
PG,RS,visa_required,
PG,RU,e_visa,
PG,RW,visa_free,30
PG,SA,visa_required,
PG,SB,visa_on_arrival,
PG,SC,visa_free,90
PG,SD,visa_required,
PG,SE,visa_required,
PG,SG,visa_free,30
PG,SI,visa_required,
PG,SK,visa_required,
PG,SL,visa_on_arrival,
PG,SM,visa_required,
PG,SN,visa_on_arrival,
PG,SO,e_visa,
PG,SR,visa_required,
PG,SS,e_visa,
PG,ST,e_visa,
PG,SV,e_visa,
PG,SY,e_visa,
PG,SZ,visa_free,30
PG,TD,visa_required,
PG,TG,e_visa,
PG,TH,visa_free,60
PG,TJ,e_visa,
PG,TL,visa_on_arrival,
PG,TM,visa_required,
PG,TN,visa_required,
PG,TO,visa_on_arrival,
PG,TR,visa_required,
PG,TT,visa_required,
PG,TV,visa_on_arrival,
PG,TW,visa_required,
PG,TZ,visa_free,90
PG,UA,visa_required,
PG,UG,e_visa,
PG,US,visa_required,
PG,UY,visa_required,
PG,UZ,visa_required,
PG,VA,visa_required,
PG,VC,visa_free,90
PG,VE,visa_required,
PG,VN,e_visa,
PG,VU,visa_free,120
PG,WS,visa_on_arrival,
PG,XK,visa_free,90
PG,YE,visa_required,
PG,ZA,visa_required,
PG,ZM,e_visa,
PG,ZW,visa_on_arrival,
PH,AD,visa_required,
PH,AE,e_visa,
PH,AF,visa_required,
PH,AG,e_visa,
PH,AL,e_visa,
PH,AM,e_visa,
PH,AO,visa_required,
PH,AR,visa_required,
PH,AT,visa_required,
PH,AU,e_visa,
PH,AZ,visa_required,
PH,BA,visa_required,
PH,BB,visa_free,90
PH,BD,visa_required,
PH,BE,visa_required,
PH,BF,e_visa,
PH,BG,visa_required,
PH,BH,e_visa,
PH,BI,visa_on_arrival,
PH,BJ,e_visa,
PH,BN,visa_free,14
PH,BO,visa_free,90
PH,BR,visa_free,90
PH,BS,e_visa,
PH,BT,e_visa,
PH,BW,e_visa,
PH,BY,visa_required,
PH,BZ,visa_required,
PH,CA,visa_required,
PH,CD,e_visa,
PH,CF,visa_required,
PH,CG,visa_required,
PH,CH,visa_required,
PH,CI,visa_free,90
PH,CL,visa_required,
PH,CM,e_visa,
PH,CN,visa_required,
PH,CO,visa_free,90
PH,CR,visa_free,30
PH,CU,visa_required,
PH,CV,visa_on_arrival,
PH,CY,visa_required,
PH,CZ,visa_required,
PH,DE,visa_required,
PH,DJ,visa_on_arrival,
PH,DK,visa_required,
PH,DM,visa_free,21
PH,DO,visa_required,
PH,DZ,visa_required,
PH,EC,e_visa,
PH,EE,visa_required,
PH,EG,visa_required,
PH,ER,visa_required,
PH,ES,visa_required,
PH,ET,visa_on_arrival,
PH,FI,visa_required,
PH,FJ,visa_free,120
PH,FM,visa_free,30
PH,FR,visa_required,
PH,GA,e_visa,
PH,GB,visa_required,
PH,GD,visa_required,
PH,GE,e_visa,
PH,GH,visa_on_arrival,
PH,GM,visa_free,90
PH,GN,e_visa,
PH,GQ,e_visa,
PH,GR,visa_required,
PH,GT,visa_required,
PH,GW,visa_on_arrival,
PH,GY,visa_required,
PH,HK,visa_free,14
PH,HN,visa_required,
PH,HR,visa_required,
PH,HT,visa_free,90
PH,HU,visa_required,
PH,ID,visa_free,30
PH,IE,visa_required,
PH,IL,visa_free,90
PH,IN,e_visa,
PH,IQ,e_visa,
PH,IR,visa_on_arrival,
PH,IS,visa_required,
PH,IT,visa_required,
PH,JM,visa_required,
PH,JO,visa_required,
PH,JP,visa_required,
PH,KE,eta,
PH,KG,visa_on_arrival,
PH,KH,visa_free,
PH,KI,visa_free,90
PH,KM,visa_on_arrival,
PH,KN,e_visa,
PH,KP,visa_required,
PH,KR,e_visa,
PH,KW,no_admission,
PH,KZ,visa_free,30
PH,LA,visa_free,30
PH,LB,visa_required,
PH,LC,visa_on_arrival,
PH,LI,visa_required,
PH,LK,visa_on_arrival,
PH,LR,visa_required,
PH,LS,e_visa,
PH,LT,visa_required,
PH,LU,visa_required,
PH,LV,visa_required,
PH,LY,e_visa,
PH,MA,visa_free,90
PH,MC,visa_required,
PH,MD,e_visa,
PH,ME,visa_required,
PH,MG,visa_on_arrival,
PH,MH,visa_on_arrival,
PH,MK,visa_required,
PH,ML,visa_required,
PH,MM,visa_free,14
PH,MN,visa_free,21
PH,MO,visa_free,30
PH,MR,visa_on_arrival,
PH,MT,visa_required,
PH,MU,visa_on_arrival,
PH,MV,visa_on_arrival,
PH,MW,visa_on_arrival,
PH,MX,visa_required,
PH,MY,visa_free,30
PH,MZ,visa_on_arrival,
PH,NA,visa_required,
PH,NE,visa_required,
PH,NG,e_visa,
PH,NI,visa_on_arrival,
PH,NL,visa_required,
PH,NO,visa_required,
PH,NP,visa_on_arrival,
PH,NR,visa_required,
PH,NZ,visa_required,
PH,OM,e_visa,
PH,PA,visa_required,
PH,PE,visa_free,180
PH,PG,eta,
PH,PK,eta,
PH,PL,visa_required,
PH,PS,visa_free,
PH,PT,visa_required,
PH,PW,visa_on_arrival,
PH,PY,visa_required,
PH,QA,e_visa,
PH,RO,visa_required,
PH,RS,visa_required,
PH,RU,e_visa,
PH,RW,visa_free,90
PH,SA,visa_required,
PH,SB,visa_required,
PH,SC,visa_free,90
PH,SD,visa_required,
PH,SE,visa_required,
PH,SG,visa_free,30
PH,SI,visa_required,
PH,SK,visa_required,
PH,SL,e_visa,
PH,SM,visa_required,
PH,SN,visa_on_arrival,
PH,SO,e_visa,
PH,SR,visa_free,30
PH,SS,e_visa,
PH,ST,e_visa,
PH,SV,e_visa,
PH,SY,e_visa,
PH,SZ,visa_required,
PH,TD,visa_required,
PH,TG,e_visa,
PH,TH,visa_free,60
PH,TJ,visa_free,30
PH,TL,visa_on_arrival,
PH,TM,visa_required,
PH,TN,visa_required,
PH,TO,visa_required,
PH,TR,visa_required,
PH,TT,visa_on_arrival,
PH,TV,visa_on_arrival,
PH,TW,visa_free,14
PH,TZ,visa_on_arrival,
PH,UA,visa_required,
PH,UG,e_visa,
PH,US,visa_required,
PH,UY,visa_required,
PH,UZ,e_visa,
PH,VA,visa_required,
PH,VC,visa_free,90
PH,VE,visa_required,
PH,VN,visa_free,21
PH,VU,visa_free,120
PH,WS,visa_on_arrival,
PH,XK,visa_required,
PH,YE,visa_required,
PH,ZA,e_visa,
PH,ZM,e_visa,
PH,ZW,e_visa,
PK,AD,visa_required,
PK,AE,e_visa,
PK,AF,visa_required,
PK,AG,e_visa,
PK,AL,e_visa,
PK,AM,visa_required,
PK,AO,visa_required,
PK,AR,visa_required,
PK,AT,visa_required,
PK,AU,e_visa,
PK,AZ,e_visa,
PK,BA,visa_required,
PK,BB,visa_free,90
PK,BD,visa_required,
PK,BE,visa_required,
PK,BF,e_visa,
PK,BG,visa_required,
PK,BH,e_visa,
PK,BI,visa_on_arrival,
PK,BJ,e_visa,
PK,BN,visa_required,
PK,BO,visa_on_arrival,
PK,BR,visa_required,
PK,BS,e_visa,
PK,BT,e_visa,
PK,BW,e_visa,
PK,BY,visa_required,
PK,BZ,visa_required,
PK,CA,visa_required,
PK,CD,e_visa,
PK,CF,visa_required,
PK,CG,visa_required,
PK,CH,visa_required,
PK,CI,eta,
PK,CL,visa_required,
PK,CM,e_visa,
PK,CN,visa_required,
PK,CO,e_visa,
PK,CR,visa_required,
PK,CU,visa_required,
PK,CV,visa_on_arrival,
PK,CY,visa_required,
PK,CZ,visa_required,
PK,DE,visa_required,
PK,DJ,visa_on_arrival,
PK,DK,visa_required,
PK,DM,visa_free,180
PK,DO,visa_required,
PK,DZ,visa_required,
PK,EC,e_visa,
PK,EE,visa_required,
PK,EG,visa_required,
PK,ER,visa_required,
PK,ES,visa_required,
PK,ET,e_visa,
PK,FI,visa_required,
PK,FJ,visa_required,
PK,FM,visa_free,30
PK,FR,visa_required,
PK,GA,e_visa,
PK,GB,visa_required,
PK,GD,visa_required,
PK,GE,e_visa,
PK,GH,visa_on_arrival,
PK,GM,visa_free,90
PK,GN,e_visa,
PK,GQ,e_visa,
PK,GR,visa_required,
PK,GT,visa_required,
PK,GW,visa_on_arrival,
PK,GY,visa_required,
PK,HK,e_visa,
PK,HN,visa_required,
PK,HR,visa_required,
PK,HT,visa_free,90
PK,HU,visa_required,
PK,ID,e_visa,
PK,IE,visa_required,
PK,IL,visa_required,
PK,IN,visa_required,
PK,IQ,e_visa,
PK,IR,visa_required,
PK,IS,visa_required,
PK,IT,visa_required,
PK,JM,visa_required,
PK,JO,visa_required,
PK,JP,visa_required,
PK,KE,eta,
PK,KG,e_visa,
PK,KH,visa_on_arrival,
PK,KI,visa_required,
PK,KM,visa_on_arrival,
PK,KN,e_visa,
PK,KP,visa_required,
PK,KR,e_visa,
PK,KW,visa_required,
PK,KZ,visa_required,
PK,LA,visa_required,
PK,LB,visa_required,
PK,LC,visa_required,
PK,LI,visa_required,
PK,LK,visa_on_arrival,
PK,LR,visa_required,
PK,LS,e_visa,
PK,LT,visa_required,
PK,LU,visa_required,
PK,LV,visa_required,
PK,LY,no_admission,
PK,MA,visa_required,
PK,MC,visa_required,
PK,MD,e_visa,
PK,ME,visa_required,
PK,MG,visa_on_arrival,
PK,MH,visa_required,
PK,MK,visa_required,
PK,ML,visa_required,
PK,MM,e_visa,
PK,MN,visa_required,
PK,MO,visa_required,
PK,MR,visa_on_arrival,
PK,MT,visa_required,
PK,MU,visa_required,
PK,MV,visa_on_arrival,
PK,MW,e_visa,
PK,MX,visa_required,
PK,MY,e_visa,
PK,MZ,e_visa,
PK,NA,visa_required,
PK,NE,visa_required,
PK,NG,e_visa,
PK,NI,visa_required,
PK,NL,visa_required,
PK,NO,visa_required,
PK,NP,visa_on_arrival,
PK,NR,visa_required,
PK,NZ,visa_required,
PK,OM,e_visa,
PK,PA,visa_required,
PK,PE,visa_required,
PK,PG,e_visa,
PK,PH,visa_required,
PK,PL,visa_required,
PK,PS,visa_required,
PK,PT,visa_required,
PK,PW,visa_on_arrival,
PK,PY,visa_required,
PK,QA,visa_on_arrival,
PK,RO,visa_required,
PK,RS,visa_required,
PK,RU,visa_required,
PK,RW,visa_free,30
PK,SA,visa_required,
PK,SB,visa_required,
PK,SC,visa_free,90
PK,SD,visa_required,
PK,SE,visa_required,
PK,SG,e_visa,
PK,SI,visa_required,
PK,SK,visa_required,
PK,SL,visa_on_arrival,
PK,SM,visa_required,
PK,SN,visa_on_arrival,
PK,SO,e_visa,
PK,SR,e_visa,
PK,SS,e_visa,
PK,ST,e_visa,
PK,SV,e_visa,
PK,SY,e_visa,
PK,SZ,visa_required,
PK,TD,visa_required,
PK,TG,e_visa,
PK,TH,visa_required,
PK,TJ,e_visa,
PK,TL,visa_on_arrival,
PK,TM,visa_required,
PK,TN,visa_required,
PK,TO,visa_required,
PK,TR,visa_required,
PK,TT,visa_free,
PK,TV,visa_on_arrival,
PK,TW,visa_required,
PK,TZ,e_visa,
PK,UA,visa_required,
PK,UG,e_visa,
PK,US,visa_required,
PK,UY,visa_required,
PK,UZ,visa_required,
PK,VA,visa_required,
PK,VC,visa_free,90
PK,VE,visa_required,
PK,VN,e_visa,
PK,VU,visa_free,120
PK,WS,visa_on_arrival,
PK,XK,visa_required,
PK,YE,visa_required,
PK,ZA,e_visa,
PK,ZM,e_visa,
PK,ZW,e_visa,
PL,AD,visa_free,
PL,AE,visa_free,90
PL,AF,visa_required,
PL,AG,visa_free,180
PL,AL,visa_free,90
PL,AM,visa_free,180
PL,AO,visa_free,30
PL,AR,visa_free,90
PL,AT,freedom_of_movement,
PL,AU,eta,
PL,AZ,e_visa,
PL,BA,visa_free,90
PL,BB,visa_free,90
PL,BD,visa_on_arrival,
PL,BE,freedom_of_movement,
PL,BF,visa_on_arrival,
PL,BG,freedom_of_movement,
PL,BH,visa_on_arrival,
PL,BI,visa_on_arrival,
PL,BJ,e_visa,
PL,BN,visa_free,90
PL,BO,visa_free,90
PL,BR,visa_free,90
PL,BS,visa_free,90
PL,BT,e_visa,
PL,BW,visa_free,90
PL,BY,visa_free,30
PL,BZ,visa_free,
PL,CA,eta,
PL,CD,e_visa,
PL,CF,visa_required,
PL,CG,visa_required,
PL,CH,freedom_of_movement,
PL,CI,eta,
PL,CL,visa_free,90
PL,CM,e_visa,
PL,CN,visa_free,30
PL,CO,visa_free,90
PL,CR,visa_free,180
PL,CU,e_visa,
PL,CV,visa_free,30
PL,CY,freedom_of_movement,
PL,CZ,freedom_of_movement,
PL,DE,freedom_of_movement,
PL,DJ,visa_on_arrival,
PL,DK,freedom_of_movement,
PL,DM,visa_free,180
PL,DO,visa_free,
PL,DZ,visa_required,
PL,EC,visa_free,90
PL,EE,freedom_of_movement,
PL,EG,visa_on_arrival,
PL,ER,visa_required,
PL,ES,freedom_of_movement,
PL,ET,visa_on_arrival,
PL,FI,freedom_of_movement,
PL,FJ,visa_free,120
PL,FM,visa_free,90
PL,FR,freedom_of_movement,
PL,GA,e_visa,
PL,GB,visa_free,180
PL,GD,visa_free,90
PL,GE,visa_free,360
PL,GH,visa_on_arrival,
PL,GM,visa_free,90
PL,GN,e_visa,
PL,GQ,e_visa,
PL,GR,freedom_of_movement,
PL,GT,visa_free,90
PL,GW,visa_on_arrival,
PL,GY,visa_required,
PL,HK,visa_free,90
PL,HN,visa_free,90
PL,HR,freedom_of_movement,
PL,HT,visa_free,90
PL,HU,freedom_of_movement,
PL,ID,visa_on_arrival,
PL,IE,freedom_of_movement,
PL,IL,visa_free,90
PL,IN,e_visa,
PL,IQ,visa_on_arrival,
PL,IR,visa_on_arrival,
PL,IS,freedom_of_movement,
PL,IT,freedom_of_movement,
PL,JM,visa_free,30
PL,JO,visa_on_arrival,
PL,JP,visa_free,90
PL,KE,eta,
PL,KG,visa_free,60
PL,KH,visa_on_arrival,
PL,KI,visa_free,90
PL,KM,visa_on_arrival,
PL,KN,visa_free,90
PL,KP,visa_required,
PL,KR,visa_free,90
PL,KW,visa_on_arrival,
PL,KZ,visa_free,30
PL,LA,visa_on_arrival,
PL,LB,visa_on_arrival,
PL,LC,visa_free,90
PL,LI,freedom_of_movement,
PL,LK,visa_on_arrival,
PL,LR,visa_required,
PL,LS,e_visa,
PL,LT,freedom_of_movement,
PL,LU,freedom_of_movement,
PL,LV,freedom_of_movement,
PL,LY,e_visa,
PL,MA,visa_free,90
PL,MC,visa_free,
PL,MD,visa_free,90
PL,ME,visa_free,90
PL,MG,visa_on_arrival,
PL,MH,visa_free,90
PL,MK,visa_free,90
PL,ML,visa_required,
PL,MM,e_visa,
PL,MN,visa_free,30
PL,MO,visa_free,90
PL,MR,visa_on_arrival,
PL,MT,freedom_of_movement,
PL,MU,visa_free,90
PL,MV,visa_on_arrival,
PL,MW,visa_free,30
PL,MX,visa_free,180
PL,MY,visa_free,90
PL,MZ,visa_on_arrival,
PL,NA,visa_on_arrival,
PL,NE,visa_required,
PL,NG,e_visa,
PL,NI,visa_free,90
PL,NL,freedom_of_movement,
PL,NO,freedom_of_movement,
PL,NP,visa_on_arrival,
PL,NR,visa_required,
PL,NZ,eta,
PL,OM,visa_on_arrival,
PL,PA,visa_free,90
PL,PE,visa_free,90
PL,PG,eta,
PL,PH,visa_free,30
PL,PK,eta,
PL,PS,visa_free,
PL,PT,freedom_of_movement,
PL,PW,visa_free,90
PL,PY,visa_free,90
PL,QA,visa_on_arrival,
PL,RO,freedom_of_movement,
PL,RS,visa_free,90
PL,RU,e_visa,
PL,RW,visa_on_arrival,
PL,SA,visa_on_arrival,
PL,SB,visa_free,90
PL,SC,visa_free,90
PL,SD,visa_required,
PL,SE,freedom_of_movement,
PL,SG,visa_free,90
PL,SI,freedom_of_movement,
PL,SK,freedom_of_movement,
PL,SL,visa_on_arrival,
PL,SM,visa_free,
PL,SN,visa_free,90
PL,SO,visa_on_arrival,
PL,SR,visa_required,
PL,SS,e_visa,
PL,ST,visa_free,15
PL,SV,visa_free,180
PL,SY,e_visa,
PL,SZ,visa_free,30
PL,TD,visa_required,
PL,TG,e_visa,
PL,TH,visa_free,60
PL,TJ,visa_free,30
PL,TL,visa_free,90
PL,TM,visa_required,
PL,TN,visa_free,90
PL,TO,visa_free,90
PL,TR,visa_free,90
PL,TT,visa_free,90
PL,TV,visa_free,90
PL,TW,visa_free,90
PL,TZ,visa_on_arrival,
PL,UA,visa_free,90
PL,UG,e_visa,
PL,US,eta,
PL,UY,visa_free,90
PL,UZ,visa_free,30
PL,VA,visa_free,
PL,VC,visa_free,90
PL,VE,visa_free,90
PL,VN,e_visa,
PL,VU,visa_free,120
PL,WS,visa_free,90
PL,XK,visa_free,90
PL,YE,visa_required,
PL,ZA,visa_free,30
PL,ZM,visa_free,90
PL,ZW,visa_on_arrival,
PS,AD,visa_required,
PS,AE,e_visa,
PS,AF,visa_required,
PS,AG,e_visa,
PS,AL,e_visa,
PS,AM,visa_required,
PS,AO,visa_required,
PS,AR,visa_required,
PS,AT,visa_required,
PS,AU,e_visa,
PS,AZ,visa_required,
PS,BA,visa_required,
PS,BB,visa_required,
PS,BD,visa_on_arrival,
PS,BE,visa_required,
PS,BF,e_visa,
PS,BG,visa_required,
PS,BH,e_visa,
PS,BI,visa_on_arrival,
PS,BJ,e_visa,
PS,BN,visa_required,
PS,BO,visa_free,90
PS,BR,visa_required,
PS,BS,e_visa,
PS,BT,e_visa,
PS,BW,e_visa,
PS,BY,visa_required,
PS,BZ,visa_required,
PS,CA,visa_required,
PS,CD,e_visa,
PS,CF,visa_required,
PS,CG,visa_required,
PS,CH,visa_required,
PS,CI,eta,
PS,CL,visa_required,
PS,CM,e_visa,
PS,CN,visa_required,
PS,CO,e_visa,
PS,CR,visa_required,
PS,CU,e_visa,
PS,CV,visa_on_arrival,
PS,CY,visa_required,
PS,CZ,visa_required,
PS,DE,visa_required,
PS,DJ,visa_on_arrival,
PS,DK,visa_required,
PS,DM,visa_free,21
PS,DO,visa_required,
PS,DZ,visa_required,
PS,EC,visa_free,90
PS,EE,visa_required,
PS,EG,visa_required,
PS,ER,visa_required,
PS,ES,visa_required,
PS,ET,e_visa,
PS,FI,visa_required,
PS,FJ,visa_required,
PS,FM,visa_free,30
PS,FR,visa_required,
PS,GA,e_visa,
PS,GB,visa_required,
PS,GD,visa_required,
PS,GE,e_visa,
PS,GH,visa_on_arrival,
PS,GM,visa_required,
PS,GN,e_visa,
PS,GQ,e_visa,
PS,GR,visa_required,
PS,GT,visa_required,
PS,GW,visa_on_arrival,
PS,GY,visa_required,
PS,HK,e_visa,
PS,HN,visa_required,
PS,HR,visa_required,
PS,HT,visa_required,
PS,HU,visa_required,
PS,ID,visa_on_arrival,
PS,IE,visa_required,
PS,IL,visa_required,
PS,IN,e_visa,
PS,IQ,e_visa,
PS,IR,visa_on_arrival,
PS,IS,visa_required,
PS,IT,visa_required,
PS,JM,visa_required,
PS,JO,visa_free,30
PS,JP,visa_required,
PS,KE,eta,
PS,KG,e_visa,
PS,KH,visa_on_arrival,
PS,KI,visa_required,
PS,KM,visa_on_arrival,
PS,KN,e_visa,
PS,KP,visa_required,
PS,KR,e_visa,
PS,KW,visa_required,
PS,KZ,visa_required,
PS,LA,visa_on_arrival,
PS,LB,visa_required,
PS,LC,visa_required,
PS,LI,visa_required,
PS,LK,visa_on_arrival,
PS,LR,visa_required,
PS,LS,e_visa,
PS,LT,visa_required,
PS,LU,visa_required,
PS,LV,visa_required,
PS,LY,e_visa,
PS,MA,visa_required,
PS,MC,visa_required,
PS,MD,e_visa,
PS,ME,visa_required,
PS,MG,no_admission,
PS,MH,visa_required,
PS,MK,visa_required,
PS,ML,visa_required,
PS,MM,visa_required,
PS,MN,visa_required,
PS,MO,visa_on_arrival,
PS,MR,visa_on_arrival,
PS,MT,visa_required,
PS,MU,visa_required,
PS,MV,visa_on_arrival,
PS,MW,e_visa,
PS,MX,visa_required,
PS,MY,visa_free,30
PS,MZ,visa_on_arrival,
PS,NA,visa_required,
PS,NE,visa_required,
PS,NG,e_visa,
PS,NI,visa_free,90
PS,NL,visa_required,
PS,NO,visa_required,
PS,NP,visa_required,
PS,NR,visa_required,
PS,NZ,visa_required,
PS,OM,e_visa,
PS,PA,visa_required,
PS,PE,visa_required,
PS,PG,e_visa,
PS,PH,visa_required,
PS,PK,e_visa,
PS,PL,visa_required,
PS,PT,visa_required,
PS,PW,visa_on_arrival,
PS,PY,visa_required,
PS,QA,e_visa,
PS,RO,visa_required,
PS,RS,visa_required,
PS,RU,visa_required,
PS,RW,visa_on_arrival,
PS,SA,visa_required,
PS,SB,visa_required,
PS,SC,visa_free,90
PS,SD,visa_required,
PS,SE,visa_required,
PS,SG,e_visa,
PS,SI,visa_required,
PS,SK,visa_required,
PS,SL,e_visa,
PS,SM,visa_required,
PS,SN,visa_on_arrival,
PS,SO,e_visa,
PS,SR,visa_required,
PS,SS,e_visa,
PS,ST,e_visa,
PS,SV,e_visa,
PS,SY,no_admission,
PS,SZ,visa_free,30
PS,TD,visa_required,
PS,TG,e_visa,
PS,TH,visa_required,
PS,TJ,e_visa,
PS,TL,visa_on_arrival,
PS,TM,visa_required,
PS,TN,visa_required,
PS,TO,visa_required,
PS,TR,visa_required,
PS,TT,visa_required,
PS,TV,visa_on_arrival,
PS,TW,visa_required,
PS,TZ,e_visa,
PS,UA,visa_required,
PS,UG,e_visa,
PS,US,visa_required,
PS,UY,visa_required,
PS,UZ,visa_required,
PS,VA,visa_required,
PS,VC,visa_required,
PS,VE,visa_free,90
PS,VN,e_visa,
PS,VU,visa_required,
PS,WS,visa_on_arrival,
PS,XK,visa_required,
PS,YE,visa_required,
PS,ZA,visa_free,90
PS,ZM,e_visa,
PS,ZW,visa_on_arrival,
PT,AD,visa_free,
PT,AE,visa_free,90
PT,AF,visa_required,
PT,AG,visa_free,180
PT,AL,visa_free,90
PT,AM,visa_free,180
PT,AO,visa_free,30
PT,AR,visa_free,90
PT,AT,freedom_of_movement,
PT,AU,eta,
PT,AZ,e_visa,
PT,BA,visa_free,90
PT,BB,visa_free,90
PT,BD,visa_on_arrival,
PT,BE,freedom_of_movement,
PT,BF,visa_on_arrival,
PT,BG,freedom_of_movement,
PT,BH,visa_on_arrival,
PT,BI,visa_on_arrival,
PT,BJ,e_visa,
PT,BN,visa_free,90
PT,BO,visa_free,90
PT,BR,visa_free,90
PT,BS,visa_free,90
PT,BT,e_visa,
PT,BW,visa_free,90
PT,BY,visa_free,30
PT,BZ,visa_free,
PT,CA,eta,
PT,CD,e_visa,
PT,CF,visa_required,
PT,CG,visa_required,
PT,CH,freedom_of_movement,
PT,CI,eta,
PT,CL,visa_free,90
PT,CM,e_visa,
PT,CN,visa_free,30
PT,CO,visa_free,90
PT,CR,visa_free,180
PT,CU,e_visa,
PT,CV,visa_free,30
PT,CY,freedom_of_movement,
PT,CZ,freedom_of_movement,
PT,DE,freedom_of_movement,
PT,DJ,visa_on_arrival,
PT,DK,freedom_of_movement,
PT,DM,visa_free,180
PT,DO,visa_free,
PT,DZ,visa_required,
PT,EC,visa_free,90
PT,EE,freedom_of_movement,
PT,EG,visa_on_arrival,
PT,ER,visa_required,
PT,ES,freedom_of_movement,
PT,ET,visa_on_arrival,
PT,FI,freedom_of_movement,
PT,FJ,visa_free,120
PT,FM,visa_free,90
PT,FR,freedom_of_movement,
PT,GA,e_visa,
PT,GB,visa_free,180
PT,GD,visa_free,90
PT,GE,visa_free,360
PT,GH,visa_on_arrival,
PT,GM,visa_free,90
PT,GN,e_visa,
PT,GQ,e_visa,
PT,GR,freedom_of_movement,
PT,GT,visa_free,90
PT,GW,visa_on_arrival,
PT,GY,visa_free,90
PT,HK,visa_free,90
PT,HN,visa_free,90
PT,HR,freedom_of_movement,
PT,HT,visa_free,90
PT,HU,freedom_of_movement,
PT,ID,visa_on_arrival,
PT,IE,freedom_of_movement,
PT,IL,visa_free,90
PT,IN,e_visa,
PT,IQ,visa_on_arrival,
PT,IR,visa_on_arrival,
PT,IS,freedom_of_movement,
PT,IT,freedom_of_movement,
PT,JM,visa_free,30
PT,JO,visa_on_arrival,
PT,JP,visa_free,90
PT,KE,eta,
PT,KG,visa_free,60
PT,KH,visa_on_arrival,
PT,KI,visa_free,90
PT,KM,visa_on_arrival,
PT,KN,visa_free,90
PT,KP,visa_required,
PT,KR,visa_free,90
PT,KW,visa_on_arrival,
PT,KZ,visa_free,30
PT,LA,visa_on_arrival,
PT,LB,visa_on_arrival,
PT,LC,visa_free,90
PT,LI,freedom_of_movement,
PT,LK,visa_on_arrival,
PT,LR,visa_required,
PT,LS,visa_free,14
PT,LT,freedom_of_movement,
PT,LU,freedom_of_movement,
PT,LV,freedom_of_movement,
PT,LY,e_visa,
PT,MA,visa_free,90
PT,MC,visa_free,
PT,MD,visa_free,90
PT,ME,visa_free,90
PT,MG,visa_on_arrival,
PT,MH,visa_free,90
PT,MK,visa_free,90
PT,ML,visa_required,
PT,MM,e_visa,
PT,MN,visa_free,30
PT,MO,visa_free,90
PT,MR,visa_on_arrival,
PT,MT,freedom_of_movement,
PT,MU,visa_free,90
PT,MV,visa_on_arrival,
PT,MW,visa_free,30
PT,MX,visa_free,180
PT,MY,visa_free,90
PT,MZ,visa_free,30
PT,NA,visa_free,90
PT,NE,visa_required,
PT,NG,e_visa,
PT,NI,visa_free,90
PT,NL,freedom_of_movement,
PT,NO,freedom_of_movement,
PT,NP,visa_on_arrival,
PT,NR,visa_required,
PT,NZ,eta,
PT,OM,visa_on_arrival,
PT,PA,visa_free,90
PT,PE,visa_free,90
PT,PG,eta,
PT,PH,visa_free,30
PT,PK,e_visa,
PT,PL,freedom_of_movement,
PT,PS,visa_free,
PT,PW,visa_free,90
PT,PY,visa_free,90
PT,QA,visa_on_arrival,
PT,RO,freedom_of_movement,
PT,RS,visa_free,90
PT,RU,e_visa,
PT,RW,visa_on_arrival,
PT,SA,visa_on_arrival,
PT,SB,visa_free,90
PT,SC,visa_free,90
PT,SD,visa_required,
PT,SE,freedom_of_movement,
PT,SG,visa_free,90
PT,SI,freedom_of_movement,
PT,SK,freedom_of_movement,
PT,SL,visa_on_arrival,
PT,SM,visa_free,
PT,SN,visa_free,90
PT,SO,visa_on_arrival,
PT,SR,visa_required,
PT,SS,e_visa,
PT,ST,visa_free,15
PT,SV,visa_free,180
PT,SY,e_visa,
PT,SZ,visa_free,30
PT,TD,visa_required,
PT,TG,e_visa,
PT,TH,visa_free,60
PT,TJ,visa_free,30
PT,TL,visa_free,90
PT,TM,visa_required,
PT,TN,visa_free,90
PT,TO,visa_free,90
PT,TR,visa_free,90
PT,TT,visa_free,90
PT,TV,visa_free,90
PT,TW,visa_free,90
PT,TZ,visa_on_arrival,
PT,UA,visa_free,90
PT,UG,e_visa,
PT,US,eta,
PT,UY,visa_free,90
PT,UZ,visa_free,30
PT,VA,visa_free,
PT,VC,visa_free,90
PT,VE,visa_free,90
PT,VN,e_visa,
PT,VU,visa_free,120
PT,WS,visa_free,90
PT,XK,visa_free,90
PT,YE,visa_required,
PT,ZA,visa_free,90
PT,ZM,visa_free,90
PT,ZW,visa_on_arrival,
PW,AD,visa_free,90
PW,AE,e_visa,
PW,AF,visa_required,
PW,AG,e_visa,
PW,AL,e_visa,
PW,AM,e_visa,
PW,AO,visa_free,30
PW,AR,visa_required,
PW,AT,visa_free,90
PW,AU,e_visa,
PW,AZ,visa_required,
PW,BA,visa_free,90
PW,BB,visa_free,90
PW,BD,visa_on_arrival,
PW,BE,visa_free,90
PW,BF,e_visa,
PW,BG,visa_free,90
PW,BH,e_visa,
PW,BI,visa_on_arrival,
PW,BJ,e_visa,
PW,BN,visa_required,
PW,BO,visa_on_arrival,
PW,BR,visa_required,
PW,BS,e_visa,
PW,BT,e_visa,
PW,BW,e_visa,
PW,BY,visa_required,
PW,BZ,visa_free,
PW,CA,visa_required,
PW,CD,e_visa,
PW,CF,visa_required,
PW,CG,visa_required,
PW,CH,visa_free,90
PW,CI,eta,
PW,CL,visa_required,
PW,CM,e_visa,
PW,CN,visa_required,
PW,CO,visa_free,90
PW,CR,visa_free,30
PW,CU,e_visa,
PW,CV,visa_on_arrival,
PW,CY,visa_free,90
PW,CZ,visa_free,90
PW,DE,visa_free,90
PW,DJ,visa_on_arrival,
PW,DK,visa_free,90
PW,DM,visa_free,21
PW,DO,visa_required,
PW,DZ,visa_required,
PW,EC,visa_free,90
PW,EE,visa_free,90
PW,EG,visa_on_arrival,
PW,ER,visa_required,
PW,ES,visa_free,90
PW,ET,e_visa,
PW,FI,visa_free,90
PW,FJ,visa_free,120
PW,FM,visa_free,360
PW,FR,visa_free,90
PW,GA,e_visa,
PW,GB,eta,
PW,GD,visa_free,90
PW,GE,e_visa,
PW,GH,visa_on_arrival,
PW,GM,visa_free,90
PW,GN,e_visa,
PW,GQ,e_visa,
PW,GR,visa_free,90
PW,GT,visa_required,
PW,GW,visa_on_arrival,
PW,GY,visa_required,
PW,HK,visa_free,14
PW,HN,visa_required,
PW,HR,visa_free,90
PW,HT,visa_free,90
PW,HU,visa_free,90
PW,ID,e_visa,
PW,IE,visa_required,
PW,IL,visa_free,90
PW,IN,e_visa,
PW,IQ,e_visa,
PW,IR,visa_on_arrival,
PW,IS,visa_free,90
PW,IT,visa_free,90
PW,JM,visa_required,
PW,JO,visa_on_arrival,
PW,JP,visa_required,
PW,KE,eta,
PW,KG,e_visa,
PW,KH,visa_on_arrival,
PW,KI,visa_free,90
PW,KM,visa_on_arrival,
PW,KN,e_visa,
PW,KP,visa_required,
PW,KR,visa_free,30
PW,KW,visa_required,
PW,KZ,e_visa,
PW,LA,visa_on_arrival,
PW,LB,visa_required,
PW,LC,visa_on_arrival,
PW,LI,visa_free,90
PW,LK,visa_on_arrival,
PW,LR,visa_required,
PW,LS,e_visa,
PW,LT,visa_free,90
PW,LU,visa_free,90
PW,LV,visa_free,90
PW,LY,e_visa,
PW,MA,visa_required,
PW,MC,visa_free,90
PW,MD,visa_free,90
PW,ME,visa_free,90
PW,MG,visa_on_arrival,
PW,MH,visa_free,
PW,MK,visa_required,
PW,ML,visa_required,
PW,MM,visa_required,
PW,MN,e_visa,
PW,MO,visa_on_arrival,
PW,MR,visa_on_arrival,
PW,MT,visa_free,90
PW,MU,visa_on_arrival,
PW,MV,visa_on_arrival,
PW,MW,visa_on_arrival,
PW,MX,visa_free,180
PW,MY,visa_free,30
PW,MZ,visa_on_arrival,
PW,NA,visa_required,
PW,NE,visa_required,
PW,NG,e_visa,
PW,NI,visa_on_arrival,
PW,NL,visa_free,90
PW,NO,visa_free,90
PW,NP,visa_on_arrival,
PW,NR,visa_on_arrival,
PW,NZ,visa_required,
PW,OM,e_visa,
PW,PA,visa_free,90
PW,PE,visa_free,180
PW,PG,visa_on_arrival,
PW,PH,visa_free,30
PW,PK,e_visa,
PW,PL,visa_free,90
PW,PS,visa_free,
PW,PT,visa_free,90
PW,PY,visa_required,
PW,QA,e_visa,
PW,RO,visa_free,90
PW,RS,visa_free,90
PW,RU,visa_free,30
PW,RW,visa_on_arrival,
PW,SA,visa_required,
PW,SB,visa_on_arrival,
PW,SC,visa_free,90
PW,SD,visa_required,
PW,SE,visa_free,90
PW,SG,visa_free,30
PW,SI,visa_free,90
PW,SK,visa_free,90
PW,SL,e_visa,
PW,SM,visa_free,90
PW,SN,visa_on_arrival,
PW,SO,e_visa,
PW,SR,visa_required,
PW,SS,e_visa,
PW,ST,e_visa,
PW,SV,e_visa,
PW,SY,e_visa,
PW,SZ,visa_required,
PW,TD,visa_required,
PW,TG,e_visa,
PW,TH,visa_required,
PW,TJ,e_visa,
PW,TL,visa_on_arrival,
PW,TM,visa_required,
PW,TN,visa_required,
PW,TO,visa_on_arrival,
PW,TR,visa_required,
PW,TT,visa_required,
PW,TV,visa_on_arrival,
PW,TW,visa_free,90
PW,TZ,visa_on_arrival,
PW,UA,visa_required,
PW,UG,e_visa,
PW,US,visa_free,
PW,UY,visa_required,
PW,UZ,e_visa,
PW,VA,visa_free,90
PW,VC,visa_free,90
PW,VE,visa_required,
PW,VN,e_visa,
PW,VU,visa_free,120
PW,WS,visa_on_arrival,
PW,XK,visa_free,90
PW,YE,visa_required,
PW,ZA,visa_required,
PW,ZM,visa_on_arrival,
PW,ZW,visa_on_arrival,
PY,AD,visa_free,90
PY,AE,visa_free,90
PY,AF,visa_required,
PY,AG,e_visa,
PY,AL,visa_free,90
PY,AM,e_visa,
PY,AO,visa_required,
PY,AR,visa_free,90
PY,AT,visa_free,90
PY,AU,e_visa,
PY,AZ,visa_on_arrival,
PY,BA,visa_free,90
PY,BB,visa_free,90
PY,BD,visa_required,
PY,BE,visa_free,90
PY,BF,visa_on_arrival,
PY,BG,visa_free,90
PY,BH,visa_on_arrival,
PY,BI,visa_on_arrival,
PY,BJ,e_visa,
PY,BN,visa_required,
PY,BO,visa_free,90
PY,BR,visa_free,90
PY,BS,visa_free,90
PY,BT,e_visa,
PY,BW,visa_free,90
PY,BY,visa_required,
PY,BZ,visa_free,30
PY,CA,visa_required,
PY,CD,e_visa,
PY,CF,visa_required,
PY,CG,visa_required,
PY,CH,visa_free,90
PY,CI,eta,
PY,CL,visa_free,90
PY,CM,e_visa,
PY,CN,visa_required,
PY,CO,visa_free,90
PY,CR,visa_free,180
PY,CU,e_visa,
PY,CV,visa_on_arrival,
PY,CY,visa_free,90
PY,CZ,visa_free,90
PY,DE,visa_free,90
PY,DJ,visa_on_arrival,
PY,DK,visa_free,90
PY,DM,visa_free,21
PY,DO,visa_free,
PY,DZ,visa_required,
PY,EC,visa_free,90
PY,EE,visa_free,90
PY,EG,visa_on_arrival,
PY,ER,visa_required,
PY,ES,visa_free,90
PY,ET,e_visa,
PY,FI,visa_free,90
PY,FJ,visa_free,120
PY,FM,visa_free,30
PY,FR,visa_free,90
PY,GA,e_visa,
PY,GB,eta,
PY,GD,visa_required,
PY,GE,visa_free,90
PY,GH,visa_on_arrival,
PY,GM,visa_required,
PY,GN,e_visa,
PY,GQ,e_visa,
PY,GR,visa_free,90
PY,GT,visa_free,90
PY,GW,visa_on_arrival,
PY,GY,visa_required,
PY,HK,visa_free,30
PY,HN,visa_free,90
PY,HR,visa_free,90
PY,HT,visa_free,90
PY,HU,visa_free,90
PY,ID,e_visa,
PY,IE,visa_free,90
PY,IL,visa_free,90
PY,IN,e_visa,
PY,IQ,e_visa,
PY,IR,visa_on_arrival,
PY,IS,visa_free,90
PY,IT,visa_free,90
PY,JM,visa_free,30
PY,JO,visa_on_arrival,
PY,JP,visa_required,
PY,KE,eta,
PY,KG,e_visa,
PY,KH,visa_on_arrival,
PY,KI,visa_free,90
PY,KM,visa_on_arrival,
PY,KN,visa_free,90
PY,KP,visa_required,
PY,KR,eta,
PY,KW,visa_required,
PY,KZ,e_visa,
PY,LA,visa_on_arrival,
PY,LB,visa_on_arrival,
PY,LC,visa_on_arrival,
PY,LI,visa_free,90
PY,LK,visa_on_arrival,
PY,LR,visa_required,
PY,LS,e_visa,
PY,LT,visa_free,90
PY,LU,visa_free,90
PY,LV,visa_free,90
PY,LY,e_visa,
PY,MA,visa_required,
PY,MC,visa_free,90
PY,MD,visa_free,90
PY,ME,visa_free,90
PY,MG,visa_on_arrival,
PY,MH,visa_on_arrival,
PY,MK,visa_free,90
PY,ML,visa_required,
PY,MM,visa_required,
PY,MN,visa_free,90
PY,MO,visa_on_arrival,
PY,MR,visa_on_arrival,
PY,MT,visa_free,90
PY,MU,visa_free,90
PY,MV,visa_on_arrival,
PY,MW,visa_on_arrival,
PY,MX,visa_free,180
PY,MY,visa_free,30
PY,MZ,visa_on_arrival,
PY,NA,visa_on_arrival,
PY,NE,visa_required,
PY,NG,e_visa,
PY,NI,visa_free,90
PY,NL,visa_free,90
PY,NO,visa_free,90
PY,NP,visa_on_arrival,
PY,NR,visa_required,
PY,NZ,visa_required,
PY,OM,visa_on_arrival,
PY,PA,visa_free,90
PY,PE,visa_free,180
PY,PG,e_visa,
PY,PH,visa_free,30
PY,PK,eta,
PY,PL,visa_free,90
PY,PS,visa_free,
PY,PT,visa_free,90
PY,PW,visa_on_arrival,
PY,QA,visa_on_arrival,
PY,RO,visa_free,90
PY,RS,visa_free,30
PY,RU,visa_free,90
PY,RW,visa_on_arrival,
PY,SA,visa_required,
PY,SB,visa_required,
PY,SC,visa_free,90
PY,SD,visa_required,
PY,SE,visa_free,90
PY,SG,visa_free,30
PY,SI,visa_free,90
PY,SK,visa_free,90
PY,SL,e_visa,
PY,SM,visa_free,90
PY,SN,visa_required,
PY,SO,e_visa,
PY,SR,visa_required,
PY,SS,e_visa,
PY,ST,e_visa,
PY,SV,visa_free,180
PY,SY,e_visa,
PY,SZ,visa_required,
PY,TD,visa_required,
PY,TG,e_visa,
PY,TH,visa_on_arrival,
PY,TJ,e_visa,
PY,TL,visa_on_arrival,
PY,TM,visa_required,
PY,TN,visa_required,
PY,TO,visa_required,
PY,TR,visa_free,90
PY,TT,visa_on_arrival,
PY,TV,visa_on_arrival,
PY,TW,visa_free,90
PY,TZ,visa_on_arrival,
PY,UA,visa_free,90
PY,UG,e_visa,
PY,US,visa_required,
PY,UY,visa_free,90
PY,UZ,e_visa,
PY,VA,visa_free,90
PY,VC,visa_free,90
PY,VE,visa_free,90
PY,VN,e_visa,
PY,VU,visa_required,
PY,WS,visa_on_arrival,
PY,XK,visa_free,90
PY,YE,visa_required,
PY,ZA,visa_free,90
PY,ZM,visa_on_arrival,
PY,ZW,visa_on_arrival,
QA,AD,visa_required,
QA,AE,visa_free,
QA,AF,visa_required,
QA,AG,e_visa,
QA,AL,visa_free,90
QA,AM,visa_free,180
QA,AO,visa_free,30
QA,AR,visa_free,90
QA,AT,visa_required,
QA,AU,e_visa,
QA,AZ,visa_free,30
QA,BA,visa_free,90
QA,BB,visa_free,90
QA,BD,visa_on_arrival,
QA,BE,visa_required,
QA,BF,e_visa,
QA,BG,visa_required,
QA,BH,visa_free,
QA,BI,visa_on_arrival,
QA,BJ,e_visa,
QA,BN,visa_on_arrival,
QA,BO,visa_on_arrival,
QA,BR,visa_free,90
QA,BS,visa_free,90
QA,BT,e_visa,
QA,BW,visa_free,90
QA,BY,visa_free,30
QA,BZ,visa_required,
QA,CA,visa_required,
QA,CD,e_visa,
QA,CF,visa_required,
QA,CG,visa_required,
QA,CH,visa_required,
QA,CI,eta,
QA,CL,visa_required,
QA,CM,e_visa,
QA,CN,visa_free,30
QA,CO,visa_free,90
QA,CR,visa_free,180
QA,CU,e_visa,
QA,CV,visa_on_arrival,
QA,CY,visa_required,
QA,CZ,visa_required,
QA,DE,visa_required,
QA,DJ,visa_on_arrival,
QA,DK,visa_required,
QA,DM,visa_free,21
QA,DO,visa_free,
QA,DZ,visa_required,
QA,EC,visa_free,90
QA,EE,visa_required,
QA,EG,visa_free,180
QA,ER,visa_required,
QA,ES,visa_required,
QA,ET,visa_on_arrival,
QA,FI,visa_required,
QA,FJ,visa_required,
QA,FM,visa_free,30
QA,FR,visa_required,
QA,GA,e_visa,
QA,GB,eta,
QA,GD,visa_required,
QA,GE,visa_free,360
QA,GH,visa_on_arrival,
QA,GM,visa_required,
QA,GN,e_visa,
QA,GQ,e_visa,
QA,GR,visa_required,
QA,GT,visa_free,90
QA,GW,visa_on_arrival,
QA,GY,visa_required,
QA,HK,visa_free,30
QA,HN,visa_free,90
QA,HR,visa_required,
QA,HT,visa_free,90
QA,HU,visa_required,
QA,ID,visa_on_arrival,
QA,IE,visa_required,
QA,IL,visa_free,30
QA,IN,visa_required,
QA,IQ,visa_on_arrival,
QA,IR,visa_free,15
QA,IS,visa_required,
QA,IT,visa_required,
QA,JM,visa_required,
QA,JO,visa_free,90
QA,JP,visa_free,30
QA,KE,eta,
QA,KG,visa_free,60
QA,KH,visa_on_arrival,
QA,KI,visa_free,90
QA,KM,visa_on_arrival,
QA,KN,visa_free,90
QA,KP,visa_required,
QA,KR,visa_free,90
QA,KW,visa_free,
QA,KZ,visa_free,30
QA,LA,visa_on_arrival,
QA,LB,visa_free,180
QA,LC,visa_required,
QA,LI,visa_required,
QA,LK,visa_on_arrival,
QA,LR,visa_required,
QA,LS,e_visa,
QA,LT,visa_required,
QA,LU,visa_required,
QA,LV,visa_required,
QA,LY,e_visa,
QA,MA,visa_free,90
QA,MC,visa_required,
QA,MD,e_visa,
QA,ME,visa_free,90
QA,MG,visa_on_arrival,
QA,MH,visa_required,
QA,MK,visa_required,
QA,ML,visa_required,
QA,MM,e_visa,
QA,MN,visa_on_arrival,
QA,MO,visa_on_arrival,
QA,MR,visa_on_arrival,
QA,MT,visa_required,
QA,MU,visa_free,90
QA,MV,visa_on_arrival,
QA,MW,e_visa,
QA,MX,visa_required,
QA,MY,visa_free,90
QA,MZ,visa_on_arrival,
QA,NA,visa_required,
QA,NE,visa_required,
QA,NG,e_visa,
QA,NI,visa_free,90
QA,NL,visa_required,
QA,NO,visa_required,
QA,NP,visa_on_arrival,
QA,NR,visa_required,
QA,NZ,eta,
QA,OM,visa_free,
QA,PA,visa_free,90
QA,PE,visa_required,
QA,PG,e_visa,
QA,PH,visa_free,30
QA,PK,visa_free,90
QA,PL,visa_required,
QA,PS,visa_free,
QA,PT,visa_required,
QA,PW,visa_on_arrival,
QA,PY,visa_on_arrival,
QA,RO,visa_required,
QA,RS,visa_free,90
QA,RU,visa_free,90
QA,RW,visa_free,90
QA,SA,visa_free,
QA,SB,visa_required,
QA,SC,visa_free,90
QA,SD,visa_free,30
QA,SE,visa_required,
QA,SG,visa_free,30
QA,SI,visa_required,
QA,SK,visa_required,
QA,SL,visa_on_arrival,
QA,SM,visa_required,
QA,SN,visa_required,
QA,SO,visa_on_arrival,
QA,SR,visa_required,
QA,SS,e_visa,
QA,ST,visa_free,15
QA,SV,visa_free,180
QA,SY,visa_free,
QA,SZ,visa_free,30
QA,TD,visa_required,
QA,TG,e_visa,
QA,TH,visa_free,60
QA,TJ,visa_free,30
QA,TL,visa_on_arrival,
QA,TM,visa_required,
QA,TN,visa_free,90
QA,TO,visa_required,
QA,TR,visa_free,90
QA,TT,visa_required,
QA,TV,visa_on_arrival,
QA,TW,e_visa,
QA,TZ,visa_on_arrival,
QA,UA,visa_free,90
QA,UG,e_visa,
QA,US,eta,
QA,UY,visa_required,
QA,UZ,visa_free,10
QA,VA,visa_required,
QA,VC,visa_free,90
QA,VE,visa_free,90
QA,VN,e_visa,
QA,VU,visa_free,120
QA,WS,visa_on_arrival,
QA,XK,visa_free,90
QA,YE,visa_on_arrival,
QA,ZA,visa_free,90
QA,ZM,visa_free,90
QA,ZW,e_visa,
RO,AD,visa_free,
RO,AE,visa_free,90
RO,AF,visa_required,
RO,AG,visa_free,180
RO,AL,visa_free,90
RO,AM,visa_free,180
RO,AO,visa_free,30
RO,AR,visa_free,90
RO,AT,freedom_of_movement,
RO,AU,eta,
RO,AZ,e_visa,
RO,BA,visa_free,90
RO,BB,visa_free,180
RO,BD,visa_on_arrival,
RO,BE,freedom_of_movement,
RO,BF,visa_on_arrival,
RO,BG,freedom_of_movement,
RO,BH,visa_on_arrival,
RO,BI,visa_on_arrival,
RO,BJ,e_visa,
RO,BN,visa_free,90
RO,BO,visa_on_arrival,
RO,BR,visa_free,90
RO,BS,visa_free,90
RO,BT,e_visa,
RO,BW,visa_free,90
RO,BY,visa_free,30
RO,BZ,visa_free,
RO,CA,eta,
RO,CD,e_visa,
RO,CF,visa_required,
RO,CG,visa_required,
RO,CH,freedom_of_movement,
RO,CI,eta,
RO,CL,visa_free,90
RO,CM,e_visa,
RO,CN,visa_free,30
RO,CO,visa_free,90
RO,CR,visa_free,180
RO,CU,e_visa,
RO,CV,visa_free,30
RO,CY,freedom_of_movement,
RO,CZ,freedom_of_movement,
RO,DE,freedom_of_movement,
RO,DJ,visa_on_arrival,
RO,DK,freedom_of_movement,
RO,DM,visa_free,180
RO,DO,visa_free,
RO,DZ,visa_required,
RO,EC,visa_free,90
RO,EE,freedom_of_movement,
RO,EG,visa_on_arrival,
RO,ER,visa_required,
RO,ES,freedom_of_movement,
RO,ET,visa_on_arrival,
RO,FI,freedom_of_movement,
RO,FJ,visa_free,120
RO,FM,visa_free,90
RO,FR,freedom_of_movement,
RO,GA,e_visa,
RO,GB,visa_free,180
RO,GD,visa_free,90
RO,GE,visa_free,360
RO,GH,visa_on_arrival,
RO,GM,visa_free,90
RO,GN,e_visa,
RO,GQ,e_visa,
RO,GR,freedom_of_movement,
RO,GT,visa_free,90
RO,GW,visa_on_arrival,
RO,GY,visa_required,
RO,HK,visa_free,90
RO,HN,visa_free,90
RO,HR,freedom_of_movement,
RO,HT,visa_free,90
RO,HU,freedom_of_movement,
RO,ID,visa_on_arrival,
RO,IE,freedom_of_movement,
RO,IL,visa_free,90
RO,IN,e_visa,
RO,IQ,visa_on_arrival,
RO,IR,visa_on_arrival,
RO,IS,freedom_of_movement,
RO,IT,freedom_of_movement,
RO,JM,visa_on_arrival,
RO,JO,visa_on_arrival,
RO,JP,visa_free,90
RO,KE,eta,
RO,KG,visa_free,60
RO,KH,visa_on_arrival,
RO,KI,visa_free,90
RO,KM,visa_on_arrival,
RO,KN,visa_free,90
RO,KP,visa_required,
RO,KR,visa_free,90
RO,KW,visa_on_arrival,
RO,KZ,visa_free,30
RO,LA,visa_on_arrival,
RO,LB,visa_on_arrival,
RO,LC,visa_free,90
RO,LI,freedom_of_movement,
RO,LK,visa_on_arrival,
RO,LR,visa_required,
RO,LS,e_visa,
RO,LT,freedom_of_movement,
RO,LU,freedom_of_movement,
RO,LV,freedom_of_movement,
RO,LY,e_visa,
RO,MA,visa_free,90
RO,MC,visa_free,
RO,MD,visa_free,90
RO,ME,visa_free,90
RO,MG,visa_on_arrival,
RO,MH,visa_free,90
RO,MK,visa_free,90
RO,ML,visa_required,
RO,MM,e_visa,
RO,MN,visa_free,30
RO,MO,visa_free,90
RO,MR,visa_on_arrival,
RO,MT,freedom_of_movement,
RO,MU,visa_free,90
RO,MV,visa_on_arrival,
RO,MW,visa_on_arrival,
RO,MX,visa_free,180
RO,MY,visa_free,90
RO,MZ,visa_on_arrival,
RO,NA,visa_on_arrival,
RO,NE,visa_required,
RO,NG,e_visa,
RO,NI,visa_free,90
RO,NL,freedom_of_movement,
RO,NO,freedom_of_movement,
RO,NP,visa_on_arrival,
RO,NR,visa_required,
RO,NZ,eta,
RO,OM,visa_on_arrival,
RO,PA,visa_free,90
RO,PE,visa_free,90
RO,PG,eta,
RO,PH,visa_free,30
RO,PK,e_visa,
RO,PL,freedom_of_movement,
RO,PS,visa_free,
RO,PT,freedom_of_movement,
RO,PW,visa_free,90
RO,PY,visa_free,90
RO,QA,visa_on_arrival,
RO,RS,visa_free,90
RO,RU,e_visa,
RO,RW,visa_free,30
RO,SA,visa_on_arrival,
RO,SB,visa_free,90
RO,SC,visa_free,90
RO,SD,visa_required,
RO,SE,freedom_of_movement,
RO,SG,visa_free,90
RO,SI,freedom_of_movement,
RO,SK,freedom_of_movement,
RO,SL,visa_on_arrival,
RO,SM,visa_free,
RO,SN,visa_free,90
RO,SO,visa_on_arrival,
RO,SR,visa_required,
RO,SS,e_visa,
RO,ST,visa_free,15
RO,SV,visa_free,180
RO,SY,e_visa,
RO,SZ,visa_required,
RO,TD,visa_required,
RO,TG,e_visa,
RO,TH,visa_free,60
RO,TJ,visa_free,30
RO,TL,visa_free,90
RO,TM,visa_required,
RO,TN,visa_free,90
RO,TO,visa_free,90
RO,TR,visa_free,90
RO,TT,visa_free,90
RO,TV,visa_free,90
RO,TW,visa_free,90
RO,TZ,visa_free,90
RO,UA,visa_free,90
RO,UG,e_visa,
RO,US,visa_required,
RO,UY,visa_free,90
RO,UZ,visa_free,30
RO,VA,visa_free,
RO,VC,visa_free,90
RO,VE,visa_free,90
RO,VN,e_visa,
RO,VU,visa_free,120
RO,WS,visa_free,90
RO,XK,visa_free,90
RO,YE,visa_required,
RO,ZA,e_visa,
RO,ZM,visa_free,90
RO,ZW,visa_on_arrival,
RS,AD,visa_free,90
RS,AE,visa_free,90
RS,AF,visa_required,
RS,AG,visa_free,180
RS,AL,visa_free,90
RS,AM,visa_free,180
RS,AO,visa_required,
RS,AR,visa_free,90
RS,AT,visa_free,90
RS,AU,e_visa,
RS,AZ,visa_free,90
RS,BA,visa_free,90
RS,BB,visa_free,90
RS,BD,visa_on_arrival,
RS,BE,visa_free,90
RS,BF,e_visa,
RS,BG,visa_free,90
RS,BH,e_visa,
RS,BI,visa_on_arrival,
RS,BJ,e_visa,
RS,BN,visa_required,
RS,BO,visa_on_arrival,
RS,BR,visa_free,90
RS,BS,e_visa,
RS,BT,e_visa,
RS,BW,e_visa,
RS,BY,visa_free,30
RS,BZ,visa_required,
RS,CA,visa_required,
RS,CD,e_visa,
RS,CF,visa_required,
RS,CG,visa_required,
RS,CH,visa_free,90
RS,CI,eta,
RS,CL,visa_free,90
RS,CM,e_visa,
RS,CN,visa_free,30
RS,CO,visa_free,90
RS,CR,visa_free,180
RS,CU,visa_free,90
RS,CV,visa_on_arrival,
RS,CY,visa_free,90
RS,CZ,visa_free,90
RS,DE,visa_free,90
RS,DJ,visa_on_arrival,
RS,DK,visa_free,90
RS,DM,visa_free,21
RS,DO,visa_free,
RS,DZ,visa_required,
RS,EC,visa_free,90
RS,EE,visa_free,90
RS,EG,visa_on_arrival,
RS,ER,visa_required,
RS,ES,visa_free,90
RS,ET,e_visa,
RS,FI,visa_free,90
RS,FJ,visa_free,120
RS,FM,visa_free,30
RS,FR,visa_free,90
RS,GA,e_visa,
RS,GB,visa_required,
RS,GD,visa_free,90
RS,GE,visa_free,360
RS,GH,visa_on_arrival,
RS,GM,visa_free,90
RS,GN,e_visa,
RS,GQ,e_visa,
RS,GR,visa_free,90
RS,GT,visa_required,
RS,GW,visa_on_arrival,
RS,GY,visa_required,
RS,HK,visa_free,14
RS,HN,visa_required,
RS,HR,visa_free,90
RS,HT,visa_free,90
RS,HU,visa_free,90
RS,ID,visa_on_arrival,
RS,IE,visa_required,
RS,IL,visa_free,90
RS,IN,e_visa,
RS,IQ,e_visa,
RS,IR,visa_free,15
RS,IS,visa_free,90
RS,IT,visa_free,90
RS,JM,visa_on_arrival,
RS,JO,visa_on_arrival,
RS,JP,visa_free,90
RS,KE,eta,
RS,KG,visa_free,90
RS,KH,visa_on_arrival,
RS,KI,visa_required,
RS,KM,visa_on_arrival,
RS,KN,e_visa,
RS,KP,visa_required,
RS,KR,eta,
RS,KW,visa_on_arrival,
RS,KZ,visa_free,30
RS,LA,visa_on_arrival,
RS,LB,visa_on_arrival,
RS,LC,visa_required,
RS,LI,visa_free,90
RS,LK,visa_on_arrival,
RS,LR,visa_required,
RS,LS,e_visa,
RS,LT,visa_free,90
RS,LU,visa_free,90
RS,LV,visa_free,90
RS,LY,e_visa,
RS,MA,visa_required,
RS,MC,visa_free,90
RS,MD,visa_free,90
RS,ME,visa_free,90
RS,MG,visa_on_arrival,
RS,MH,visa_required,
RS,MK,visa_free,90
RS,ML,visa_required,
RS,MM,e_visa,
RS,MN,visa_free,90
RS,MO,visa_free,90
RS,MR,visa_on_arrival,
RS,MT,visa_free,90
RS,MU,visa_on_arrival,
RS,MV,visa_on_arrival,
RS,MW,e_visa,
RS,MX,visa_required,
RS,MY,e_visa,
RS,MZ,visa_on_arrival,
RS,NA,visa_required,
RS,NE,visa_required,
RS,NG,e_visa,
RS,NI,visa_on_arrival,
RS,NL,visa_free,90
RS,NO,visa_free,90
RS,NP,visa_on_arrival,
RS,NR,visa_required,
RS,NZ,visa_required,
RS,OM,visa_on_arrival,
RS,PA,visa_free,90
RS,PE,visa_free,90
RS,PG,e_visa,
RS,PH,visa_required,
RS,PK,e_visa,
RS,PL,visa_free,90
RS,PS,visa_free,
RS,PT,visa_free,90
RS,PW,visa_on_arrival,
RS,PY,visa_required,
RS,QA,visa_on_arrival,
RS,RO,visa_free,90
RS,RU,visa_free,30
RS,RW,visa_on_arrival,
RS,SA,visa_required,
RS,SB,visa_required,
RS,SC,visa_free,90
RS,SD,visa_required,
RS,SE,visa_free,90
RS,SG,visa_free,30
RS,SI,visa_free,90
RS,SK,visa_free,90
RS,SL,e_visa,
RS,SM,visa_free,90
RS,SN,visa_required,
RS,SO,e_visa,
RS,SR,visa_free,30
RS,SS,e_visa,
RS,ST,e_visa,
RS,SV,e_visa,
RS,SY,e_visa,
RS,SZ,visa_free,30
RS,TD,visa_required,
RS,TG,e_visa,
RS,TH,visa_on_arrival,
RS,TJ,visa_free,30
RS,TL,visa_on_arrival,
RS,TM,visa_required,
RS,TN,visa_required,
RS,TO,visa_required,
RS,TR,visa_free,90
RS,TT,visa_free,30
RS,TV,visa_on_arrival,
RS,TW,visa_required,
RS,TZ,visa_on_arrival,
RS,UA,visa_free,30
RS,UG,e_visa,
RS,US,visa_required,
RS,UY,visa_free,90
RS,UZ,visa_free,30
RS,VA,visa_free,90
RS,VC,visa_free,90
RS,VE,visa_required,
RS,VN,e_visa,
RS,VU,visa_free,120
RS,WS,visa_on_arrival,
RS,XK,visa_free,90
RS,YE,visa_required,
RS,ZA,visa_required,
RS,ZM,visa_free,90
RS,ZW,visa_on_arrival,
RU,AD,visa_required,
RU,AE,visa_free,90
RU,AF,visa_required,
RU,AG,visa_free,90
RU,AL,e_visa,
RU,AM,visa_free,180
RU,AO,visa_free,30
RU,AR,visa_free,90
RU,AT,visa_required,
RU,AU,e_visa,
RU,AZ,visa_free,90
RU,BA,visa_free,30
RU,BB,visa_free,90
RU,BD,visa_on_arrival,
RU,BE,visa_required,
RU,BF,e_visa,
RU,BG,visa_required,
RU,BH,visa_on_arrival,
RU,BI,visa_on_arrival,
RU,BJ,e_visa,
RU,BN,visa_free,14
RU,BO,visa_free,90
RU,BR,visa_free,90
RU,BS,visa_free,90
RU,BT,e_visa,
RU,BW,visa_free,90
RU,BY,visa_free,
RU,BZ,visa_required,
RU,CA,visa_required,
RU,CD,e_visa,
RU,CF,visa_required,
RU,CG,visa_required,
RU,CH,visa_required,
RU,CI,eta,
RU,CL,visa_free,90
RU,CM,e_visa,
RU,CN,visa_required,
RU,CO,visa_free,90
RU,CR,visa_free,30
RU,CU,visa_free,90
RU,CV,visa_free,60
RU,CY,visa_required,
RU,CZ,visa_required,
RU,DE,visa_required,
RU,DJ,visa_on_arrival,
RU,DK,visa_required,
RU,DM,visa_free,21
RU,DO,visa_free,
RU,DZ,visa_required,
RU,EC,visa_free,90
RU,EE,visa_required,
RU,EG,visa_on_arrival,
RU,ER,visa_required,
RU,ES,visa_required,
RU,ET,visa_on_arrival,
RU,FI,visa_required,
RU,FJ,visa_free,120
RU,FM,visa_free,30
RU,FR,visa_required,
RU,GA,e_visa,
RU,GB,visa_required,
RU,GD,visa_free,90
RU,GE,visa_free,360
RU,GH,visa_on_arrival,
RU,GM,visa_free,90
RU,GN,e_visa,
RU,GQ,e_visa,
RU,GR,visa_required,
RU,GT,visa_free,90
RU,GW,visa_on_arrival,
RU,GY,visa_free,90
RU,HK,visa_free,14
RU,HN,visa_free,90
RU,HR,visa_required,
RU,HT,visa_free,90
RU,HU,visa_required,
RU,ID,visa_on_arrival,
RU,IE,visa_required,
RU,IL,visa_free,90
RU,IN,e_visa,
RU,IQ,visa_on_arrival,
RU,IR,visa_on_arrival,
RU,IS,visa_required,
RU,IT,visa_required,
RU,JM,visa_free,90
RU,JO,visa_on_arrival,
RU,JP,visa_required,
RU,KE,eta,
RU,KG,visa_free,
RU,KH,visa_on_arrival,
RU,KI,visa_free,90
RU,KM,visa_on_arrival,
RU,KN,visa_free,90
RU,KP,visa_required,
RU,KR,eta,
RU,KW,visa_required,
RU,KZ,visa_free,90
RU,LA,visa_free,30
RU,LB,visa_on_arrival,
RU,LC,visa_free,42
RU,LI,visa_required,
RU,LK,visa_on_arrival,
RU,LR,visa_required,
RU,LS,e_visa,
RU,LT,visa_required,
RU,LU,visa_required,
RU,LV,visa_required,
RU,LY,e_visa,
RU,MA,visa_free,90
RU,MC,visa_required,
RU,MD,visa_free,90
RU,ME,visa_free,30
RU,MG,visa_on_arrival,
RU,MH,visa_on_arrival,
RU,MK,visa_required,
RU,ML,visa_required,
RU,MM,visa_free,30
RU,MN,visa_free,30
RU,MO,visa_free,30
RU,MR,visa_on_arrival,
RU,MT,visa_required,
RU,MU,visa_free,90
RU,MV,visa_free,90
RU,MW,visa_free,90
RU,MX,eta,
RU,MY,visa_free,30
RU,MZ,visa_free,30
RU,NA,visa_free,90
RU,NE,visa_required,
RU,NG,e_visa,
RU,NI,visa_free,90
RU,NL,visa_required,
RU,NO,visa_required,
RU,NP,visa_on_arrival,
RU,NR,visa_free,90
RU,NZ,visa_required,
RU,OM,visa_on_arrival,
RU,PA,visa_free,90
RU,PE,visa_free,180
RU,PG,eta,
RU,PH,visa_free,30
RU,PK,eta,
RU,PL,visa_required,
RU,PS,visa_free,
RU,PT,visa_required,
RU,PW,visa_free,30
RU,PY,visa_free,90
RU,QA,visa_on_arrival,
RU,RO,visa_required,
RU,RS,visa_free,30
RU,RW,visa_on_arrival,
RU,SA,visa_on_arrival,
RU,SB,visa_required,
RU,SC,visa_free,90
RU,SD,visa_required,
RU,SE,visa_required,
RU,SG,e_visa,
RU,SI,visa_required,
RU,SK,visa_required,
RU,SL,visa_on_arrival,
RU,SM,visa_required,
RU,SN,visa_on_arrival,
RU,SO,visa_on_arrival,
RU,SR,visa_required,
RU,SS,e_visa,
RU,ST,visa_free,15
RU,SV,visa_free,180
RU,SY,e_visa,
RU,SZ,visa_free,30
RU,TD,visa_required,
RU,TG,e_visa,
RU,TH,visa_free,60
RU,TJ,visa_free,
RU,TL,visa_on_arrival,
RU,TM,visa_required,
RU,TN,visa_free,90
RU,TO,visa_on_arrival,
RU,TR,visa_free,60
RU,TT,visa_free,90
RU,TV,visa_on_arrival,
RU,TW,visa_required,
RU,TZ,visa_on_arrival,
RU,UA,visa_required,
RU,UG,e_visa,
RU,US,visa_required,
RU,UY,visa_free,90
RU,UZ,visa_free,
RU,VA,visa_required,
RU,VC,visa_free,90
RU,VE,visa_free,90
RU,VN,visa_free,45
RU,VU,visa_free,120
RU,WS,visa_free,90
RU,XK,visa_required,
RU,YE,visa_required,
RU,ZA,visa_free,90
RU,ZM,visa_on_arrival,
RU,ZW,visa_on_arrival,
RW,AD,visa_required,
RW,AE,e_visa,
RW,AF,visa_required,
RW,AG,e_visa,
RW,AL,e_visa,
RW,AM,visa_required,
RW,AO,visa_free,30
RW,AR,visa_required,
RW,AT,visa_required,
RW,AU,e_visa,
RW,AZ,visa_required,
RW,BA,visa_required,
RW,BB,visa_free,90
RW,BD,visa_on_arrival,
RW,BE,visa_required,
RW,BF,e_visa,
RW,BG,visa_required,
RW,BH,e_visa,
RW,BI,visa_free,90
RW,BJ,visa_free,90
RW,BN,visa_required,
RW,BO,visa_on_arrival,
RW,BR,visa_required,
RW,BS,e_visa,
RW,BT,e_visa,
RW,BW,e_visa,
RW,BY,visa_required,
RW,BZ,visa_required,
RW,CA,visa_required,
RW,CD,visa_free,
RW,CF,visa_free,90
RW,CG,visa_on_arrival,
RW,CH,visa_required,
RW,CI,eta,
RW,CL,visa_required,
RW,CM,e_visa,
RW,CN,visa_required,
RW,CO,e_visa,
RW,CR,visa_required,
RW,CU,e_visa,
RW,CV,visa_on_arrival,
RW,CY,visa_required,
RW,CZ,visa_required,
RW,DE,visa_required,
RW,DJ,visa_on_arrival,
RW,DK,visa_required,
RW,DM,visa_free,180
RW,DO,visa_required,
RW,DZ,visa_required,
RW,EC,visa_free,90
RW,EE,visa_required,
RW,EG,visa_required,
RW,ER,visa_required,
RW,ES,visa_required,
RW,ET,visa_on_arrival,
RW,FI,visa_required,
RW,FJ,visa_required,
RW,FM,visa_free,30
RW,FR,visa_required,
RW,GA,e_visa,
RW,GB,visa_required,
RW,GD,visa_free,90
RW,GE,e_visa,
RW,GH,visa_free,60
RW,GM,visa_free,90
RW,GN,visa_free,
RW,GQ,e_visa,
RW,GR,visa_required,
RW,GT,visa_required,
RW,GW,visa_on_arrival,
RW,GY,visa_required,
RW,HK,e_visa,
RW,HN,visa_required,
RW,HR,visa_required,
RW,HT,visa_free,90
RW,HU,visa_required,
RW,ID,visa_on_arrival,
RW,IE,visa_required,
RW,IL,visa_required,
RW,IN,e_visa,
RW,IQ,e_visa,
RW,IR,visa_on_arrival,
RW,IS,visa_required,
RW,IT,visa_required,
RW,JM,visa_required,
RW,JO,visa_on_arrival,
RW,JP,visa_required,
RW,KE,visa_free,
RW,KG,e_visa,
RW,KH,visa_on_arrival,
RW,KI,visa_free,90
RW,KM,visa_on_arrival,
RW,KN,e_visa,
RW,KP,visa_required,
RW,KR,e_visa,
RW,KW,visa_required,
RW,KZ,e_visa,
RW,LA,visa_on_arrival,
RW,LB,visa_required,
RW,LC,visa_required,
RW,LI,visa_required,
RW,LK,visa_on_arrival,
RW,LR,visa_required,
RW,LS,e_visa,
RW,LT,visa_required,
RW,LU,visa_required,
RW,LV,visa_required,
RW,LY,e_visa,
RW,MA,visa_required,
RW,MC,visa_required,
RW,MD,e_visa,
RW,ME,visa_required,
RW,MG,visa_on_arrival,
RW,MH,visa_required,
RW,MK,visa_required,
RW,ML,visa_on_arrival,
RW,MM,visa_required,
RW,MN,e_visa,
RW,MO,visa_on_arrival,
RW,MR,visa_on_arrival,
RW,MT,visa_required,
RW,MU,visa_free,90
RW,MV,visa_on_arrival,
RW,MW,e_visa,
RW,MX,visa_required,
RW,MY,e_visa,
RW,MZ,visa_on_arrival,
RW,NA,visa_on_arrival,
RW,NE,visa_required,
RW,NG,visa_on_arrival,
RW,NI,visa_on_arrival,
RW,NL,visa_required,
RW,NO,visa_required,
RW,NP,visa_on_arrival,
RW,NR,visa_required,
RW,NZ,visa_required,
RW,OM,e_visa,
RW,PA,visa_required,
RW,PE,visa_required,
RW,PG,eta,
RW,PH,visa_free,30
RW,PK,eta,
RW,PL,visa_required,
RW,PS,visa_free,
RW,PT,visa_required,
RW,PW,visa_on_arrival,
RW,PY,visa_required,
RW,QA,visa_on_arrival,
RW,RO,visa_required,
RW,RS,visa_required,
RW,RU,visa_required,
RW,SA,visa_required,
RW,SB,visa_required,
RW,SC,visa_free,90
RW,SD,visa_required,
RW,SE,visa_required,
RW,SG,visa_free,30
RW,SI,visa_required,
RW,SK,visa_required,
RW,SL,visa_on_arrival,
RW,SM,visa_required,
RW,SN,visa_free,90
RW,SO,e_visa,
RW,SR,visa_required,
RW,SS,visa_on_arrival,
RW,ST,visa_free,15
RW,SV,e_visa,
RW,SY,e_visa,
RW,SZ,visa_required,
RW,TD,visa_free,90
RW,TG,e_visa,
RW,TH,visa_required,
RW,TJ,e_visa,
RW,TL,visa_on_arrival,
RW,TM,visa_required,
RW,TN,visa_required,
RW,TO,visa_required,
RW,TR,visa_required,
RW,TT,visa_required,
RW,TV,visa_on_arrival,
RW,TW,visa_required,
RW,TZ,visa_free,90
RW,UA,visa_required,
RW,UG,visa_free,90
RW,US,visa_required,
RW,UY,visa_required,
RW,UZ,visa_required,
RW,VA,visa_required,
RW,VC,visa_free,90
RW,VE,visa_required,
RW,VN,e_visa,
RW,VU,visa_free,120
RW,WS,visa_on_arrival,
RW,XK,visa_required,
RW,YE,visa_required,
RW,ZA,visa_required,
RW,ZM,visa_on_arrival,
RW,ZW,visa_on_arrival,
SA,AD,visa_required,
SA,AE,visa_free,
SA,AF,visa_required,
SA,AG,e_visa,
SA,AL,visa_free,90
SA,AM,e_visa,
SA,AO,visa_free,30
SA,AR,visa_required,
SA,AT,visa_required,
SA,AU,e_visa,
SA,AZ,visa_on_arrival,
SA,BA,visa_required,
SA,BB,visa_free,90
SA,BD,visa_on_arrival,
SA,BE,visa_required,
SA,BF,e_visa,
SA,BG,visa_required,
SA,BH,visa_free,
SA,BI,visa_on_arrival,
SA,BJ,e_visa,
SA,BN,visa_on_arrival,
SA,BO,visa_on_arrival,
SA,BR,visa_required,
SA,BS,e_visa,
SA,BT,e_visa,
SA,BW,visa_free,90
SA,BY,visa_free,30
SA,BZ,visa_required,
SA,CA,visa_required,
SA,CD,e_visa,
SA,CF,visa_required,
SA,CG,visa_required,
SA,CH,visa_required,
SA,CI,eta,
SA,CL,visa_required,
SA,CM,e_visa,
SA,CN,visa_required,
SA,CO,e_visa,
SA,CR,visa_required,
SA,CU,e_visa,
SA,CV,visa_on_arrival,
SA,CY,visa_required,
SA,CZ,visa_required,
SA,DE,visa_required,
SA,DJ,visa_on_arrival,
SA,DK,visa_required,
SA,DM,visa_free,21
SA,DO,visa_required,
SA,DZ,visa_required,
SA,EC,visa_free,90
SA,EE,visa_required,
SA,EG,visa_free,180
SA,ER,visa_required,
SA,ES,visa_required,
SA,ET,visa_on_arrival,
SA,FI,visa_required,
SA,FJ,visa_required,
SA,FM,visa_free,30
SA,FR,visa_required,
SA,GA,e_visa,
SA,GB,eta,
SA,GD,visa_required,
SA,GE,visa_free,360
SA,GH,visa_on_arrival,
SA,GM,visa_free,90
SA,GN,e_visa,
SA,GQ,e_visa,
SA,GR,visa_required,
SA,GT,visa_free,90
SA,GW,visa_on_arrival,
SA,GY,visa_required,
SA,HK,visa_free,30
SA,HN,visa_free,90
SA,HR,visa_required,
SA,HT,visa_free,90
SA,HU,visa_required,
SA,ID,visa_on_arrival,
SA,IE,visa_required,
SA,IL,visa_required,
SA,IN,e_visa,
SA,IQ,visa_on_arrival,
SA,IR,visa_free,15
SA,IS,visa_required,
SA,IT,visa_required,
SA,JM,visa_required,
SA,JO,visa_free,90
SA,JP,e_visa,
SA,KE,eta,
SA,KG,visa_free,60
SA,KH,visa_on_arrival,
SA,KI,visa_free,90
SA,KM,visa_on_arrival,
SA,KN,visa_free,90
SA,KP,visa_required,
SA,KR,visa_free,30
SA,KW,visa_free,
SA,KZ,visa_free,30
SA,LA,visa_on_arrival,
SA,LB,visa_free,180
SA,LC,visa_required,
SA,LI,visa_required,
SA,LK,visa_on_arrival,
SA,LR,visa_required,
SA,LS,e_visa,
SA,LT,visa_required,
SA,LU,visa_required,
SA,LV,visa_required,
SA,LY,e_visa,
SA,MA,visa_free,90
SA,MC,visa_required,
SA,MD,e_visa,
SA,ME,visa_required,
SA,MG,visa_on_arrival,
SA,MH,visa_required,
SA,MK,visa_required,
SA,ML,visa_required,
SA,MM,e_visa,
SA,MN,e_visa,
SA,MO,visa_on_arrival,
SA,MR,visa_on_arrival,
SA,MT,visa_required,
SA,MU,visa_free,90
SA,MV,visa_on_arrival,
SA,MW,visa_on_arrival,
SA,MX,visa_required,
SA,MY,visa_free,90
SA,MZ,visa_free,30
SA,NA,visa_required,
SA,NE,visa_required,
SA,NG,e_visa,
SA,NI,visa_free,90
SA,NL,visa_required,
SA,NO,visa_required,
SA,NP,visa_on_arrival,
SA,NR,visa_required,
SA,NZ,eta,
SA,OM,visa_free,
SA,PA,visa_free,90
SA,PE,visa_required,
SA,PG,e_visa,
SA,PH,visa_free,30
SA,PK,visa_free,90
SA,PL,visa_required,
SA,PS,visa_free,
SA,PT,visa_required,
SA,PW,visa_on_arrival,
SA,PY,visa_required,
SA,QA,visa_free,
SA,RO,visa_required,
SA,RS,visa_required,
SA,RU,e_visa,
SA,RW,visa_on_arrival,
SA,SB,visa_required,
SA,SC,visa_free,90
SA,SD,visa_required,
SA,SE,visa_required,
SA,SG,visa_free,
SA,SI,visa_required,
SA,SK,visa_required,
SA,SL,visa_on_arrival,
SA,SM,visa_required,
SA,SN,visa_required,
SA,SO,visa_on_arrival,
SA,SR,visa_required,
SA,SS,e_visa,
SA,ST,e_visa,
SA,SV,visa_free,180
SA,SY,visa_free,
SA,SZ,visa_required,
SA,TD,visa_required,
SA,TG,e_visa,
SA,TH,visa_free,60
SA,TJ,visa_free,30
SA,TL,visa_on_arrival,
SA,TM,visa_required,
SA,TN,visa_free,90
SA,TO,visa_required,
SA,TR,visa_free,90
SA,TT,visa_required,
SA,TV,visa_on_arrival,
SA,TW,e_visa,
SA,TZ,visa_on_arrival,
SA,UA,visa_free,90
SA,UG,e_visa,
SA,US,visa_required,
SA,UY,visa_required,
SA,UZ,visa_free,90
SA,VA,visa_required,
SA,VC,visa_free,90
SA,VE,visa_required,
SA,VN,e_visa,
SA,VU,visa_free,120
SA,WS,visa_on_arrival,
SA,XK,visa_free,90
SA,YE,visa_on_arrival,
SA,ZA,visa_free,90
SA,ZM,visa_free,90
SA,ZW,e_visa,
SB,AD,visa_free,90
SB,AE,visa_free,90
SB,AF,visa_required,
SB,AG,visa_free,180
SB,AL,e_visa,
SB,AM,e_visa,
SB,AO,visa_free,30
SB,AR,visa_required,
SB,AT,visa_free,90
SB,AU,e_visa,
SB,AZ,visa_required,
SB,BA,visa_free,90
SB,BB,visa_free,180
SB,BD,visa_on_arrival,
SB,BE,visa_free,90
SB,BF,e_visa,
SB,BG,visa_free,90
SB,BH,e_visa,
SB,BI,visa_on_arrival,
SB,BJ,e_visa,
SB,BN,visa_required,
SB,BO,visa_on_arrival,
SB,BR,visa_required,
SB,BS,visa_free,90
SB,BT,e_visa,
SB,BW,visa_free,90
SB,BY,visa_required,
SB,BZ,visa_free,
SB,CA,eta,
SB,CD,e_visa,
SB,CF,visa_required,
SB,CG,visa_required,
SB,CH,visa_free,90
SB,CI,eta,
SB,CL,visa_required,
SB,CM,e_visa,
SB,CN,visa_free,30
SB,CO,visa_free,90
SB,CR,visa_free,30
SB,CU,e_visa,
SB,CV,visa_on_arrival,
SB,CY,visa_free,90
SB,CZ,visa_free,90
SB,DE,visa_free,90
SB,DJ,visa_on_arrival,
SB,DK,visa_free,90
SB,DM,visa_free,180
SB,DO,visa_free,
SB,DZ,visa_required,
SB,EC,visa_free,90
SB,EE,visa_free,90
SB,EG,visa_on_arrival,
SB,ER,visa_required,
SB,ES,visa_free,90
SB,ET,e_visa,
SB,FI,visa_free,90
SB,FJ,visa_free,120
SB,FM,visa_free,30
SB,FR,visa_free,90
SB,GA,e_visa,
SB,GB,eta,
SB,GD,visa_free,90
SB,GE,e_visa,
SB,GH,visa_on_arrival,
SB,GM,visa_free,90
SB,GN,e_visa,
SB,GQ,e_visa,
SB,GR,visa_free,90
SB,GT,visa_free,90
SB,GW,visa_on_arrival,
SB,GY,visa_required,
SB,HK,e_visa,
SB,HN,visa_free,90
SB,HR,visa_free,90
SB,HT,visa_free,90
SB,HU,visa_free,90
SB,ID,e_visa,
SB,IE,visa_free,90
SB,IL,visa_free,90
SB,IN,e_visa,
SB,IQ,e_visa,
SB,IR,visa_on_arrival,
SB,IS,visa_free,90
SB,IT,visa_free,90
SB,JM,visa_free,
SB,JO,visa_on_arrival,
SB,JP,visa_required,
SB,KE,eta,
SB,KG,e_visa,
SB,KH,visa_on_arrival,
SB,KI,visa_free,90
SB,KM,visa_on_arrival,
SB,KN,visa_free,90
SB,KP,visa_required,
SB,KR,eta,
SB,KW,visa_required,
SB,KZ,visa_required,
SB,LA,visa_on_arrival,
SB,LB,visa_required,
SB,LC,visa_free,42
SB,LI,visa_free,90
SB,LK,visa_on_arrival,
SB,LR,visa_required,
SB,LS,visa_free,90
SB,LT,visa_free,90
SB,LU,visa_free,90
SB,LV,visa_free,90
SB,LY,e_visa,
SB,MA,visa_required,
SB,MC,visa_free,90
SB,MD,visa_free,90
SB,ME,visa_free,90
SB,MG,visa_on_arrival,
SB,MH,visa_on_arrival,
SB,MK,visa_required,
SB,ML,visa_required,
SB,MM,visa_required,
SB,MN,e_visa,
SB,MO,visa_on_arrival,
SB,MR,visa_on_arrival,
SB,MT,visa_free,90
SB,MU,visa_free,90
SB,MV,visa_on_arrival,
SB,MW,visa_free,30
SB,MX,visa_required,
SB,MY,visa_free,30
SB,MZ,visa_on_arrival,
SB,NA,visa_required,
SB,NE,visa_required,
SB,NG,e_visa,
SB,NI,visa_free,90
SB,NL,visa_free,90
SB,NO,visa_free,90
SB,NP,visa_on_arrival,
SB,NR,visa_on_arrival,
SB,NZ,visa_required,
SB,OM,e_visa,
SB,PA,visa_free,90
SB,PE,visa_free,180
SB,PG,eta,
SB,PH,visa_free,30
SB,PK,e_visa,
SB,PL,visa_free,90
SB,PS,visa_free,
SB,PT,visa_free,90
SB,PW,visa_on_arrival,
SB,PY,visa_required,
SB,QA,e_visa,
SB,RO,visa_free,90
SB,RS,visa_required,
SB,RU,visa_required,
SB,RW,visa_free,30
SB,SA,visa_required,
SB,SC,visa_free,90
SB,SD,visa_required,
SB,SE,visa_free,90
SB,SG,visa_free,30
SB,SI,visa_free,90
SB,SK,visa_free,90
SB,SL,visa_on_arrival,
SB,SM,visa_free,90
SB,SN,visa_on_arrival,
SB,SO,e_visa,
SB,SR,visa_required,
SB,SS,e_visa,
SB,ST,e_visa,
SB,SV,visa_free,180
SB,SY,e_visa,
SB,SZ,visa_free,30
SB,TD,visa_required,
SB,TG,e_visa,
SB,TH,e_visa,
SB,TJ,visa_free,30
SB,TL,visa_on_arrival,
SB,TM,visa_required,
SB,TN,visa_required,
SB,TO,visa_on_arrival,
SB,TR,e_visa,
SB,TT,visa_free,
SB,TV,visa_on_arrival,
SB,TW,e_visa,
SB,TZ,visa_free,90
SB,UA,visa_required,
SB,UG,visa_free,90
SB,US,visa_required,
SB,UY,visa_required,
SB,UZ,e_visa,
SB,VA,visa_free,90
SB,VC,visa_free,90
SB,VE,visa_required,
SB,VN,e_visa,
SB,VU,visa_free,120
SB,WS,visa_on_arrival,
SB,XK,visa_free,90
SB,YE,visa_required,
SB,ZA,visa_required,
SB,ZM,visa_free,90
SB,ZW,visa_free,90
SC,AD,visa_free,90
SC,AE,visa_free,90
SC,AF,visa_required,
SC,AG,visa_free,180
SC,AL,visa_free,90
SC,AM,visa_required,
SC,AO,visa_free,30
SC,AR,visa_required,
SC,AT,visa_free,90
SC,AU,e_visa,
SC,AZ,e_visa,
SC,BA,visa_free,90
SC,BB,visa_free,180
SC,BD,visa_free,90
SC,BE,visa_free,90
SC,BF,e_visa,
SC,BG,visa_free,90
SC,BH,e_visa,
SC,BI,visa_on_arrival,
SC,BJ,visa_free,90
SC,BN,visa_required,
SC,BO,visa_on_arrival,
SC,BR,visa_free,90
SC,BS,visa_free,90
SC,BT,e_visa,
SC,BW,visa_free,90
SC,BY,visa_free,30
SC,BZ,visa_free,
SC,CA,visa_required,
SC,CD,e_visa,
SC,CF,visa_required,
SC,CG,visa_required,
SC,CH,visa_free,90
SC,CI,visa_free,90
SC,CL,visa_required,
SC,CM,e_visa,
SC,CN,visa_free,30
SC,CO,e_visa,
SC,CR,visa_free,30
SC,CU,e_visa,
SC,CV,visa_on_arrival,
SC,CY,visa_free,90
SC,CZ,visa_free,90
SC,DE,visa_free,90
SC,DJ,visa_on_arrival,
SC,DK,visa_free,90
SC,DM,visa_free,180
SC,DO,visa_free,
SC,DZ,visa_free,90
SC,EC,visa_free,90
SC,EE,visa_free,90
SC,EG,visa_on_arrival,
SC,ER,visa_required,
SC,ES,visa_free,90
SC,ET,visa_on_arrival,
SC,FI,visa_free,90
SC,FJ,visa_free,120
SC,FM,visa_free,30
SC,FR,visa_free,90
SC,GA,e_visa,
SC,GB,eta,
SC,GD,visa_free,90
SC,GE,visa_free,360
SC,GH,visa_free,60
SC,GM,visa_free,90
SC,GN,e_visa,
SC,GQ,e_visa,
SC,GR,visa_free,90
SC,GT,visa_required,
SC,GW,visa_on_arrival,
SC,GY,visa_required,
SC,HK,visa_free,90
SC,HN,visa_required,
SC,HR,visa_free,90
SC,HT,visa_free,90
SC,HU,visa_free,90
SC,ID,visa_on_arrival,
SC,IE,visa_free,90
SC,IL,visa_required,
SC,IN,e_visa,
SC,IQ,e_visa,
SC,IR,visa_free,15
SC,IS,visa_free,90
SC,IT,visa_free,90
SC,JM,visa_free,
SC,JO,visa_on_arrival,
SC,JP,visa_required,
SC,KE,eta,
SC,KG,e_visa,
SC,KH,visa_on_arrival,
SC,KI,visa_free,90
SC,KM,visa_on_arrival,
SC,KN,visa_free,90
SC,KP,visa_required,
SC,KR,eta,
SC,KW,visa_required,
SC,KZ,visa_free,30
SC,LA,visa_on_arrival,
SC,LB,visa_required,
SC,LC,visa_free,42
SC,LI,visa_free,90
SC,LK,visa_free,90
SC,LR,visa_required,
SC,LS,visa_free,90
SC,LT,visa_free,90
SC,LU,visa_free,90
SC,LV,visa_free,90
SC,LY,e_visa,
SC,MA,visa_required,
SC,MC,visa_free,90
SC,MD,visa_free,90
SC,ME,visa_free,90
SC,MG,visa_on_arrival,
SC,MH,visa_on_arrival,
SC,MK,visa_free,90
SC,ML,visa_required,
SC,MM,visa_required,
SC,MN,e_visa,
SC,MO,visa_free,30
SC,MR,visa_on_arrival,
SC,MT,visa_free,90
SC,MU,visa_free,90
SC,MV,visa_on_arrival,
SC,MW,visa_free,90
SC,MX,visa_required,
SC,MY,visa_free,30
SC,MZ,visa_on_arrival,
SC,NA,visa_free,90
SC,NE,visa_required,
SC,NG,visa_free,90
SC,NI,visa_on_arrival,
SC,NL,visa_free,90
SC,NO,visa_free,90
SC,NP,visa_on_arrival,
SC,NR,visa_required,
SC,NZ,eta,
SC,OM,visa_on_arrival,
SC,PA,visa_free,90
SC,PE,visa_required,
SC,PG,eta,
SC,PH,visa_free,30
SC,PK,e_visa,
SC,PL,visa_free,90
SC,PS,visa_free,
SC,PT,visa_free,90
SC,PW,visa_on_arrival,
SC,PY,visa_required,
SC,QA,visa_on_arrival,
SC,RO,visa_free,90
SC,RS,visa_free,90
SC,RU,visa_free,30
SC,RW,visa_free,90
SC,SA,visa_on_arrival,
SC,SB,visa_required,
SC,SD,visa_required,
SC,SE,visa_free,90
SC,SG,visa_free,30
SC,SI,visa_free,90
SC,SK,visa_free,90
SC,SL,visa_on_arrival,
SC,SM,visa_free,90
SC,SN,visa_on_arrival,
SC,SO,e_visa,
SC,SR,visa_required,
SC,SS,e_visa,
SC,ST,e_visa,
SC,SV,e_visa,
SC,SY,e_visa,
SC,SZ,visa_free,30
SC,TD,visa_required,
SC,TG,e_visa,
SC,TH,visa_on_arrival,
SC,TJ,e_visa,
SC,TL,visa_on_arrival,
SC,TM,visa_required,
SC,TN,visa_free,90
SC,TO,visa_on_arrival,
SC,TR,visa_free,90
SC,TT,visa_free,
SC,TV,visa_on_arrival,
SC,TW,visa_required,
SC,TZ,visa_free,90
SC,UA,visa_required,
SC,UG,visa_free,90
SC,US,visa_required,
SC,UY,visa_free,90
SC,UZ,e_visa,
SC,VA,visa_free,90
SC,VC,visa_free,90
SC,VE,visa_required,
SC,VN,e_visa,
SC,VU,visa_free,120
SC,WS,visa_on_arrival,
SC,XK,visa_free,90
SC,YE,visa_required,
SC,ZA,visa_free,30
SC,ZM,visa_free,90
SC,ZW,visa_free,90
SD,AD,visa_required,
SD,AE,e_visa,
SD,AF,visa_required,
SD,AG,e_visa,
SD,AL,e_visa,
SD,AM,visa_required,
SD,AO,visa_required,
SD,AR,visa_required,
SD,AT,visa_required,
SD,AU,e_visa,
SD,AZ,visa_required,
SD,BA,visa_required,
SD,BB,visa_free,90
SD,BD,visa_on_arrival,
SD,BE,visa_required,
SD,BF,e_visa,
SD,BG,visa_required,
SD,BH,e_visa,
SD,BI,visa_on_arrival,
SD,BJ,visa_free,90
SD,BN,visa_required,
SD,BO,e_visa,
SD,BR,visa_required,
SD,BS,e_visa,
SD,BT,e_visa,
SD,BW,e_visa,
SD,BY,visa_required,
SD,BZ,visa_required,
SD,CA,visa_required,
SD,CD,e_visa,
SD,CF,visa_required,
SD,CG,visa_required,
SD,CH,visa_required,
SD,CI,eta,
SD,CL,visa_required,
SD,CM,e_visa,
SD,CN,visa_required,
SD,CO,e_visa,
SD,CR,visa_required,
SD,CU,e_visa,
SD,CV,visa_on_arrival,
SD,CY,visa_required,
SD,CZ,visa_required,
SD,DE,visa_required,
SD,DJ,visa_on_arrival,
SD,DK,visa_required,
SD,DM,visa_free,21
SD,DO,visa_required,
SD,DZ,visa_required,
SD,EC,e_visa,
SD,EE,visa_required,
SD,EG,visa_required,
SD,ER,visa_on_arrival,
SD,ES,visa_required,
SD,ET,e_visa,
SD,FI,visa_required,
SD,FJ,visa_required,
SD,FM,visa_free,30
SD,FR,visa_required,
SD,GA,e_visa,
SD,GB,visa_required,
SD,GD,visa_required,
SD,GE,e_visa,
SD,GH,visa_free,90
SD,GM,visa_free,90
SD,GN,e_visa,
SD,GQ,e_visa,
SD,GR,visa_required,
SD,GT,visa_required,
SD,GW,visa_on_arrival,
SD,GY,visa_required,
SD,HK,e_visa,
SD,HN,visa_required,
SD,HR,visa_required,
SD,HT,visa_free,90
SD,HU,visa_required,
SD,ID,e_visa,
SD,IE,visa_required,
SD,IL,visa_required,
SD,IN,visa_required,
SD,IQ,e_visa,
SD,IR,visa_on_arrival,
SD,IS,visa_required,
SD,IT,visa_required,
SD,JM,visa_required,
SD,JO,visa_required,
SD,JP,visa_required,
SD,KE,eta,
SD,KG,e_visa,
SD,KH,visa_on_arrival,
SD,KI,visa_required,
SD,KM,visa_on_arrival,
SD,KN,e_visa,
SD,KP,visa_required,
SD,KR,e_visa,
SD,KW,visa_required,
SD,KZ,visa_required,
SD,LA,visa_on_arrival,
SD,LB,visa_on_arrival,
SD,LC,visa_on_arrival,
SD,LI,visa_required,
SD,LK,visa_on_arrival,
SD,LR,visa_required,
SD,LS,e_visa,
SD,LT,visa_required,
SD,LU,visa_required,
SD,LV,visa_required,
SD,LY,no_admission,
SD,MA,visa_required,
SD,MC,visa_required,
SD,MD,visa_required,
SD,ME,visa_required,
SD,MG,visa_on_arrival,
SD,MH,visa_required,
SD,MK,visa_required,
SD,ML,visa_required,
SD,MM,visa_required,
SD,MN,visa_required,
SD,MO,visa_on_arrival,
SD,MR,visa_on_arrival,
SD,MT,visa_required,
SD,MU,visa_required,
SD,MV,visa_on_arrival,
SD,MW,e_visa,
SD,MX,visa_required,
SD,MY,visa_free,90
SD,MZ,visa_on_arrival,
SD,NA,visa_required,
SD,NE,visa_required,
SD,NG,visa_on_arrival,
SD,NI,visa_required,
SD,NL,visa_required,
SD,NO,visa_required,
SD,NP,visa_on_arrival,
SD,NR,visa_required,
SD,NZ,visa_required,
SD,OM,e_visa,
SD,PA,visa_required,
SD,PE,visa_required,
SD,PG,e_visa,
SD,PH,visa_required,
SD,PK,e_visa,
SD,PL,visa_required,
SD,PS,visa_required,
SD,PT,visa_required,
SD,PW,visa_on_arrival,
SD,PY,visa_required,
SD,QA,e_visa,
SD,RO,visa_required,
SD,RS,visa_required,
SD,RU,visa_required,
SD,RW,visa_free,30
SD,SA,visa_required,
SD,SB,visa_required,
SD,SC,visa_free,90
SD,SE,visa_required,
SD,SG,e_visa,
SD,SI,visa_required,
SD,SK,visa_required,
SD,SL,e_visa,
SD,SM,visa_required,
SD,SN,visa_required,
SD,SO,visa_on_arrival,
SD,SR,visa_required,
SD,SS,e_visa,
SD,ST,e_visa,
SD,SV,e_visa,
SD,SY,visa_free,
SD,SZ,visa_required,
SD,TD,visa_required,
SD,TG,e_visa,
SD,TH,e_visa,
SD,TJ,e_visa,
SD,TL,visa_on_arrival,
SD,TM,visa_required,
SD,TN,visa_required,
SD,TO,visa_required,
SD,TR,visa_required,
SD,TT,visa_required,
SD,TV,visa_on_arrival,
SD,TW,visa_required,
SD,TZ,visa_on_arrival,
SD,UA,visa_required,
SD,UG,e_visa,
SD,US,visa_required,
SD,UY,visa_required,
SD,UZ,visa_required,
SD,VA,visa_required,
SD,VC,visa_free,90
SD,VE,visa_required,
SD,VN,e_visa,
SD,VU,visa_required,
SD,WS,visa_on_arrival,
SD,XK,visa_required,
SD,YE,visa_required,
SD,ZA,visa_required,
SD,ZM,e_visa,
SD,ZW,e_visa,
SE,AD,visa_free,
SE,AE,visa_free,90
SE,AF,visa_required,
SE,AG,visa_free,180
SE,AL,visa_free,90
SE,AM,visa_free,180
SE,AO,visa_free,30
SE,AR,visa_free,90
SE,AT,freedom_of_movement,
SE,AU,eta,
SE,AZ,e_visa,
SE,BA,visa_free,90
SE,BB,visa_free,90
SE,BD,visa_on_arrival,
SE,BE,freedom_of_movement,
SE,BF,visa_on_arrival,
SE,BG,freedom_of_movement,
SE,BH,visa_on_arrival,
SE,BI,visa_on_arrival,
SE,BJ,e_visa,
SE,BN,visa_free,90
SE,BO,visa_free,90
SE,BR,visa_free,90
SE,BS,visa_free,90
SE,BT,e_visa,
SE,BW,visa_free,90
SE,BY,visa_free,30
SE,BZ,visa_free,
SE,CA,eta,
SE,CD,e_visa,
SE,CF,visa_required,
SE,CG,visa_required,
SE,CH,freedom_of_movement,
SE,CI,eta,
SE,CL,visa_free,90
SE,CM,e_visa,
SE,CN,visa_required,
SE,CO,visa_free,90
SE,CR,visa_free,180
SE,CU,e_visa,
SE,CV,visa_free,30
SE,CY,freedom_of_movement,
SE,CZ,freedom_of_movement,
SE,DE,freedom_of_movement,
SE,DJ,visa_on_arrival,
SE,DK,freedom_of_movement,
SE,DM,visa_free,180
SE,DO,visa_free,
SE,DZ,visa_required,
SE,EC,visa_free,90
SE,EE,freedom_of_movement,
SE,EG,visa_on_arrival,
SE,ER,visa_required,
SE,ES,freedom_of_movement,
SE,ET,visa_on_arrival,
SE,FI,freedom_of_movement,
SE,FJ,visa_free,120
SE,FM,visa_free,90
SE,FR,freedom_of_movement,
SE,GA,e_visa,
SE,GB,visa_free,180
SE,GD,visa_free,90
SE,GE,visa_free,360
SE,GH,visa_on_arrival,
SE,GM,visa_free,90
SE,GN,e_visa,
SE,GQ,e_visa,
SE,GR,freedom_of_movement,
SE,GT,visa_free,90
SE,GW,visa_on_arrival,
SE,GY,visa_free,90
SE,HK,visa_free,90
SE,HN,visa_free,90
SE,HR,freedom_of_movement,
SE,HT,visa_free,90
SE,HU,freedom_of_movement,
SE,ID,visa_on_arrival,
SE,IE,freedom_of_movement,
SE,IL,visa_free,90
SE,IN,e_visa,
SE,IQ,visa_on_arrival,
SE,IR,visa_on_arrival,
SE,IS,freedom_of_movement,
SE,IT,freedom_of_movement,
SE,JM,visa_free,90
SE,JO,visa_on_arrival,
SE,JP,visa_free,90
SE,KE,eta,
SE,KG,visa_free,60
SE,KH,visa_on_arrival,
SE,KI,visa_free,90
SE,KM,visa_on_arrival,
SE,KN,visa_free,90
SE,KP,visa_required,
SE,KR,visa_free,90
SE,KW,visa_on_arrival,
SE,KZ,visa_free,30
SE,LA,visa_free,15
SE,LB,visa_on_arrival,
SE,LC,visa_free,90
SE,LI,freedom_of_movement,
SE,LK,visa_on_arrival,
SE,LR,visa_required,
SE,LS,visa_free,14
SE,LT,freedom_of_movement,
SE,LU,freedom_of_movement,
SE,LV,freedom_of_movement,
SE,LY,e_visa,
SE,MA,visa_free,90
SE,MC,visa_free,
SE,MD,visa_free,90
SE,ME,visa_free,90
SE,MG,visa_on_arrival,
SE,MH,visa_free,90
SE,MK,visa_free,90
SE,ML,visa_required,
SE,MM,e_visa,
SE,MN,visa_free,30
SE,MO,visa_free,90
SE,MR,visa_on_arrival,
SE,MT,freedom_of_movement,
SE,MU,visa_free,90
SE,MV,visa_on_arrival,
SE,MW,visa_free,30
SE,MX,visa_free,180
SE,MY,visa_free,90
SE,MZ,visa_free,30
SE,NA,visa_free,90
SE,NE,visa_required,
SE,NG,e_visa,
SE,NI,visa_free,90
SE,NL,freedom_of_movement,
SE,NO,freedom_of_movement,
SE,NP,visa_on_arrival,
SE,NR,visa_required,
SE,NZ,eta,
SE,OM,visa_on_arrival,
SE,PA,visa_free,90
SE,PE,visa_free,90
SE,PG,eta,
SE,PH,visa_free,30
SE,PK,eta,
SE,PL,freedom_of_movement,
SE,PS,visa_free,
SE,PT,freedom_of_movement,
SE,PW,visa_free,90
SE,PY,visa_free,90
SE,QA,visa_on_arrival,
SE,RO,freedom_of_movement,
SE,RS,visa_free,90
SE,RU,e_visa,
SE,RW,visa_on_arrival,
SE,SA,visa_on_arrival,
SE,SB,visa_free,90
SE,SC,visa_free,90
SE,SD,visa_required,
SE,SG,visa_free,90
SE,SI,freedom_of_movement,
SE,SK,freedom_of_movement,
SE,SL,visa_on_arrival,
SE,SM,visa_free,
SE,SN,visa_free,90
SE,SO,visa_on_arrival,
SE,SR,visa_free,90
SE,SS,e_visa,
SE,ST,visa_free,15
SE,SV,visa_free,180
SE,SY,e_visa,
SE,SZ,visa_free,30
SE,TD,visa_required,
SE,TG,e_visa,
SE,TH,visa_free,60
SE,TJ,visa_free,30
SE,TL,visa_free,90
SE,TM,visa_required,
SE,TN,visa_free,90
SE,TO,visa_free,90
SE,TR,visa_free,90
SE,TT,visa_free,90
SE,TV,visa_free,90
SE,TW,visa_free,90
SE,TZ,visa_on_arrival,
SE,UA,visa_free,90
SE,UG,e_visa,
SE,US,eta,
SE,UY,visa_free,90
SE,UZ,visa_free,30
SE,VA,visa_free,
SE,VC,visa_free,90
SE,VE,visa_free,90
SE,VN,visa_free,45
SE,VU,visa_free,120
SE,WS,visa_free,90
SE,XK,visa_free,90
SE,YE,visa_required,
SE,ZA,visa_free,90
SE,ZM,visa_free,90
SE,ZW,visa_on_arrival,
SG,AD,visa_free,90
SG,AE,visa_free,30
SG,AF,visa_required,
SG,AG,visa_free,180
SG,AL,visa_free,90
SG,AM,visa_free,180
SG,AO,visa_free,30
SG,AR,visa_free,90
SG,AT,visa_free,90
SG,AU,eta,
SG,AZ,visa_on_arrival,
SG,BA,visa_free,90
SG,BB,visa_free,180
SG,BD,visa_on_arrival,
SG,BE,visa_free,90
SG,BF,visa_free,30
SG,BG,visa_free,90
SG,BH,visa_on_arrival,
SG,BI,visa_on_arrival,
SG,BJ,e_visa,
SG,BN,visa_free,30
SG,BO,visa_on_arrival,
SG,BR,visa_free,30
SG,BS,visa_free,90
SG,BT,e_visa,
SG,BW,visa_free,90
SG,BY,visa_free,30
SG,BZ,visa_free,
SG,CA,eta,
SG,CD,e_visa,
SG,CF,visa_required,
SG,CG,visa_required,
SG,CH,visa_free,90
SG,CI,visa_free,90
SG,CL,visa_free,30
SG,CM,e_visa,
SG,CN,visa_free,30
SG,CO,visa_free,90
SG,CR,visa_free,180
SG,CU,visa_free,30
SG,CV,visa_free,30
SG,CY,visa_free,90
SG,CZ,visa_free,90
SG,DE,visa_free,90
SG,DJ,visa_free,
SG,DK,visa_free,90
SG,DM,visa_free,180
SG,DO,visa_free,
SG,DZ,visa_required,
SG,EC,visa_free,90
SG,EE,visa_free,90
SG,EG,visa_on_arrival,
SG,ER,visa_required,
SG,ES,visa_free,90
SG,ET,visa_on_arrival,
SG,FI,visa_free,90
SG,FJ,visa_free,120
SG,FM,visa_free,30
SG,FR,visa_free,90
SG,GA,e_visa,
SG,GB,eta,
SG,GD,visa_free,90
SG,GE,visa_free,360
SG,GH,visa_free,60
SG,GM,visa_free,90
SG,GN,visa_free,30
SG,GQ,e_visa,
SG,GR,visa_free,90
SG,GT,visa_free,90
SG,GW,visa_on_arrival,
SG,GY,visa_free,30
SG,HK,visa_free,90
SG,HN,visa_free,90
SG,HR,visa_free,90
SG,HT,visa_free,90
SG,HU,visa_free,90
SG,ID,visa_free,30
SG,IE,visa_free,90
SG,IL,visa_free,90
SG,IN,e_visa,
SG,IQ,e_visa,
SG,IR,visa_free,15
SG,IS,visa_free,90
SG,IT,visa_free,90
SG,JM,visa_free,
SG,JO,visa_on_arrival,
SG,JP,visa_free,90
SG,KE,eta,
SG,KG,visa_free,60
SG,KH,visa_free,30
SG,KI,visa_free,90
SG,KM,visa_on_arrival,
SG,KN,visa_free,90
SG,KP,visa_required,
SG,KR,visa_free,90
SG,KW,visa_on_arrival,
SG,KZ,visa_free,30
SG,LA,visa_free,30
SG,LB,visa_on_arrival,
SG,LC,visa_free,15
SG,LI,visa_free,90
SG,LK,visa_free,30
SG,LR,visa_required,
SG,LS,visa_free,90
SG,LT,visa_free,
SG,LU,visa_free,90
SG,LV,visa_free,90
SG,LY,e_visa,
SG,MA,visa_free,30
SG,MC,visa_free,90
SG,MD,visa_free,90
SG,ME,visa_free,90
SG,MG,visa_on_arrival,
SG,MH,visa_on_arrival,
SG,MK,visa_free,90
SG,ML,visa_required,
SG,MM,visa_free,30
SG,MN,visa_free,30
SG,MO,visa_free,30
SG,MR,visa_on_arrival,
SG,MT,visa_free,90
SG,MU,visa_free,90
SG,MV,visa_on_arrival,
SG,MW,visa_free,30
SG,MX,visa_free,180
SG,MY,visa_free,30
SG,MZ,visa_free,30
SG,NA,visa_free,90
SG,NE,visa_required,
SG,NG,e_visa,
SG,NI,visa_free,90
SG,NL,visa_free,90
SG,NO,visa_free,90
SG,NP,visa_on_arrival,
SG,NR,visa_required,
SG,NZ,eta,
SG,OM,visa_on_arrival,
SG,PA,visa_free,90
SG,PE,visa_free,180
SG,PG,eta,
SG,PH,visa_free,30
SG,PK,eta,
SG,PL,visa_free,90
SG,PS,visa_free,
SG,PT,visa_free,90
SG,PW,visa_on_arrival,
SG,PY,visa_free,30
SG,QA,visa_on_arrival,
SG,RO,visa_free,90
SG,RS,visa_free,90
SG,RU,e_visa,
SG,RW,visa_free,90
SG,SA,visa_on_arrival,
SG,SB,visa_on_arrival,
SG,SC,visa_free,90
SG,SD,visa_required,
SG,SE,visa_free,90
SG,SI,visa_free,90
SG,SK,visa_free,90
SG,SL,visa_on_arrival,
SG,SM,visa_free,90
SG,SN,visa_free,90
SG,SO,e_visa,
SG,SR,visa_required,
SG,SS,e_visa,
SG,ST,e_visa,
SG,SV,visa_free,180
SG,SY,e_visa,
SG,SZ,visa_free,30
SG,TD,visa_required,
SG,TG,e_visa,
SG,TH,visa_free,60
SG,TJ,visa_free,30
SG,TL,visa_on_arrival,
SG,TM,visa_required,
SG,TN,visa_free,90
SG,TO,visa_on_arrival,
SG,TR,visa_free,90
SG,TT,visa_free,
SG,TV,visa_on_arrival,
SG,TW,visa_free,30
SG,TZ,visa_free,90
SG,UA,visa_required,
SG,UG,visa_free,90
SG,US,eta,
SG,UY,visa_free,90
SG,UZ,visa_free,30
SG,VA,visa_free,90
SG,VC,visa_free,90
SG,VE,visa_required,
SG,VN,visa_free,30
SG,VU,visa_free,120
SG,WS,visa_on_arrival,
SG,XK,visa_free,90
SG,YE,visa_required,
SG,ZA,visa_free,90
SG,ZM,visa_free,90
SG,ZW,visa_free,90
SI,AD,visa_free,
SI,AE,visa_free,90
SI,AF,visa_required,
SI,AG,visa_free,180
SI,AL,visa_free,90
SI,AM,visa_free,180
SI,AO,visa_free,30
SI,AR,visa_free,90
SI,AT,freedom_of_movement,
SI,AU,eta,
SI,AZ,e_visa,
SI,BA,visa_free,90
SI,BB,visa_free,90
SI,BD,visa_on_arrival,
SI,BE,freedom_of_movement,
SI,BF,visa_on_arrival,
SI,BG,freedom_of_movement,
SI,BH,visa_on_arrival,
SI,BI,visa_on_arrival,
SI,BJ,e_visa,
SI,BN,visa_free,90
SI,BO,visa_free,90
SI,BR,visa_free,90
SI,BS,visa_free,90
SI,BT,e_visa,
SI,BW,visa_free,90
SI,BY,visa_free,30
SI,BZ,visa_free,
SI,CA,eta,
SI,CD,e_visa,
SI,CF,visa_required,
SI,CG,visa_required,
SI,CH,freedom_of_movement,
SI,CI,eta,
SI,CL,visa_free,90
SI,CM,e_visa,
SI,CN,visa_free,30
SI,CO,visa_free,90
SI,CR,visa_free,180
SI,CU,e_visa,
SI,CV,visa_free,30
SI,CY,freedom_of_movement,
SI,CZ,freedom_of_movement,
SI,DE,freedom_of_movement,
SI,DJ,visa_on_arrival,
SI,DK,freedom_of_movement,
SI,DM,visa_free,180
SI,DO,visa_free,
SI,DZ,visa_required,
SI,EC,visa_free,90
SI,EE,freedom_of_movement,
SI,EG,visa_on_arrival,
SI,ER,visa_required,
SI,ES,freedom_of_movement,
SI,ET,visa_on_arrival,
SI,FI,freedom_of_movement,
SI,FJ,visa_free,120
SI,FM,visa_free,90
SI,FR,freedom_of_movement,
SI,GA,e_visa,
SI,GB,visa_free,180
SI,GD,visa_free,90
SI,GE,visa_free,360
SI,GH,visa_on_arrival,
SI,GM,visa_free,90
SI,GN,e_visa,
SI,GQ,e_visa,
SI,GR,freedom_of_movement,
SI,GT,visa_free,90
SI,GW,visa_on_arrival,
SI,GY,visa_required,
SI,HK,visa_free,90
SI,HN,visa_free,90
SI,HR,freedom_of_movement,
SI,HT,visa_free,90
SI,HU,freedom_of_movement,
SI,ID,visa_on_arrival,
SI,IE,freedom_of_movement,
SI,IL,visa_free,90
SI,IN,e_visa,
SI,IQ,visa_on_arrival,
SI,IR,visa_on_arrival,
SI,IS,freedom_of_movement,
SI,IT,freedom_of_movement,
SI,JM,visa_free,30
SI,JO,visa_on_arrival,
SI,JP,visa_free,90
SI,KE,eta,
SI,KG,visa_free,60
SI,KH,visa_on_arrival,
SI,KI,visa_free,90
SI,KM,visa_on_arrival,
SI,KN,visa_free,90
SI,KP,visa_required,
SI,KR,visa_free,90
SI,KW,visa_on_arrival,
SI,KZ,visa_free,30
SI,LA,visa_on_arrival,
SI,LB,visa_on_arrival,
SI,LC,visa_free,90
SI,LI,freedom_of_movement,
SI,LK,visa_on_arrival,
SI,LR,visa_required,
SI,LS,e_visa,
SI,LT,freedom_of_movement,
SI,LU,freedom_of_movement,
SI,LV,freedom_of_movement,
SI,LY,e_visa,
SI,MA,visa_free,90
SI,MC,visa_free,
SI,MD,visa_free,90
SI,ME,visa_free,90
SI,MG,visa_on_arrival,
SI,MH,visa_free,90
SI,MK,visa_free,90
SI,ML,visa_required,
SI,MM,e_visa,
SI,MN,visa_free,30
SI,MO,visa_free,90
SI,MR,visa_on_arrival,
SI,MT,freedom_of_movement,
SI,MU,visa_free,90
SI,MV,visa_on_arrival,
SI,MW,visa_on_arrival,
SI,MX,visa_free,180
SI,MY,visa_free,90
SI,MZ,visa_on_arrival,
SI,NA,visa_required,
SI,NE,visa_required,
SI,NG,e_visa,
SI,NI,visa_free,90
SI,NL,freedom_of_movement,
SI,NO,freedom_of_movement,
SI,NP,visa_on_arrival,
SI,NR,visa_required,
SI,NZ,eta,
SI,OM,visa_on_arrival,
SI,PA,visa_free,90
SI,PE,visa_free,90
SI,PG,eta,
SI,PH,visa_free,30
SI,PK,e_visa,
SI,PL,freedom_of_movement,
SI,PS,visa_free,
SI,PT,freedom_of_movement,
SI,PW,visa_free,90
SI,PY,visa_free,90
SI,QA,visa_on_arrival,
SI,RO,freedom_of_movement,
SI,RS,visa_free,90
SI,RU,e_visa,
SI,RW,visa_on_arrival,
SI,SA,visa_on_arrival,
SI,SB,visa_free,90
SI,SC,visa_free,90
SI,SD,visa_required,
SI,SE,freedom_of_movement,
SI,SG,visa_free,90
SI,SK,freedom_of_movement,
SI,SL,visa_on_arrival,
SI,SM,visa_free,
SI,SN,visa_free,90
SI,SO,visa_on_arrival,
SI,SR,visa_required,
SI,SS,e_visa,
SI,ST,visa_free,15
SI,SV,visa_free,180
SI,SY,e_visa,
SI,SZ,visa_free,30
SI,TD,visa_required,
SI,TG,e_visa,
SI,TH,visa_free,60
SI,TJ,visa_free,30
SI,TL,visa_free,90
SI,TM,visa_required,
SI,TN,visa_free,90
SI,TO,visa_free,90
SI,TR,visa_free,90
SI,TT,visa_free,90
SI,TV,visa_free,90
SI,TW,visa_free,90
SI,TZ,visa_on_arrival,
SI,UA,visa_free,90
SI,UG,e_visa,
SI,US,eta,
SI,UY,visa_free,90
SI,UZ,visa_free,30
SI,VA,visa_free,
SI,VC,visa_free,90
SI,VE,visa_free,90
SI,VN,e_visa,
SI,VU,visa_free,120
SI,WS,visa_free,90
SI,XK,visa_free,90
SI,YE,visa_required,
SI,ZA,visa_required,
SI,ZM,visa_free,90
SI,ZW,visa_on_arrival,
SK,AD,visa_free,
SK,AE,visa_free,90
SK,AF,visa_required,
SK,AG,visa_free,180
SK,AL,visa_free,90
SK,AM,visa_free,180
SK,AO,visa_free,30
SK,AR,visa_free,90
SK,AT,freedom_of_movement,
SK,AU,eta,
SK,AZ,e_visa,
SK,BA,visa_free,90
SK,BB,visa_free,90
SK,BD,visa_on_arrival,
SK,BE,freedom_of_movement,
SK,BF,visa_on_arrival,
SK,BG,freedom_of_movement,
SK,BH,visa_on_arrival,
SK,BI,visa_on_arrival,
SK,BJ,e_visa,
SK,BN,visa_free,90
SK,BO,visa_free,90
SK,BR,visa_free,90
SK,BS,visa_free,90
SK,BT,e_visa,
SK,BW,visa_free,90
SK,BY,visa_free,30
SK,BZ,visa_free,
SK,CA,eta,
SK,CD,e_visa,
SK,CF,visa_required,
SK,CG,visa_required,
SK,CH,freedom_of_movement,
SK,CI,eta,
SK,CL,visa_free,90
SK,CM,e_visa,
SK,CN,visa_free,30
SK,CO,visa_free,90
SK,CR,visa_free,180
SK,CU,e_visa,
SK,CV,visa_free,30
SK,CY,freedom_of_movement,
SK,CZ,freedom_of_movement,
SK,DE,freedom_of_movement,
SK,DJ,visa_on_arrival,
SK,DK,freedom_of_movement,
SK,DM,visa_free,180
SK,DO,visa_free,
SK,DZ,visa_required,
SK,EC,visa_free,90
SK,EE,freedom_of_movement,
SK,EG,visa_on_arrival,
SK,ER,visa_required,
SK,ES,freedom_of_movement,
SK,ET,visa_on_arrival,
SK,FI,freedom_of_movement,
SK,FJ,visa_free,120
SK,FM,visa_free,90
SK,FR,freedom_of_movement,
SK,GA,e_visa,
SK,GB,visa_free,180
SK,GD,visa_free,90
SK,GE,visa_free,360
SK,GH,visa_on_arrival,
SK,GM,visa_free,90
SK,GN,e_visa,
SK,GQ,e_visa,
SK,GR,freedom_of_movement,
SK,GT,visa_free,90
SK,GW,visa_on_arrival,
SK,GY,visa_required,
SK,HK,visa_free,90
SK,HN,visa_free,90
SK,HR,freedom_of_movement,
SK,HT,visa_free,90
SK,HU,freedom_of_movement,
SK,ID,visa_on_arrival,
SK,IE,freedom_of_movement,
SK,IL,visa_free,90
SK,IN,e_visa,
SK,IQ,visa_on_arrival,
SK,IR,visa_on_arrival,
SK,IS,freedom_of_movement,
SK,IT,freedom_of_movement,
SK,JM,visa_free,30
SK,JO,visa_on_arrival,
SK,JP,visa_free,90
SK,KE,eta,
SK,KG,visa_free,60
SK,KH,visa_on_arrival,
SK,KI,visa_free,90
SK,KM,visa_on_arrival,
SK,KN,visa_free,90
SK,KP,visa_required,
SK,KR,visa_free,90
SK,KW,visa_on_arrival,
SK,KZ,visa_free,30
SK,LA,visa_on_arrival,
SK,LB,visa_on_arrival,
SK,LC,visa_free,90
SK,LI,freedom_of_movement,
SK,LK,visa_on_arrival,
SK,LR,visa_required,
SK,LS,e_visa,
SK,LT,freedom_of_movement,
SK,LU,freedom_of_movement,
SK,LV,freedom_of_movement,
SK,LY,e_visa,
SK,MA,visa_free,90
SK,MC,visa_free,
SK,MD,visa_free,90
SK,ME,visa_free,90
SK,MG,visa_on_arrival,
SK,MH,visa_free,90
SK,MK,visa_free,90
SK,ML,visa_required,
SK,MM,e_visa,
SK,MN,visa_free,30
SK,MO,visa_free,90
SK,MR,visa_on_arrival,
SK,MT,freedom_of_movement,
SK,MU,visa_free,90
SK,MV,visa_on_arrival,
SK,MW,visa_on_arrival,
SK,MX,visa_free,180
SK,MY,visa_free,90
SK,MZ,visa_on_arrival,
SK,NA,visa_on_arrival,
SK,NE,visa_required,
SK,NG,e_visa,
SK,NI,visa_free,90
SK,NL,freedom_of_movement,
SK,NO,freedom_of_movement,
SK,NP,visa_on_arrival,
SK,NR,visa_required,
SK,NZ,eta,
SK,OM,visa_on_arrival,
SK,PA,visa_free,90
SK,PE,visa_free,90
SK,PG,eta,
SK,PH,visa_free,30
SK,PK,e_visa,
SK,PL,freedom_of_movement,
SK,PS,visa_free,
SK,PT,freedom_of_movement,
SK,PW,visa_free,90
SK,PY,visa_free,90
SK,QA,visa_on_arrival,
SK,RO,freedom_of_movement,
SK,RS,visa_free,90
SK,RU,e_visa,
SK,RW,visa_on_arrival,
SK,SA,visa_on_arrival,
SK,SB,visa_free,90
SK,SC,visa_free,90
SK,SD,visa_required,
SK,SE,freedom_of_movement,
SK,SG,visa_free,90
SK,SI,freedom_of_movement,
SK,SL,visa_on_arrival,
SK,SM,visa_free,
SK,SN,visa_free,90
SK,SO,visa_on_arrival,
SK,SR,visa_required,
SK,SS,e_visa,
SK,ST,visa_free,15
SK,SV,visa_free,180
SK,SY,e_visa,
SK,SZ,visa_free,30
SK,TD,visa_required,
SK,TG,e_visa,
SK,TH,visa_free,60
SK,TJ,visa_free,30
SK,TL,visa_free,90
SK,TM,visa_required,
SK,TN,visa_free,90
SK,TO,visa_free,90
SK,TR,visa_free,90
SK,TT,visa_free,90
SK,TV,visa_free,90
SK,TW,visa_free,90
SK,TZ,visa_on_arrival,
SK,UA,visa_free,90
SK,UG,e_visa,
SK,US,eta,
SK,UY,visa_free,90
SK,UZ,visa_free,30
SK,VA,visa_free,
SK,VC,visa_free,90
SK,VE,visa_free,90
SK,VN,e_visa,
SK,VU,visa_free,120
SK,WS,visa_free,90
SK,XK,visa_free,90
SK,YE,visa_required,
SK,ZA,e_visa,
SK,ZM,visa_free,90
SK,ZW,visa_on_arrival,
SL,AD,visa_required,
SL,AE,e_visa,
SL,AF,visa_required,
SL,AG,e_visa,
SL,AL,e_visa,
SL,AM,visa_required,
SL,AO,visa_required,
SL,AR,visa_required,
SL,AT,visa_required,
SL,AU,e_visa,
SL,AZ,visa_required,
SL,BA,visa_required,
SL,BB,visa_free,180
SL,BD,visa_free,90
SL,BE,visa_required,
SL,BF,visa_free,
SL,BG,visa_required,
SL,BH,e_visa,
SL,BI,visa_on_arrival,
SL,BJ,visa_free,90
SL,BN,visa_required,
SL,BO,visa_on_arrival,
SL,BR,visa_required,
SL,BS,visa_free,90
SL,BT,e_visa,
SL,BW,visa_free,90
SL,BY,visa_required,
SL,BZ,visa_free,
SL,CA,visa_required,
SL,CD,e_visa,
SL,CF,visa_required,
SL,CG,visa_required,
SL,CH,visa_required,
SL,CI,visa_free,90
SL,CL,visa_required,
SL,CM,e_visa,
SL,CN,visa_required,
SL,CO,e_visa,
SL,CR,visa_required,
SL,CU,visa_required,
SL,CV,visa_free,
SL,CY,visa_required,
SL,CZ,visa_required,
SL,DE,visa_required,
SL,DJ,visa_on_arrival,
SL,DK,visa_required,
SL,DM,visa_free,180
SL,DO,visa_required,
SL,DZ,visa_required,
SL,EC,e_visa,
SL,EE,visa_required,
SL,EG,visa_required,
SL,ER,visa_required,
SL,ES,visa_required,
SL,ET,visa_on_arrival,
SL,FI,visa_required,
SL,FJ,visa_free,120
SL,FM,visa_free,30
SL,FR,visa_required,
SL,GA,e_visa,
SL,GB,visa_required,
SL,GD,visa_free,90
SL,GE,e_visa,
SL,GH,visa_free,
SL,GM,visa_free,90
SL,GN,visa_free,
SL,GQ,e_visa,
SL,GR,visa_required,
SL,GT,visa_required,
SL,GW,visa_free,
SL,GY,visa_required,
SL,HK,e_visa,
SL,HN,visa_required,
SL,HR,visa_required,
SL,HT,visa_free,90
SL,HU,visa_required,
SL,ID,e_visa,
SL,IE,visa_required,
SL,IL,visa_required,
SL,IN,e_visa,
SL,IQ,e_visa,
SL,IR,visa_on_arrival,
SL,IS,visa_required,
SL,IT,visa_required,
SL,JM,visa_free,
SL,JO,visa_required,
SL,JP,visa_required,
SL,KE,eta,
SL,KG,e_visa,
SL,KH,visa_on_arrival,
SL,KI,visa_free,90
SL,KM,visa_on_arrival,
SL,KN,visa_free,90
SL,KP,visa_required,
SL,KR,e_visa,
SL,KW,visa_required,
SL,KZ,e_visa,
SL,LA,visa_required,
SL,LB,visa_required,
SL,LC,visa_on_arrival,
SL,LI,visa_required,
SL,LK,visa_on_arrival,
SL,LR,visa_free,
SL,LS,visa_free,90
SL,LT,visa_required,
SL,LU,visa_required,
SL,LV,visa_required,
SL,LY,e_visa,
SL,MA,visa_required,
SL,MC,visa_required,
SL,MD,e_visa,
SL,ME,visa_required,
SL,MG,visa_on_arrival,
SL,MH,visa_required,
SL,MK,visa_required,
SL,ML,visa_free,
SL,MM,visa_required,
SL,MN,e_visa,
SL,MO,visa_on_arrival,
SL,MR,visa_on_arrival,
SL,MT,visa_required,
SL,MU,visa_free,90
SL,MV,visa_on_arrival,
SL,MW,visa_free,30
SL,MX,visa_required,
SL,MY,visa_free,30
SL,MZ,visa_on_arrival,
SL,NA,visa_on_arrival,
SL,NE,visa_free,
SL,NG,visa_free,
SL,NI,visa_required,
SL,NL,visa_required,
SL,NO,visa_required,
SL,NP,visa_on_arrival,
SL,NR,visa_required,
SL,NZ,visa_required,
SL,OM,e_visa,
SL,PA,visa_required,
SL,PE,visa_required,
SL,PG,e_visa,
SL,PH,visa_required,
SL,PK,e_visa,
SL,PL,visa_required,
SL,PS,visa_required,
SL,PT,visa_required,
SL,PW,visa_on_arrival,
SL,PY,visa_required,
SL,QA,e_visa,
SL,RO,visa_required,
SL,RS,visa_required,
SL,RU,visa_required,
SL,RW,visa_free,90
SL,SA,visa_required,
SL,SB,visa_required,
SL,SC,visa_free,90
SL,SD,visa_required,
SL,SE,visa_required,
SL,SG,visa_free,30
SL,SI,visa_required,
SL,SK,visa_required,
SL,SM,visa_required,
SL,SN,visa_free,90
SL,SO,e_visa,
SL,SR,visa_required,
SL,SS,e_visa,
SL,ST,e_visa,
SL,SV,e_visa,
SL,SY,e_visa,
SL,SZ,visa_free,30
SL,TD,visa_required,
SL,TG,visa_free,
SL,TH,visa_required,
SL,TJ,e_visa,
SL,TL,visa_on_arrival,
SL,TM,visa_required,
SL,TN,visa_required,
SL,TO,visa_required,
SL,TR,visa_required,
SL,TT,visa_free,
SL,TV,visa_on_arrival,
SL,TW,visa_required,
SL,TZ,e_visa,
SL,UA,visa_required,
SL,UG,visa_free,90
SL,US,visa_required,
SL,UY,visa_required,
SL,UZ,visa_required,
SL,VA,visa_required,
SL,VC,visa_free,90
SL,VE,visa_required,
SL,VN,e_visa,
SL,VU,visa_free,120
SL,WS,visa_on_arrival,
SL,XK,visa_required,
SL,YE,visa_required,
SL,ZA,visa_required,
SL,ZM,e_visa,
SL,ZW,e_visa,
SM,AD,visa_free,90
SM,AE,visa_free,90
SM,AF,visa_required,
SM,AG,visa_free,180
SM,AL,visa_free,90
SM,AM,visa_free,180
SM,AO,visa_required,
SM,AR,visa_free,90
SM,AT,visa_free,90
SM,AU,eta,
SM,AZ,e_visa,
SM,BA,visa_free,90
SM,BB,visa_free,180
SM,BD,visa_on_arrival,
SM,BE,visa_free,90
SM,BF,e_visa,
SM,BG,visa_free,90
SM,BH,visa_on_arrival,
SM,BI,visa_on_arrival,
SM,BJ,e_visa,
SM,BN,visa_required,
SM,BO,visa_on_arrival,
SM,BR,visa_free,90
SM,BS,visa_free,240
SM,BT,e_visa,
SM,BW,visa_free,90
SM,BY,visa_free,30
SM,BZ,visa_free,90
SM,CA,eta,
SM,CD,e_visa,
SM,CF,visa_required,
SM,CG,visa_required,
SM,CH,visa_free,90
SM,CI,eta,
SM,CL,visa_free,90
SM,CM,e_visa,
SM,CN,visa_free,90
SM,CO,visa_free,90
SM,CR,visa_free,180
SM,CU,e_visa,
SM,CV,visa_free,30
SM,CY,visa_free,90
SM,CZ,visa_free,90
SM,DE,visa_free,90
SM,DJ,visa_on_arrival,
SM,DK,visa_free,90
SM,DM,visa_free,21
SM,DO,visa_free,
SM,DZ,visa_required,
SM,EC,visa_free,90
SM,EE,visa_free,90
SM,EG,visa_on_arrival,
SM,ER,visa_required,
SM,ES,visa_free,90
SM,ET,e_visa,
SM,FI,visa_free,90
SM,FJ,visa_required,
SM,FM,visa_free,30
SM,FR,visa_free,90
SM,GA,e_visa,
SM,GB,visa_free,180
SM,GD,visa_free,90
SM,GE,visa_free,360
SM,GH,visa_on_arrival,
SM,GM,visa_free,90
SM,GN,e_visa,
SM,GQ,e_visa,
SM,GR,visa_free,90
SM,GT,visa_free,90
SM,GW,visa_on_arrival,
SM,GY,visa_required,
SM,HK,visa_free,90
SM,HN,visa_free,90
SM,HR,visa_free,90
SM,HT,visa_free,90
SM,HU,visa_free,90
SM,ID,visa_on_arrival,
SM,IE,visa_free,90
SM,IL,visa_free,90
SM,IN,e_visa,
SM,IQ,e_visa,
SM,IR,visa_on_arrival,
SM,IS,visa_free,90
SM,IT,visa_free,90
SM,JM,visa_free,90
SM,JO,visa_on_arrival,
SM,JP,visa_free,90
SM,KE,eta,
SM,KG,visa_free,60
SM,KH,visa_on_arrival,
SM,KI,visa_required,
SM,KM,visa_on_arrival,
SM,KN,e_visa,
SM,KP,visa_required,
SM,KR,visa_free,30
SM,KW,visa_on_arrival,
SM,KZ,e_visa,
SM,LA,visa_on_arrival,
SM,LB,visa_on_arrival,
SM,LC,visa_free,42
SM,LI,visa_free,90
SM,LK,visa_on_arrival,
SM,LR,visa_required,
SM,LS,visa_free,90
SM,LT,visa_free,90
SM,LU,visa_free,90
SM,LV,visa_free,90
SM,LY,e_visa,
SM,MA,visa_free,90
SM,MC,visa_free,90
SM,MD,visa_free,90
SM,ME,visa_free,90
SM,MG,visa_on_arrival,
SM,MH,visa_required,
SM,MK,visa_free,90
SM,ML,visa_required,
SM,MM,visa_required,
SM,MN,e_visa,
SM,MO,visa_free,30
SM,MR,visa_on_arrival,
SM,MT,visa_free,90
SM,MU,visa_free,90
SM,MV,visa_on_arrival,
SM,MW,visa_on_arrival,
SM,MX,visa_free,180
SM,MY,visa_free,90
SM,MZ,visa_on_arrival,
SM,NA,visa_required,
SM,NE,visa_required,
SM,NG,e_visa,
SM,NI,visa_free,90
SM,NL,visa_free,90
SM,NO,visa_free,90
SM,NP,visa_on_arrival,
SM,NR,visa_required,
SM,NZ,eta,
SM,OM,visa_on_arrival,
SM,PA,visa_free,90
SM,PE,visa_free,180
SM,PG,eta,
SM,PH,visa_free,30
SM,PK,e_visa,
SM,PL,visa_free,90
SM,PS,visa_free,
SM,PT,visa_free,90
SM,PW,visa_on_arrival,
SM,PY,visa_required,
SM,QA,visa_on_arrival,
SM,RO,visa_free,90
SM,RS,visa_free,90
SM,RU,e_visa,
SM,RW,visa_on_arrival,
SM,SA,visa_on_arrival,
SM,SB,visa_on_arrival,
SM,SC,visa_free,90
SM,SD,visa_required,
SM,SE,visa_free,90
SM,SG,visa_free,30
SM,SI,visa_free,90
SM,SK,visa_free,90
SM,SL,e_visa,
SM,SN,visa_on_arrival,
SM,SO,visa_on_arrival,
SM,SR,visa_required,
SM,SS,e_visa,
SM,ST,visa_free,15
SM,SV,visa_free,180
SM,SY,e_visa,
SM,SZ,visa_free,30
SM,TD,visa_required,
SM,TG,e_visa,
SM,TH,visa_free,60
SM,TJ,visa_free,30
SM,TL,visa_on_arrival,
SM,TM,visa_required,
SM,TN,visa_free,90
SM,TO,visa_required,
SM,TR,visa_free,90
SM,TT,visa_required,
SM,TV,visa_on_arrival,
SM,TW,visa_free,90
SM,TZ,visa_on_arrival,
SM,UA,visa_free,90
SM,UG,e_visa,
SM,US,eta,
SM,UY,visa_free,90
SM,UZ,visa_free,30
SM,VA,visa_free,90
SM,VC,visa_free,90
SM,VE,visa_free,90
SM,VN,e_visa,
SM,VU,visa_free,120
SM,WS,visa_on_arrival,
SM,XK,visa_free,90
SM,YE,visa_required,
SM,ZA,visa_free,90
SM,ZM,visa_on_arrival,
SM,ZW,visa_on_arrival,
SN,AD,visa_required,
SN,AE,e_visa,
SN,AF,visa_required,
SN,AG,e_visa,
SN,AL,e_visa,
SN,AM,visa_required,
SN,AO,visa_required,
SN,AR,visa_required,
SN,AT,visa_required,
SN,AU,e_visa,
SN,AZ,visa_required,
SN,BA,visa_required,
SN,BB,visa_free,90
SN,BD,visa_on_arrival,
SN,BE,visa_required,
SN,BF,visa_free,
SN,BG,visa_required,
SN,BH,e_visa,
SN,BI,visa_on_arrival,
SN,BJ,visa_free,90
SN,BN,visa_required,
SN,BO,visa_on_arrival,
SN,BR,visa_required,
SN,BS,e_visa,
SN,BT,e_visa,
SN,BW,e_visa,
SN,BY,visa_required,
SN,BZ,visa_required,
SN,CA,visa_required,
SN,CD,e_visa,
SN,CF,visa_free,90
SN,CG,visa_on_arrival,
SN,CH,visa_required,
SN,CI,visa_free,90
SN,CL,visa_required,
SN,CM,e_visa,
SN,CN,visa_required,
SN,CO,e_visa,
SN,CR,visa_required,
SN,CU,e_visa,
SN,CV,visa_free,
SN,CY,visa_required,
SN,CZ,visa_required,
SN,DE,visa_required,
SN,DJ,visa_on_arrival,
SN,DK,visa_required,
SN,DM,visa_free,21
SN,DO,visa_required,
SN,DZ,visa_required,
SN,EC,e_visa,
SN,EE,visa_required,
SN,EG,visa_required,
SN,ER,visa_required,
SN,ES,visa_required,
SN,ET,visa_on_arrival,
SN,FI,visa_required,
SN,FJ,visa_free,120
SN,FM,visa_free,30
SN,FR,visa_required,
SN,GA,e_visa,
SN,GB,visa_required,
SN,GD,visa_required,
SN,GE,e_visa,
SN,GH,visa_free,
SN,GM,visa_free,90
SN,GN,visa_free,
SN,GQ,e_visa,
SN,GR,visa_required,
SN,GT,visa_required,
SN,GW,visa_free,
SN,GY,visa_required,
SN,HK,e_visa,
SN,HN,visa_required,
SN,HR,visa_required,
SN,HT,visa_free,90
SN,HU,visa_required,
SN,ID,e_visa,
SN,IE,visa_required,
SN,IL,visa_required,
SN,IN,e_visa,
SN,IQ,e_visa,
SN,IR,visa_on_arrival,
SN,IS,visa_required,
SN,IT,visa_required,
SN,JM,visa_required,
SN,JO,visa_required,
SN,JP,visa_required,
SN,KE,eta,
SN,KG,e_visa,
SN,KH,visa_on_arrival,
SN,KI,visa_required,
SN,KM,visa_on_arrival,
SN,KN,e_visa,
SN,KP,visa_required,
SN,KR,e_visa,
SN,KW,visa_required,
SN,KZ,e_visa,
SN,LA,visa_required,
SN,LB,visa_required,
SN,LC,visa_on_arrival,
SN,LI,visa_required,
SN,LK,visa_on_arrival,
SN,LR,visa_free,
SN,LS,e_visa,
SN,LT,visa_required,
SN,LU,visa_required,
SN,LV,visa_required,
SN,LY,e_visa,
SN,MA,visa_free,90
SN,MC,visa_required,
SN,MD,e_visa,
SN,ME,visa_required,
SN,MG,visa_on_arrival,
SN,MH,visa_required,
SN,MK,visa_required,
SN,ML,visa_free,
SN,MM,visa_required,
SN,MN,e_visa,
SN,MO,visa_on_arrival,
SN,MR,visa_free,90
SN,MT,visa_required,
SN,MU,visa_on_arrival,
SN,MV,visa_on_arrival,
SN,MW,e_visa,
SN,MX,visa_required,
SN,MY,visa_free,30
SN,MZ,visa_free,30
SN,NA,visa_required,
SN,NE,visa_free,
SN,NG,visa_free,
SN,NI,visa_on_arrival,
SN,NL,visa_required,
SN,NO,visa_required,
SN,NP,visa_on_arrival,
SN,NR,visa_required,
SN,NZ,visa_required,
SN,OM,e_visa,
SN,PA,visa_required,
SN,PE,visa_required,
SN,PG,e_visa,
SN,PH,visa_free,30
SN,PK,e_visa,
SN,PL,visa_required,
SN,PS,visa_free,
SN,PT,visa_required,
SN,PW,visa_on_arrival,
SN,PY,visa_required,
SN,QA,e_visa,
SN,RO,visa_required,
SN,RS,visa_required,
SN,RU,visa_required,
SN,RW,visa_free,90
SN,SA,visa_required,
SN,SB,visa_required,
SN,SC,visa_free,90
SN,SD,visa_required,
SN,SE,visa_required,
SN,SG,visa_free,30
SN,SI,visa_required,
SN,SK,visa_required,
SN,SL,visa_free,
SN,SM,visa_required,
SN,SO,e_visa,
SN,SR,visa_required,
SN,SS,e_visa,
SN,ST,e_visa,
SN,SV,e_visa,
SN,SY,e_visa,
SN,SZ,visa_required,
SN,TD,visa_free,90
SN,TG,visa_free,
SN,TH,visa_required,
SN,TJ,e_visa,
SN,TL,visa_on_arrival,
SN,TM,visa_required,
SN,TN,visa_free,90
SN,TO,visa_required,
SN,TR,visa_required,
SN,TT,visa_required,
SN,TV,visa_on_arrival,
SN,TW,visa_required,
SN,TZ,e_visa,
SN,UA,visa_required,
SN,UG,e_visa,
SN,US,visa_required,
SN,UY,visa_required,
SN,UZ,e_visa,
SN,VA,visa_required,
SN,VC,visa_free,90
SN,VE,visa_required,
SN,VN,e_visa,
SN,VU,visa_required,
SN,WS,visa_on_arrival,
SN,XK,visa_required,
SN,YE,visa_required,
SN,ZA,e_visa,
SN,ZM,e_visa,
SN,ZW,visa_on_arrival,
SO,AD,visa_required,
SO,AE,e_visa,
SO,AF,visa_required,
SO,AG,e_visa,
SO,AL,e_visa,
SO,AM,visa_required,
SO,AO,visa_required,
SO,AR,visa_required,
SO,AT,visa_required,
SO,AU,no_admission,
SO,AZ,visa_required,
SO,BA,visa_required,
SO,BB,visa_required,
SO,BD,visa_on_arrival,
SO,BE,visa_required,
SO,BF,visa_on_arrival,
SO,BG,visa_required,
SO,BH,e_visa,
SO,BI,visa_on_arrival,
SO,BJ,visa_free,90
SO,BN,visa_required,
SO,BO,visa_on_arrival,
SO,BR,visa_required,
SO,BS,e_visa,
SO,BT,e_visa,
SO,BW,e_visa,
SO,BY,visa_required,
SO,BZ,visa_required,
SO,CA,no_admission,
SO,CD,e_visa,
SO,CF,visa_required,
SO,CG,visa_required,
SO,CH,visa_required,
SO,CI,eta,
SO,CL,visa_required,
SO,CM,e_visa,
SO,CN,visa_required,
SO,CO,e_visa,
SO,CR,visa_required,
SO,CU,visa_required,
SO,CV,visa_on_arrival,
SO,CY,visa_required,
SO,CZ,visa_required,
SO,DE,visa_required,
SO,DJ,e_visa,
SO,DK,visa_required,
SO,DM,visa_free,21
SO,DO,visa_required,
SO,DZ,visa_required,
SO,EC,e_visa,
SO,EE,visa_required,
SO,EG,visa_required,
SO,ER,visa_required,
SO,ES,visa_required,
SO,ET,e_visa,
SO,FI,visa_required,
SO,FJ,visa_required,
SO,FM,visa_free,30
SO,FR,visa_required,
SO,GA,e_visa,
SO,GB,visa_required,
SO,GD,visa_required,
SO,GE,e_visa,
SO,GH,visa_on_arrival,
SO,GM,visa_free,90
SO,GN,e_visa,
SO,GQ,e_visa,
SO,GR,visa_required,
SO,GT,visa_required,
SO,GW,visa_on_arrival,
SO,GY,visa_required,
SO,HK,e_visa,
SO,HN,visa_required,
SO,HR,visa_required,
SO,HT,visa_free,90
SO,HU,visa_required,
SO,ID,e_visa,
SO,IE,visa_required,
SO,IL,visa_required,
SO,IN,visa_required,
SO,IQ,e_visa,
SO,IR,visa_required,
SO,IS,visa_required,
SO,IT,visa_required,
SO,JM,visa_required,
SO,JO,visa_required,
SO,JP,visa_required,
SO,KE,visa_free,
SO,KG,e_visa,
SO,KH,visa_on_arrival,
SO,KI,visa_required,
SO,KM,visa_on_arrival,
SO,KN,e_visa,
SO,KP,visa_required,
SO,KR,e_visa,
SO,KW,visa_required,
SO,KZ,visa_required,
SO,LA,visa_on_arrival,
SO,LB,visa_on_arrival,
SO,LC,visa_required,
SO,LI,visa_required,
SO,LK,visa_on_arrival,
SO,LR,visa_required,
SO,LS,e_visa,
SO,LT,visa_required,
SO,LU,visa_required,
SO,LV,visa_required,
SO,LY,e_visa,
SO,MA,visa_required,
SO,MC,visa_required,
SO,MD,e_visa,
SO,ME,visa_required,
SO,MG,visa_on_arrival,
SO,MH,visa_required,
SO,MK,visa_required,
SO,ML,visa_required,
SO,MM,visa_required,
SO,MN,visa_required,
SO,MO,visa_on_arrival,
SO,MR,visa_on_arrival,
SO,MT,visa_required,
SO,MU,visa_required,
SO,MV,visa_on_arrival,
SO,MW,e_visa,
SO,MX,visa_required,
SO,MY,visa_free,30
SO,MZ,e_visa,
SO,NA,visa_required,
SO,NE,visa_required,
SO,NG,visa_on_arrival,
SO,NI,visa_required,
SO,NL,visa_required,
SO,NO,visa_required,
SO,NP,visa_required,
SO,NR,visa_required,
SO,NZ,visa_required,
SO,OM,e_visa,
SO,PA,visa_required,
SO,PE,visa_required,
SO,PG,e_visa,
SO,PH,visa_required,
SO,PK,visa_required,
SO,PL,visa_required,
SO,PS,visa_free,
SO,PT,visa_required,
SO,PW,visa_on_arrival,
SO,PY,visa_required,
SO,QA,e_visa,
SO,RO,visa_required,
SO,RS,visa_required,
SO,RU,visa_required,
SO,RW,visa_free,30
SO,SA,visa_required,
SO,SB,visa_required,
SO,SC,visa_free,90
SO,SD,visa_required,
SO,SE,visa_required,
SO,SG,e_visa,
SO,SI,visa_required,
SO,SK,visa_required,
SO,SL,e_visa,
SO,SM,visa_required,
SO,SN,visa_required,
SO,SR,e_visa,
SO,SS,e_visa,
SO,ST,e_visa,
SO,SV,e_visa,
SO,SY,e_visa,
SO,SZ,visa_required,
SO,TD,visa_required,
SO,TG,e_visa,
SO,TH,visa_required,
SO,TJ,e_visa,
SO,TL,visa_on_arrival,
SO,TM,visa_required,
SO,TN,visa_required,
SO,TO,visa_required,
SO,TR,visa_required,
SO,TT,visa_required,
SO,TV,visa_on_arrival,
SO,TW,visa_required,
SO,TZ,e_visa,
SO,UA,visa_required,
SO,UG,e_visa,
SO,US,visa_required,
SO,UY,visa_required,
SO,UZ,visa_required,
SO,VA,visa_required,
SO,VC,visa_free,90
SO,VE,visa_required,
SO,VN,e_visa,
SO,VU,visa_required,
SO,WS,visa_on_arrival,
SO,XK,visa_required,
SO,YE,visa_required,
SO,ZA,visa_required,
SO,ZM,e_visa,
SO,ZW,e_visa,
SR,AD,visa_required,
SR,AE,e_visa,
SR,AF,visa_required,
SR,AG,visa_free,180
SR,AL,e_visa,
SR,AM,e_visa,
SR,AO,visa_free,30
SR,AR,visa_free,90
SR,AT,visa_required,
SR,AU,e_visa,
SR,AZ,visa_required,
SR,BA,visa_required,
SR,BB,visa_free,180
SR,BD,visa_on_arrival,
SR,BE,visa_required,
SR,BF,e_visa,
SR,BG,visa_required,
SR,BH,visa_on_arrival,
SR,BI,visa_on_arrival,
SR,BJ,e_visa,
SR,BN,visa_required,
SR,BO,visa_on_arrival,
SR,BR,visa_free,90
SR,BS,visa_free,90
SR,BT,e_visa,
SR,BW,e_visa,
SR,BY,visa_required,
SR,BZ,visa_free,
SR,CA,visa_required,
SR,CD,e_visa,
SR,CF,visa_required,
SR,CG,visa_required,
SR,CH,visa_required,
SR,CI,eta,
SR,CL,visa_required,
SR,CM,e_visa,
SR,CN,visa_free,30
SR,CO,visa_free,90
SR,CR,visa_free,30
SR,CU,e_visa,
SR,CV,visa_on_arrival,
SR,CY,visa_required,
SR,CZ,visa_required,
SR,DE,visa_required,
SR,DJ,visa_on_arrival,
SR,DK,visa_required,
SR,DM,visa_free,180
SR,DO,visa_free,
SR,DZ,visa_required,
SR,EC,visa_free,90
SR,EE,visa_required,
SR,EG,visa_on_arrival,
SR,ER,visa_required,
SR,ES,visa_required,
SR,ET,e_visa,
SR,FI,visa_required,
SR,FJ,visa_required,
SR,FM,visa_free,30
SR,FR,visa_required,
SR,GA,e_visa,
SR,GB,visa_required,
SR,GD,visa_free,90
SR,GE,e_visa,
SR,GH,visa_on_arrival,
SR,GM,visa_free,90
SR,GN,e_visa,
SR,GQ,e_visa,
SR,GR,visa_required,
SR,GT,visa_required,
SR,GW,visa_on_arrival,
SR,GY,visa_free,180
SR,HK,visa_free,14
SR,HN,visa_required,
SR,HR,visa_required,
SR,HT,visa_free,90
SR,HU,visa_required,
SR,ID,visa_free,30
SR,IE,visa_required,
SR,IL,visa_free,90
SR,IN,e_visa,
SR,IQ,e_visa,
SR,IR,visa_on_arrival,
SR,IS,visa_required,
SR,IT,visa_required,
SR,JM,visa_free,90
SR,JO,visa_on_arrival,
SR,JP,visa_free,90
SR,KE,eta,
SR,KG,e_visa,
SR,KH,visa_on_arrival,
SR,KI,visa_free,90
SR,KM,visa_on_arrival,
SR,KN,visa_free,180
SR,KP,visa_required,
SR,KR,eta,
SR,KW,visa_required,
SR,KZ,e_visa,
SR,LA,visa_required,
SR,LB,visa_required,
SR,LC,visa_free,42
SR,LI,visa_required,
SR,LK,visa_on_arrival,
SR,LR,visa_required,
SR,LS,e_visa,
SR,LT,visa_required,
SR,LU,visa_required,
SR,LV,visa_required,
SR,LY,e_visa,
SR,MA,visa_required,
SR,MC,visa_required,
SR,MD,e_visa,
SR,ME,visa_required,
SR,MG,visa_on_arrival,
SR,MH,visa_required,
SR,MK,visa_required,
SR,ML,visa_required,
SR,MM,visa_required,
SR,MN,e_visa,
SR,MO,visa_on_arrival,
SR,MR,visa_on_arrival,
SR,MT,visa_required,
SR,MU,visa_free,90
SR,MV,visa_on_arrival,
SR,MW,visa_on_arrival,
SR,MX,visa_required,
SR,MY,visa_free,30
SR,MZ,visa_on_arrival,
SR,NA,visa_required,
SR,NE,visa_required,
SR,NG,e_visa,
SR,NI,visa_on_arrival,
SR,NL,visa_required,
SR,NO,visa_required,
SR,NP,visa_on_arrival,
SR,NR,visa_required,
SR,NZ,visa_required,
SR,OM,visa_on_arrival,
SR,PA,visa_required,
SR,PE,visa_free,180
SR,PG,e_visa,
SR,PH,visa_free,30
SR,PK,e_visa,
SR,PL,visa_required,
SR,PS,visa_free,
SR,PT,visa_required,
SR,PW,visa_on_arrival,
SR,PY,visa_required,
SR,QA,visa_on_arrival,
SR,RO,visa_required,
SR,RS,visa_free,30
SR,RU,visa_free,90
SR,RW,visa_on_arrival,
SR,SA,visa_required,
SR,SB,visa_required,
SR,SC,visa_free,90
SR,SD,visa_required,
SR,SE,visa_required,
SR,SG,visa_free,30
SR,SI,visa_required,
SR,SK,visa_required,
SR,SL,e_visa,
SR,SM,visa_required,
SR,SN,visa_on_arrival,
SR,SO,e_visa,
SR,SS,e_visa,
SR,ST,e_visa,
SR,SV,e_visa,
SR,SY,e_visa,
SR,SZ,visa_required,
SR,TD,visa_required,
SR,TG,e_visa,
SR,TH,e_visa,
SR,TJ,e_visa,
SR,TL,visa_on_arrival,
SR,TM,visa_required,
SR,TN,visa_required,
SR,TO,visa_required,
SR,TR,e_visa,
SR,TT,visa_free,
SR,TV,visa_on_arrival,
SR,TW,visa_required,
SR,TZ,visa_on_arrival,
SR,UA,visa_required,
SR,UG,e_visa,
SR,US,visa_required,
SR,UY,visa_required,
SR,UZ,e_visa,
SR,VA,visa_required,
SR,VC,visa_free,90
SR,VE,visa_required,
SR,VN,e_visa,
SR,VU,visa_required,
SR,WS,visa_on_arrival,
SR,XK,visa_required,
SR,YE,visa_required,
SR,ZA,visa_required,
SR,ZM,visa_on_arrival,
SR,ZW,visa_on_arrival,
SS,AD,visa_required,
SS,AE,e_visa,
SS,AF,visa_required,
SS,AG,e_visa,
SS,AL,e_visa,
SS,AM,visa_required,
SS,AO,visa_required,
SS,AR,visa_required,
SS,AT,visa_required,
SS,AU,e_visa,
SS,AZ,visa_required,
SS,BA,visa_required,
SS,BB,visa_free,90
SS,BD,visa_on_arrival,
SS,BE,visa_required,
SS,BF,e_visa,
SS,BG,visa_required,
SS,BH,e_visa,
SS,BI,visa_free,90
SS,BJ,visa_free,90
SS,BN,visa_required,
SS,BO,visa_on_arrival,
SS,BR,visa_required,
SS,BS,e_visa,
SS,BT,e_visa,
SS,BW,visa_free,90
SS,BY,visa_required,
SS,BZ,visa_required,
SS,CA,visa_required,
SS,CD,e_visa,
SS,CF,visa_required,
SS,CG,visa_required,
SS,CH,visa_required,
SS,CI,eta,
SS,CL,visa_required,
SS,CM,e_visa,
SS,CN,visa_required,
SS,CO,e_visa,
SS,CR,visa_required,
SS,CU,e_visa,
SS,CV,visa_on_arrival,
SS,CY,visa_required,
SS,CZ,visa_required,
SS,DE,visa_required,
SS,DJ,visa_on_arrival,
SS,DK,visa_required,
SS,DM,visa_free,21
SS,DO,visa_required,
SS,DZ,visa_required,
SS,EC,e_visa,
SS,EE,visa_required,
SS,EG,visa_on_arrival,
SS,ER,visa_required,
SS,ES,visa_required,
SS,ET,visa_on_arrival,
SS,FI,visa_required,
SS,FJ,visa_required,
SS,FM,visa_free,30
SS,FR,visa_required,
SS,GA,e_visa,
SS,GB,visa_required,
SS,GD,visa_required,
SS,GE,e_visa,
SS,GH,visa_on_arrival,
SS,GM,visa_free,90
SS,GN,e_visa,
SS,GQ,e_visa,
SS,GR,visa_required,
SS,GT,visa_required,
SS,GW,visa_on_arrival,
SS,GY,visa_required,
SS,HK,e_visa,
SS,HN,visa_required,
SS,HR,visa_required,
SS,HT,visa_free,90
SS,HU,visa_required,
SS,ID,e_visa,
SS,IE,visa_required,
SS,IL,visa_required,
SS,IN,visa_required,
SS,IQ,e_visa,
SS,IR,visa_on_arrival,
SS,IS,visa_required,
SS,IT,visa_required,
SS,JM,visa_required,
SS,JO,visa_required,
SS,JP,visa_required,
SS,KE,visa_free,
SS,KG,e_visa,
SS,KH,visa_on_arrival,
SS,KI,visa_required,
SS,KM,visa_on_arrival,
SS,KN,e_visa,
SS,KP,visa_required,
SS,KR,e_visa,
SS,KW,visa_required,
SS,KZ,visa_required,
SS,LA,visa_on_arrival,
SS,LB,visa_required,
SS,LC,visa_required,
SS,LI,visa_required,
SS,LK,visa_on_arrival,
SS,LR,visa_required,
SS,LS,e_visa,
SS,LT,visa_required,
SS,LU,visa_required,
SS,LV,visa_required,
SS,LY,e_visa,
SS,MA,visa_required,
SS,MC,visa_required,
SS,MD,e_visa,
SS,ME,visa_required,
SS,MG,visa_on_arrival,
SS,MH,visa_required,
SS,MK,visa_required,
SS,ML,visa_required,
SS,MM,visa_required,
SS,MN,e_visa,
SS,MO,visa_on_arrival,
SS,MR,visa_on_arrival,
SS,MT,visa_required,
SS,MU,visa_required,
SS,MV,visa_on_arrival,
SS,MW,e_visa,
SS,MX,visa_required,
SS,MY,visa_free,30
SS,MZ,visa_on_arrival,
SS,NA,visa_required,
SS,NE,visa_required,
SS,NG,visa_on_arrival,
SS,NI,visa_required,
SS,NL,visa_required,
SS,NO,visa_required,
SS,NP,visa_on_arrival,
SS,NR,visa_required,
SS,NZ,visa_required,
SS,OM,e_visa,
SS,PA,visa_required,
SS,PE,visa_required,
SS,PG,e_visa,
SS,PH,visa_required,
SS,PK,e_visa,
SS,PL,visa_required,
SS,PS,visa_free,
SS,PT,visa_required,
SS,PW,visa_on_arrival,
SS,PY,visa_required,
SS,QA,e_visa,
SS,RO,visa_required,
SS,RS,visa_required,
SS,RU,visa_required,
SS,RW,visa_free,180
SS,SA,visa_required,
SS,SB,visa_required,
SS,SC,visa_free,90
SS,SD,visa_required,
SS,SE,visa_required,
SS,SG,visa_free,30
SS,SI,visa_required,
SS,SK,visa_required,
SS,SL,e_visa,
SS,SM,visa_required,
SS,SN,visa_required,
SS,SO,visa_on_arrival,
SS,SR,visa_required,
SS,ST,e_visa,
SS,SV,e_visa,
SS,SY,e_visa,
SS,SZ,visa_required,
SS,TD,visa_required,
SS,TG,e_visa,
SS,TH,visa_required,
SS,TJ,e_visa,
SS,TL,visa_on_arrival,
SS,TM,visa_required,
SS,TN,visa_required,
SS,TO,visa_required,
SS,TR,visa_required,
SS,TT,visa_required,
SS,TV,visa_on_arrival,
SS,TW,visa_required,
SS,TZ,visa_free,90
SS,UA,visa_required,
SS,UG,visa_free,180
SS,US,visa_required,
SS,UY,visa_required,
SS,UZ,visa_required,
SS,VA,visa_required,
SS,VC,visa_free,90
SS,VE,visa_required,
SS,VN,e_visa,
SS,VU,visa_required,
SS,WS,visa_on_arrival,
SS,XK,visa_required,
SS,YE,visa_required,
SS,ZA,visa_required,
SS,ZM,e_visa,
SS,ZW,e_visa,
ST,AD,visa_required,
ST,AE,e_visa,
ST,AF,visa_required,
ST,AG,e_visa,
ST,AL,e_visa,
ST,AM,visa_required,
ST,AO,visa_free,30
ST,AR,visa_required,
ST,AT,visa_required,
ST,AU,e_visa,
ST,AZ,visa_required,
ST,BA,visa_required,
ST,BB,visa_free,90
ST,BD,visa_on_arrival,
ST,BE,visa_required,
ST,BF,visa_on_arrival,
ST,BG,visa_required,
ST,BH,e_visa,
ST,BI,visa_on_arrival,
ST,BJ,visa_free,90
ST,BN,visa_required,
ST,BO,visa_on_arrival,
ST,BR,visa_required,
ST,BS,visa_free,90
ST,BT,e_visa,
ST,BW,e_visa,
ST,BY,visa_required,
ST,BZ,visa_required,
ST,CA,visa_required,
ST,CD,e_visa,
ST,CF,visa_required,
ST,CG,visa_required,
ST,CH,visa_required,
ST,CI,eta,
ST,CL,visa_required,
ST,CM,e_visa,
ST,CN,visa_required,
ST,CO,e_visa,
ST,CR,visa_free,30
ST,CU,e_visa,
ST,CV,visa_on_arrival,
ST,CY,visa_required,
ST,CZ,visa_required,
ST,DE,visa_required,
ST,DJ,visa_on_arrival,
ST,DK,visa_required,
ST,DM,visa_free,21
ST,DO,visa_required,
ST,DZ,visa_required,
ST,EC,visa_free,90
ST,EE,visa_required,
ST,EG,visa_on_arrival,
ST,ER,visa_required,
ST,ES,visa_required,
ST,ET,visa_on_arrival,
ST,FI,visa_required,
ST,FJ,visa_required,
ST,FM,visa_free,30
ST,FR,visa_required,
ST,GA,e_visa,
ST,GB,visa_required,
ST,GD,visa_required,
ST,GE,e_visa,
ST,GH,visa_on_arrival,
ST,GM,visa_free,90
ST,GN,e_visa,
ST,GQ,e_visa,
ST,GR,visa_required,
ST,GT,visa_free,90
ST,GW,visa_on_arrival,
ST,GY,visa_required,
ST,HK,visa_free,14
ST,HN,visa_free,90
ST,HR,visa_required,
ST,HT,visa_free,90
ST,HU,visa_required,
ST,ID,e_visa,
ST,IE,visa_required,
ST,IL,visa_required,
ST,IN,visa_required,
ST,IQ,e_visa,
ST,IR,visa_on_arrival,
ST,IS,visa_required,
ST,IT,visa_required,
ST,JM,visa_required,
ST,JO,visa_on_arrival,
ST,JP,visa_required,
ST,KE,eta,
ST,KG,e_visa,
ST,KH,visa_on_arrival,
ST,KI,visa_required,
ST,KM,visa_on_arrival,
ST,KN,e_visa,
ST,KP,visa_required,
ST,KR,e_visa,
ST,KW,visa_required,
ST,KZ,e_visa,
ST,LA,visa_on_arrival,
ST,LB,visa_required,
ST,LC,visa_on_arrival,
ST,LI,visa_required,
ST,LK,visa_on_arrival,
ST,LR,visa_required,
ST,LS,e_visa,
ST,LT,visa_required,
ST,LU,visa_required,
ST,LV,visa_required,
ST,LY,e_visa,
ST,MA,visa_required,
ST,MC,visa_required,
ST,MD,e_visa,
ST,ME,visa_required,
ST,MG,visa_on_arrival,
ST,MH,visa_required,
ST,MK,visa_required,
ST,ML,visa_required,
ST,MM,visa_required,
ST,MN,e_visa,
ST,MO,visa_on_arrival,
ST,MR,visa_on_arrival,
ST,MT,visa_required,
ST,MU,visa_on_arrival,
ST,MV,visa_on_arrival,
ST,MW,visa_on_arrival,
ST,MX,visa_required,
ST,MY,visa_free,30
ST,MZ,visa_on_arrival,
ST,NA,visa_on_arrival,
ST,NE,visa_required,
ST,NG,visa_on_arrival,
ST,NI,visa_free,90
ST,NL,visa_required,
ST,NO,visa_required,
ST,NP,visa_on_arrival,
ST,NR,visa_required,
ST,NZ,visa_required,
ST,OM,e_visa,
ST,PA,visa_free,90
ST,PE,visa_required,
ST,PG,e_visa,
ST,PH,visa_free,30
ST,PK,e_visa,
ST,PL,visa_required,
ST,PS,visa_free,
ST,PT,visa_required,
ST,PW,visa_on_arrival,
ST,PY,visa_required,
ST,QA,e_visa,
ST,RO,visa_required,
ST,RS,visa_required,
ST,RU,visa_required,
ST,RW,visa_free,90
ST,SA,visa_required,
ST,SB,visa_required,
ST,SC,visa_free,90
ST,SD,visa_required,
ST,SE,visa_required,
ST,SG,visa_free,30
ST,SI,visa_required,
ST,SK,visa_required,
ST,SL,e_visa,
ST,SM,visa_required,
ST,SN,visa_required,
ST,SO,e_visa,
ST,SR,visa_required,
ST,SS,e_visa,
ST,SV,visa_free,180
ST,SY,e_visa,
ST,SZ,visa_required,
ST,TD,visa_required,
ST,TG,e_visa,
ST,TH,visa_required,
ST,TJ,e_visa,
ST,TL,visa_on_arrival,
ST,TM,visa_required,
ST,TN,visa_required,
ST,TO,visa_required,
ST,TR,visa_required,
ST,TT,visa_required,
ST,TV,visa_on_arrival,
ST,TW,visa_required,
ST,TZ,visa_on_arrival,
ST,UA,visa_required,
ST,UG,e_visa,
ST,US,visa_required,
ST,UY,visa_required,
ST,UZ,visa_required,
ST,VA,visa_required,
ST,VC,visa_free,90
ST,VE,visa_required,
ST,VN,e_visa,
ST,VU,visa_required,
ST,WS,visa_on_arrival,
ST,XK,visa_free,90
ST,YE,visa_required,
ST,ZA,visa_free,90
ST,ZM,visa_on_arrival,
ST,ZW,visa_on_arrival,
SV,AD,visa_free,90
SV,AE,visa_free,90
SV,AF,visa_required,
SV,AG,e_visa,
SV,AL,visa_free,90
SV,AM,e_visa,
SV,AO,visa_required,
SV,AR,visa_free,90
SV,AT,visa_free,90
SV,AU,e_visa,
SV,AZ,visa_required,
SV,BA,visa_free,90
SV,BB,visa_free,90
SV,BD,visa_on_arrival,
SV,BE,visa_free,90
SV,BF,e_visa,
SV,BG,visa_free,90
SV,BH,e_visa,
SV,BI,visa_on_arrival,
SV,BJ,e_visa,
SV,BN,visa_required,
SV,BO,visa_on_arrival,
SV,BR,visa_free,90
SV,BS,visa_free,90
SV,BT,e_visa,
SV,BW,e_visa,
SV,BY,visa_free,30
SV,BZ,visa_free,30
SV,CA,visa_required,
SV,CD,e_visa,
SV,CF,visa_required,
SV,CG,visa_required,
SV,CH,visa_free,90
SV,CI,eta,
SV,CL,visa_free,90
SV,CM,e_visa,
SV,CN,visa_required,
SV,CO,visa_free,90
SV,CR,visa_free,30
SV,CU,e_visa,
SV,CV,visa_on_arrival,
SV,CY,visa_free,90
SV,CZ,visa_free,90
SV,DE,visa_free,90
SV,DJ,visa_on_arrival,
SV,DK,visa_free,90
SV,DM,visa_free,21
SV,DO,visa_free,
SV,DZ,visa_required,
SV,EC,visa_free,90
SV,EE,visa_free,90
SV,EG,visa_on_arrival,
SV,ER,visa_required,
SV,ES,visa_free,90
SV,ET,e_visa,
SV,FI,visa_free,90
SV,FJ,visa_required,
SV,FM,visa_free,30
SV,FR,visa_free,90
SV,GA,e_visa,
SV,GB,visa_required,
SV,GD,visa_free,90
SV,GE,visa_free,360
SV,GH,visa_on_arrival,
SV,GM,visa_required,
SV,GN,e_visa,
SV,GQ,e_visa,
SV,GR,visa_free,90
SV,GT,visa_free,90
SV,GW,visa_on_arrival,
SV,GY,visa_required,
SV,HK,visa_free,30
SV,HN,visa_free,90
SV,HR,visa_free,90
SV,HT,visa_free,90
SV,HU,visa_free,90
SV,ID,e_visa,
SV,IE,visa_free,90
SV,IL,visa_free,90
SV,IN,e_visa,
SV,IQ,e_visa,
SV,IR,visa_on_arrival,
SV,IS,visa_free,90
SV,IT,visa_free,90
SV,JM,visa_free,30
SV,JO,visa_on_arrival,
SV,JP,visa_free,90
SV,KE,eta,
SV,KG,e_visa,
SV,KH,visa_on_arrival,
SV,KI,visa_free,90
SV,KM,visa_on_arrival,
SV,KN,visa_free,90
SV,KP,visa_required,
SV,KR,eta,
SV,KW,visa_required,
SV,KZ,e_visa,
SV,LA,visa_on_arrival,
SV,LB,visa_required,
SV,LC,visa_on_arrival,
SV,LI,visa_free,90
SV,LK,visa_on_arrival,
SV,LR,visa_required,
SV,LS,e_visa,
SV,LT,visa_free,90
SV,LU,visa_free,90
SV,LV,visa_free,90
SV,LY,e_visa,
SV,MA,visa_required,
SV,MC,visa_free,90
SV,MD,visa_free,90
SV,ME,visa_free,90
SV,MG,visa_on_arrival,
SV,MH,visa_on_arrival,
SV,MK,visa_free,90
SV,ML,visa_required,
SV,MM,visa_required,
SV,MN,e_visa,
SV,MO,visa_on_arrival,
SV,MR,visa_on_arrival,
SV,MT,visa_free,90
SV,MU,visa_on_arrival,
SV,MV,visa_on_arrival,
SV,MW,visa_on_arrival,
SV,MX,visa_required,
SV,MY,visa_free,30
SV,MZ,visa_on_arrival,
SV,NA,visa_required,
SV,NE,visa_required,
SV,NG,e_visa,
SV,NI,visa_free,90
SV,NL,visa_free,90
SV,NO,visa_free,90
SV,NP,visa_on_arrival,
SV,NR,visa_required,
SV,NZ,visa_required,
SV,OM,e_visa,
SV,PA,visa_free,90
SV,PE,visa_free,180
SV,PG,e_visa,
SV,PH,visa_free,30
SV,PK,e_visa,
SV,PL,visa_free,90
SV,PS,visa_free,
SV,PT,visa_free,90
SV,PW,visa_on_arrival,
SV,PY,visa_free,90
SV,QA,e_visa,
SV,RO,visa_free,90
SV,RS,visa_required,
SV,RU,visa_free,90
SV,RW,visa_on_arrival,
SV,SA,visa_required,
SV,SB,visa_required,
SV,SC,visa_free,90
SV,SD,visa_required,
SV,SE,visa_free,90
SV,SG,visa_free,30
SV,SI,visa_free,90
SV,SK,visa_free,90
SV,SL,e_visa,
SV,SM,visa_free,90
SV,SN,visa_on_arrival,
SV,SO,e_visa,
SV,SR,visa_required,
SV,SS,e_visa,
SV,ST,e_visa,
SV,SY,e_visa,
SV,SZ,visa_required,
SV,TD,visa_required,
SV,TG,e_visa,
SV,TH,visa_on_arrival,
SV,TJ,e_visa,
SV,TL,visa_on_arrival,
SV,TM,visa_required,
SV,TN,visa_required,
SV,TO,visa_required,
SV,TR,visa_free,90
SV,TT,visa_free,90
SV,TV,visa_on_arrival,
SV,TW,visa_required,
SV,TZ,visa_on_arrival,
SV,UA,visa_required,
SV,UG,e_visa,
SV,US,visa_required,
SV,UY,visa_free,90
SV,UZ,visa_free,30
SV,VA,visa_free,90
SV,VC,visa_free,90
SV,VE,visa_required,
SV,VN,e_visa,
SV,VU,visa_required,
SV,WS,visa_on_arrival,
SV,XK,visa_free,90
SV,YE,visa_required,
SV,ZA,visa_required,
SV,ZM,visa_on_arrival,
SV,ZW,visa_on_arrival,
SY,AD,visa_required,
SY,AE,e_visa,
SY,AF,visa_required,
SY,AG,e_visa,
SY,AL,visa_required,
SY,AM,visa_required,
SY,AO,visa_required,
SY,AR,visa_required,
SY,AT,visa_required,
SY,AU,e_visa,
SY,AZ,visa_required,
SY,BA,visa_required,
SY,BB,visa_required,
SY,BD,visa_required,
SY,BE,visa_required,
SY,BF,e_visa,
SY,BG,visa_required,
SY,BH,e_visa,
SY,BI,visa_on_arrival,
SY,BJ,e_visa,
SY,BN,visa_required,
SY,BO,visa_on_arrival,
SY,BR,visa_required,
SY,BS,e_visa,
SY,BT,e_visa,
SY,BW,e_visa,
SY,BY,visa_required,
SY,BZ,visa_required,
SY,CA,visa_required,
SY,CD,e_visa,
SY,CF,visa_required,
SY,CG,visa_required,
SY,CH,visa_required,
SY,CI,eta,
SY,CL,visa_required,
SY,CM,e_visa,
SY,CN,visa_required,
SY,CO,e_visa,
SY,CR,visa_required,
SY,CU,visa_required,
SY,CV,visa_on_arrival,
SY,CY,visa_required,
SY,CZ,visa_required,
SY,DE,visa_required,
SY,DJ,visa_on_arrival,
SY,DK,visa_required,
SY,DM,visa_free,21
SY,DO,visa_required,
SY,DZ,visa_required,
SY,EC,e_visa,
SY,EE,visa_required,
SY,EG,visa_required,
SY,ER,visa_required,
SY,ES,visa_required,
SY,ET,visa_required,
SY,FI,visa_required,
SY,FJ,visa_required,
SY,FM,visa_free,30
SY,FR,visa_required,
SY,GA,e_visa,
SY,GB,visa_required,
SY,GD,visa_required,
SY,GE,e_visa,
SY,GH,visa_on_arrival,
SY,GM,visa_required,
SY,GN,e_visa,
SY,GQ,e_visa,
SY,GR,visa_required,
SY,GT,visa_required,
SY,GW,visa_on_arrival,
SY,GY,visa_required,
SY,HK,e_visa,
SY,HN,visa_required,
SY,HR,visa_required,
SY,HT,visa_free,90
SY,HU,visa_required,
SY,ID,e_visa,
SY,IE,visa_required,
SY,IL,visa_required,
SY,IN,visa_required,
SY,IQ,e_visa,
SY,IR,visa_free,90
SY,IS,visa_required,
SY,IT,visa_required,
SY,JM,visa_required,
SY,JO,visa_required,
SY,JP,visa_required,
SY,KE,eta,
SY,KG,e_visa,
SY,KH,visa_on_arrival,
SY,KI,visa_required,
SY,KM,visa_on_arrival,
SY,KN,e_visa,
SY,KP,visa_required,
SY,KR,e_visa,
SY,KW,visa_required,
SY,KZ,visa_required,
SY,LA,visa_required,
SY,LB,visa_on_arrival,
SY,LC,visa_required,
SY,LI,visa_required,
SY,LK,visa_required,
SY,LR,visa_required,
SY,LS,e_visa,
SY,LT,visa_required,
SY,LU,visa_required,
SY,LV,visa_required,
SY,LY,no_admission,
SY,MA,visa_required,
SY,MC,visa_required,
SY,MD,e_visa,
SY,ME,visa_required,
SY,MG,visa_on_arrival,
SY,MH,visa_required,
SY,MK,visa_required,
SY,ML,visa_required,
SY,MM,visa_required,
SY,MN,visa_required,
SY,MO,visa_on_arrival,
SY,MR,visa_required,
SY,MT,visa_required,
SY,MU,visa_required,
SY,MV,visa_on_arrival,
SY,MW,e_visa,
SY,MX,visa_required,
SY,MY,visa_free,90
SY,MZ,visa_on_arrival,
SY,NA,visa_required,
SY,NE,visa_required,
SY,NG,e_visa,
SY,NI,visa_required,
SY,NL,visa_required,
SY,NO,visa_required,
SY,NP,visa_required,
SY,NR,visa_required,
SY,NZ,visa_required,
SY,OM,e_visa,
SY,PA,visa_required,
SY,PE,visa_required,
SY,PG,e_visa,
SY,PH,visa_required,
SY,PK,e_visa,
SY,PL,visa_required,
SY,PS,visa_free,
SY,PT,visa_required,
SY,PW,visa_on_arrival,
SY,PY,visa_required,
SY,QA,e_visa,
SY,RO,visa_required,
SY,RS,visa_required,
SY,RU,visa_required,
SY,RW,visa_on_arrival,
SY,SA,visa_required,
SY,SB,visa_required,
SY,SC,visa_free,90
SY,SD,visa_required,
SY,SE,visa_required,
SY,SG,e_visa,
SY,SI,visa_required,
SY,SK,visa_required,
SY,SL,e_visa,
SY,SM,visa_required,
SY,SN,visa_required,
SY,SO,e_visa,
SY,SR,e_visa,
SY,SS,e_visa,
SY,ST,e_visa,
SY,SV,e_visa,
SY,SZ,visa_required,
SY,TD,visa_required,
SY,TG,e_visa,
SY,TH,visa_required,
SY,TJ,e_visa,
SY,TL,visa_on_arrival,
SY,TM,visa_required,
SY,TN,visa_required,
SY,TO,visa_required,
SY,TR,visa_required,
SY,TT,visa_required,
SY,TV,visa_on_arrival,
SY,TW,visa_required,
SY,TZ,e_visa,
SY,UA,visa_required,
SY,UG,e_visa,
SY,US,visa_required,
SY,UY,visa_required,
SY,UZ,visa_required,
SY,VA,visa_required,
SY,VC,visa_required,
SY,VE,visa_required,
SY,VN,e_visa,
SY,VU,visa_required,
SY,WS,visa_on_arrival,
SY,XK,visa_required,
SY,YE,visa_on_arrival,
SY,ZA,visa_required,
SY,ZM,e_visa,
SY,ZW,e_visa,
SZ,AD,visa_required,
SZ,AE,e_visa,
SZ,AF,visa_required,
SZ,AG,visa_free,180
SZ,AL,e_visa,
SZ,AM,visa_required,
SZ,AO,visa_free,30
SZ,AR,visa_required,
SZ,AT,visa_required,
SZ,AU,e_visa,
SZ,AZ,visa_required,
SZ,BA,visa_required,
SZ,BB,visa_free,180
SZ,BD,visa_on_arrival,
SZ,BE,visa_required,
SZ,BF,e_visa,
SZ,BG,visa_required,
SZ,BH,e_visa,
SZ,BI,visa_on_arrival,
SZ,BJ,visa_free,90
SZ,BN,visa_required,
SZ,BO,visa_on_arrival,
SZ,BR,visa_required,
SZ,BS,visa_free,90
SZ,BT,e_visa,
SZ,BW,visa_free,90
SZ,BY,visa_required,
SZ,BZ,visa_free,
SZ,CA,visa_required,
SZ,CD,e_visa,
SZ,CF,visa_required,
SZ,CG,visa_required,
SZ,CH,visa_required,
SZ,CI,eta,
SZ,CL,visa_required,
SZ,CM,e_visa,
SZ,CN,visa_required,
SZ,CO,e_visa,
SZ,CR,visa_required,
SZ,CU,e_visa,
SZ,CV,visa_on_arrival,
SZ,CY,visa_required,
SZ,CZ,visa_required,
SZ,DE,visa_required,
SZ,DJ,visa_on_arrival,
SZ,DK,visa_required,
SZ,DM,visa_free,180
SZ,DO,visa_required,
SZ,DZ,visa_required,
SZ,EC,visa_free,90
SZ,EE,visa_required,
SZ,EG,visa_required,
SZ,ER,visa_required,
SZ,ES,visa_required,
SZ,ET,visa_on_arrival,
SZ,FI,visa_required,
SZ,FJ,visa_free,120
SZ,FM,visa_free,30
SZ,FR,visa_required,
SZ,GA,e_visa,
SZ,GB,visa_required,
SZ,GD,visa_free,90
SZ,GE,e_visa,
SZ,GH,visa_free,60
SZ,GM,visa_free,90
SZ,GN,e_visa,
SZ,GQ,e_visa,
SZ,GR,visa_required,
SZ,GT,visa_required,
SZ,GW,visa_on_arrival,
SZ,GY,visa_free,60
SZ,HK,e_visa,
SZ,HN,visa_required,
SZ,HR,visa_required,
SZ,HT,visa_free,90
SZ,HU,visa_required,
SZ,ID,e_visa,
SZ,IE,visa_free,90
SZ,IL,visa_free,90
SZ,IN,e_visa,
SZ,IQ,e_visa,
SZ,IR,visa_on_arrival,
SZ,IS,visa_required,
SZ,IT,visa_required,
SZ,JM,visa_free,
SZ,JO,visa_on_arrival,
SZ,JP,visa_required,
SZ,KE,eta,
SZ,KG,e_visa,
SZ,KH,visa_on_arrival,
SZ,KI,visa_free,90
SZ,KM,visa_on_arrival,
SZ,KN,visa_free,90
SZ,KP,visa_required,
SZ,KR,eta,
SZ,KW,visa_required,
SZ,KZ,e_visa,
SZ,LA,visa_required,
SZ,LB,visa_required,
SZ,LC,visa_free,42
SZ,LI,visa_required,
SZ,LK,visa_on_arrival,
SZ,LR,visa_required,
SZ,LS,visa_free,
SZ,LT,visa_required,
SZ,LU,visa_required,
SZ,LV,visa_required,
SZ,LY,e_visa,
SZ,MA,visa_required,
SZ,MC,visa_required,
SZ,MD,e_visa,
SZ,ME,visa_required,
SZ,MG,visa_on_arrival,
SZ,MH,visa_on_arrival,
SZ,MK,visa_required,
SZ,ML,visa_required,
SZ,MM,visa_required,
SZ,MN,e_visa,
SZ,MO,visa_on_arrival,
SZ,MR,visa_on_arrival,
SZ,MT,visa_required,
SZ,MU,visa_free,90
SZ,MV,visa_on_arrival,
SZ,MW,visa_free,90
SZ,MX,visa_required,
SZ,MY,visa_free,30
SZ,MZ,visa_free,
SZ,NA,visa_free,90
SZ,NE,visa_required,
SZ,NG,visa_on_arrival,
SZ,NI,visa_on_arrival,
SZ,NL,visa_required,
SZ,NO,visa_required,
SZ,NP,visa_required,
SZ,NR,visa_required,
SZ,NZ,visa_required,
SZ,OM,e_visa,
SZ,PA,visa_required,
SZ,PE,visa_required,
SZ,PG,e_visa,
SZ,PH,visa_free,30
SZ,PK,e_visa,
SZ,PL,visa_required,
SZ,PS,visa_free,
SZ,PT,visa_required,
SZ,PW,visa_on_arrival,
SZ,PY,visa_required,
SZ,QA,e_visa,
SZ,RO,visa_required,
SZ,RS,visa_required,
SZ,RU,e_visa,
SZ,RW,visa_free,30
SZ,SA,visa_required,
SZ,SB,visa_required,
SZ,SC,visa_free,90
SZ,SD,visa_required,
SZ,SE,visa_required,
SZ,SG,visa_free,30
SZ,SI,visa_required,
SZ,SK,visa_required,
SZ,SL,visa_on_arrival,
SZ,SM,visa_required,
SZ,SN,visa_on_arrival,
SZ,SO,e_visa,
SZ,SR,visa_required,
SZ,SS,e_visa,
SZ,ST,e_visa,
SZ,SV,e_visa,
SZ,SY,e_visa,
SZ,TD,visa_required,
SZ,TG,e_visa,
SZ,TH,visa_required,
SZ,TJ,e_visa,
SZ,TL,visa_on_arrival,
SZ,TM,visa_required,
SZ,TN,visa_required,
SZ,TO,visa_required,
SZ,TR,visa_required,
SZ,TT,visa_free,
SZ,TV,visa_on_arrival,
SZ,TW,visa_free,90
SZ,TZ,visa_free,90
SZ,UA,visa_required,
SZ,UG,visa_free,90
SZ,US,visa_required,
SZ,UY,visa_required,
SZ,UZ,visa_required,
SZ,VA,visa_required,
SZ,VC,visa_free,90
SZ,VE,visa_required,
SZ,VN,e_visa,
SZ,VU,visa_free,120
SZ,WS,visa_on_arrival,
SZ,XK,visa_free,90
SZ,YE,visa_required,
SZ,ZA,visa_free,30
SZ,ZM,visa_free,90
SZ,ZW,visa_free,90
TD,AD,visa_required,
TD,AE,e_visa,
TD,AF,visa_required,
TD,AG,e_visa,
TD,AL,e_visa,
TD,AM,visa_required,
TD,AO,visa_required,
TD,AR,visa_required,
TD,AT,visa_required,
TD,AU,e_visa,
TD,AZ,visa_required,
TD,BA,visa_required,
TD,BB,visa_free,90
TD,BD,visa_on_arrival,
TD,BE,visa_required,
TD,BF,visa_on_arrival,
TD,BG,visa_required,
TD,BH,e_visa,
TD,BI,visa_on_arrival,
TD,BJ,visa_free,90
TD,BN,visa_required,
TD,BO,visa_on_arrival,
TD,BR,visa_required,
TD,BS,e_visa,
TD,BT,e_visa,
TD,BW,e_visa,
TD,BY,visa_required,
TD,BZ,visa_required,
TD,CA,visa_required,
TD,CD,e_visa,
TD,CF,visa_free,90
TD,CG,visa_free,90
TD,CH,visa_required,
TD,CI,visa_free,90
TD,CL,visa_required,
TD,CM,visa_free,90
TD,CN,visa_required,
TD,CO,e_visa,
TD,CR,visa_required,
TD,CU,e_visa,
TD,CV,visa_on_arrival,
TD,CY,visa_required,
TD,CZ,visa_required,
TD,DE,visa_required,
TD,DJ,visa_on_arrival,
TD,DK,visa_required,
TD,DM,visa_free,21
TD,DO,visa_required,
TD,DZ,visa_required,
TD,EC,e_visa,
TD,EE,visa_required,
TD,EG,visa_required,
TD,ER,visa_required,
TD,ES,visa_required,
TD,ET,visa_on_arrival,
TD,FI,visa_required,
TD,FJ,visa_required,
TD,FM,visa_free,30
TD,FR,visa_required,
TD,GA,visa_free,90
TD,GB,visa_required,
TD,GD,visa_required,
TD,GE,e_visa,
TD,GH,visa_on_arrival,
TD,GM,visa_free,90
TD,GN,e_visa,
TD,GQ,e_visa,
TD,GR,visa_required,
TD,GT,visa_required,
TD,GW,visa_on_arrival,
TD,GY,visa_required,
TD,HK,visa_free,14
TD,HN,visa_required,
TD,HR,visa_required,
TD,HT,visa_free,90
TD,HU,visa_required,
TD,ID,e_visa,
TD,IE,visa_required,
TD,IL,visa_required,
TD,IN,visa_required,
TD,IQ,e_visa,
TD,IR,visa_on_arrival,
TD,IS,visa_required,
TD,IT,visa_required,
TD,JM,visa_required,
TD,JO,visa_required,
TD,JP,visa_required,
TD,KE,eta,
TD,KG,e_visa,
TD,KH,visa_on_arrival,
TD,KI,visa_required,
TD,KM,visa_on_arrival,
TD,KN,e_visa,
TD,KP,visa_required,
TD,KR,e_visa,
TD,KW,visa_required,
TD,KZ,e_visa,
TD,LA,visa_on_arrival,
TD,LB,visa_required,
TD,LC,visa_required,
TD,LI,visa_required,
TD,LK,visa_on_arrival,
TD,LR,visa_required,
TD,LS,e_visa,
TD,LT,visa_required,
TD,LU,visa_required,
TD,LV,visa_required,
TD,LY,e_visa,
TD,MA,visa_required,
TD,MC,visa_required,
TD,MD,e_visa,
TD,ME,visa_required,
TD,MG,visa_on_arrival,
TD,MH,visa_required,
TD,MK,visa_required,
TD,ML,visa_free,90
TD,MM,visa_required,
TD,MN,visa_required,
TD,MO,visa_on_arrival,
TD,MR,visa_on_arrival,
TD,MT,visa_required,
TD,MU,visa_free,90
TD,MV,visa_on_arrival,
TD,MW,e_visa,
TD,MX,visa_required,
TD,MY,visa_free,30
TD,MZ,visa_on_arrival,
TD,NA,visa_on_arrival,
TD,NE,visa_free,90
TD,NG,visa_free,90
TD,NI,visa_on_arrival,
TD,NL,visa_required,
TD,NO,visa_required,
TD,NP,visa_on_arrival,
TD,NR,visa_required,
TD,NZ,visa_required,
TD,OM,e_visa,
TD,PA,visa_required,
TD,PE,visa_required,
TD,PG,e_visa,
TD,PH,visa_free,30
TD,PK,e_visa,
TD,PL,visa_required,
TD,PS,visa_required,
TD,PT,visa_required,
TD,PW,visa_on_arrival,
TD,PY,visa_required,
TD,QA,e_visa,
TD,RO,visa_required,
TD,RS,visa_required,
TD,RU,visa_required,
TD,RW,visa_free,90
TD,SA,visa_required,
TD,SB,visa_required,
TD,SC,visa_free,90
TD,SD,visa_required,
TD,SE,visa_required,
TD,SG,visa_free,30
TD,SI,visa_required,
TD,SK,visa_required,
TD,SL,e_visa,
TD,SM,visa_required,
TD,SN,visa_on_arrival,
TD,SO,e_visa,
TD,SR,visa_required,
TD,SS,e_visa,
TD,ST,e_visa,
TD,SV,e_visa,
TD,SY,e_visa,
TD,SZ,visa_required,
TD,TG,e_visa,
TD,TH,visa_required,
TD,TJ,e_visa,
TD,TL,visa_on_arrival,
TD,TM,visa_required,
TD,TN,visa_required,
TD,TO,visa_required,
TD,TR,visa_required,
TD,TT,visa_required,
TD,TV,visa_on_arrival,
TD,TW,visa_required,
TD,TZ,e_visa,
TD,UA,visa_required,
TD,UG,e_visa,
TD,US,visa_required,
TD,UY,visa_required,
TD,UZ,visa_required,
TD,VA,visa_required,
TD,VC,visa_free,90
TD,VE,visa_required,
TD,VN,e_visa,
TD,VU,visa_required,
TD,WS,visa_on_arrival,
TD,XK,visa_required,
TD,YE,visa_required,
TD,ZA,visa_required,
TD,ZM,e_visa,
TD,ZW,e_visa,
TG,AD,visa_required,
TG,AE,e_visa,
TG,AF,visa_required,
TG,AG,e_visa,
TG,AL,e_visa,
TG,AM,visa_required,
TG,AO,visa_required,
TG,AR,visa_required,
TG,AT,visa_required,
TG,AU,e_visa,
TG,AZ,visa_required,
TG,BA,visa_required,
TG,BB,visa_free,90
TG,BD,visa_on_arrival,
TG,BE,visa_required,
TG,BF,visa_free,
TG,BG,visa_required,
TG,BH,e_visa,
TG,BI,visa_on_arrival,
TG,BJ,visa_free,90
TG,BN,visa_required,
TG,BO,visa_on_arrival,
TG,BR,visa_required,
TG,BS,e_visa,
TG,BT,e_visa,
TG,BW,e_visa,
TG,BY,visa_required,
TG,BZ,visa_required,
TG,CA,visa_required,
TG,CD,e_visa,
TG,CF,visa_required,
TG,CG,visa_on_arrival,
TG,CH,visa_required,
TG,CI,visa_free,90
TG,CL,visa_required,
TG,CM,e_visa,
TG,CN,visa_required,
TG,CO,e_visa,
TG,CR,visa_required,
TG,CU,e_visa,
TG,CV,visa_free,
TG,CY,visa_required,
TG,CZ,visa_required,
TG,DE,visa_required,
TG,DJ,visa_on_arrival,
TG,DK,visa_required,
TG,DM,visa_free,21
TG,DO,visa_required,
TG,DZ,visa_required,
TG,EC,visa_free,90
TG,EE,visa_required,
TG,EG,visa_required,
TG,ER,visa_required,
TG,ES,visa_required,
TG,ET,visa_on_arrival,
TG,FI,visa_required,
TG,FJ,visa_required,
TG,FM,visa_free,30
TG,FR,visa_required,
TG,GA,e_visa,
TG,GB,visa_required,
TG,GD,visa_required,
TG,GE,e_visa,
TG,GH,visa_free,
TG,GM,visa_free,90
TG,GN,visa_free,
TG,GQ,e_visa,
TG,GR,visa_required,
TG,GT,visa_required,
TG,GW,visa_free,
TG,GY,visa_required,
TG,HK,e_visa,
TG,HN,visa_required,
TG,HR,visa_required,
TG,HT,visa_free,90
TG,HU,visa_required,
TG,ID,e_visa,
TG,IE,visa_required,
TG,IL,visa_required,
TG,IN,e_visa,
TG,IQ,e_visa,
TG,IR,visa_on_arrival,
TG,IS,visa_required,
TG,IT,visa_required,
TG,JM,visa_required,
TG,JO,visa_required,
TG,JP,visa_required,
TG,KE,eta,
TG,KG,e_visa,
TG,KH,visa_on_arrival,
TG,KI,visa_free,90
TG,KM,visa_on_arrival,
TG,KN,e_visa,
TG,KP,visa_required,
TG,KR,e_visa,
TG,KW,visa_required,
TG,KZ,e_visa,
TG,LA,visa_on_arrival,
TG,LB,visa_required,
TG,LC,visa_on_arrival,
TG,LI,visa_required,
TG,LK,visa_on_arrival,
TG,LR,visa_free,
TG,LS,e_visa,
TG,LT,visa_required,
TG,LU,visa_required,
TG,LV,visa_required,
TG,LY,e_visa,
TG,MA,visa_free,90
TG,MC,visa_required,
TG,MD,e_visa,
TG,ME,visa_required,
TG,MG,visa_on_arrival,
TG,MH,visa_required,
TG,MK,visa_required,
TG,ML,visa_free,
TG,MM,visa_required,
TG,MN,e_visa,
TG,MO,visa_on_arrival,
TG,MR,visa_on_arrival,
TG,MT,visa_required,
TG,MU,visa_on_arrival,
TG,MV,visa_on_arrival,
TG,MW,e_visa,
TG,MX,visa_required,
TG,MY,visa_free,30
TG,MZ,visa_on_arrival,
TG,NA,visa_on_arrival,
TG,NE,visa_free,
TG,NG,visa_free,
TG,NI,visa_on_arrival,
TG,NL,visa_required,
TG,NO,visa_required,
TG,NP,visa_on_arrival,
TG,NR,visa_required,
TG,NZ,visa_required,
TG,OM,e_visa,
TG,PA,visa_required,
TG,PE,visa_required,
TG,PG,e_visa,
TG,PH,visa_free,30
TG,PK,e_visa,
TG,PL,visa_required,
TG,PS,visa_required,
TG,PT,visa_required,
TG,PW,visa_on_arrival,
TG,PY,visa_required,
TG,QA,e_visa,
TG,RO,visa_required,
TG,RS,visa_required,
TG,RU,visa_required,
TG,RW,visa_free,30
TG,SA,visa_required,
TG,SB,visa_required,
TG,SC,visa_free,90
TG,SD,visa_required,
TG,SE,visa_required,
TG,SG,visa_free,30
TG,SI,visa_required,
TG,SK,visa_required,
TG,SL,visa_free,
TG,SM,visa_required,
TG,SN,visa_free,90
TG,SO,e_visa,
TG,SR,visa_required,
TG,SS,e_visa,
TG,ST,visa_free,90
TG,SV,e_visa,
TG,SY,e_visa,
TG,SZ,visa_required,
TG,TD,visa_free,90
TG,TH,visa_required,
TG,TJ,e_visa,
TG,TL,visa_on_arrival,
TG,TM,visa_required,
TG,TN,visa_required,
TG,TO,visa_required,
TG,TR,visa_required,
TG,TT,visa_required,
TG,TV,visa_on_arrival,
TG,TW,visa_required,
TG,TZ,visa_on_arrival,
TG,UA,visa_required,
TG,UG,e_visa,
TG,US,visa_required,
TG,UY,visa_required,
TG,UZ,visa_required,
TG,VA,visa_required,
TG,VC,visa_free,90
TG,VE,visa_required,
TG,VN,e_visa,
TG,VU,visa_required,
TG,WS,visa_on_arrival,
TG,XK,visa_required,
TG,YE,visa_required,
TG,ZA,visa_required,
TG,ZM,e_visa,
TG,ZW,e_visa,
TH,AD,visa_required,
TH,AE,e_visa,
TH,AF,visa_required,
TH,AG,e_visa,
TH,AL,visa_free,90
TH,AM,visa_on_arrival,
TH,AO,visa_required,
TH,AR,visa_free,90
TH,AT,visa_required,
TH,AU,e_visa,
TH,AZ,e_visa,
TH,BA,visa_required,
TH,BB,visa_free,90
TH,BD,visa_required,
TH,BE,visa_required,
TH,BF,e_visa,
TH,BG,visa_required,
TH,BH,visa_on_arrival,
TH,BI,visa_on_arrival,
TH,BJ,e_visa,
TH,BN,visa_free,14
TH,BO,visa_on_arrival,
TH,BR,visa_free,90
TH,BS,e_visa,
TH,BT,e_visa,
TH,BW,e_visa,
TH,BY,visa_required,
TH,BZ,visa_required,
TH,CA,visa_required,
TH,CD,e_visa,
TH,CF,visa_required,
TH,CG,visa_required,
TH,CH,visa_required,
TH,CI,eta,
TH,CL,visa_free,90
TH,CM,e_visa,
TH,CN,visa_free,30
TH,CO,e_visa,
TH,CR,visa_required,
TH,CU,e_visa,
TH,CV,visa_on_arrival,
TH,CY,visa_required,
TH,CZ,visa_required,
TH,DE,visa_required,
TH,DJ,visa_on_arrival,
TH,DK,visa_required,
TH,DM,visa_free,21
TH,DO,visa_free,
TH,DZ,visa_required,
TH,EC,visa_free,90
TH,EE,visa_required,
TH,EG,visa_required,
TH,ER,visa_required,
TH,ES,visa_required,
TH,ET,visa_on_arrival,
TH,FI,visa_required,
TH,FJ,visa_free,120
TH,FM,visa_free,30
TH,FR,visa_required,
TH,GA,e_visa,
TH,GB,visa_required,
TH,GD,visa_required,
TH,GE,visa_free,360
TH,GH,visa_on_arrival,
TH,GM,visa_required,
TH,GN,e_visa,
TH,GQ,e_visa,
TH,GR,visa_required,
TH,GT,visa_required,
TH,GW,visa_on_arrival,
TH,GY,visa_required,
TH,HK,visa_free,30
TH,HN,visa_required,
TH,HR,visa_required,
TH,HT,visa_free,90
TH,HU,visa_required,
TH,ID,visa_free,30
TH,IE,visa_required,
TH,IL,visa_required,
TH,IN,e_visa,
TH,IQ,e_visa,
TH,IR,visa_on_arrival,
TH,IS,visa_required,
TH,IT,visa_required,
TH,JM,visa_required,
TH,JO,visa_on_arrival,
TH,JP,visa_free,15
TH,KE,eta,
TH,KG,visa_free,60
TH,KH,visa_free,14
TH,KI,visa_free,90
TH,KM,visa_on_arrival,
TH,KN,e_visa,
TH,KP,visa_required,
TH,KR,eta,
TH,KW,visa_required,
TH,KZ,visa_free,30
TH,LA,visa_free,30
TH,LB,visa_required,
TH,LC,visa_on_arrival,
TH,LI,visa_required,
TH,LK,visa_on_arrival,
TH,LR,visa_required,
TH,LS,e_visa,
TH,LT,visa_required,
TH,LU,visa_required,
TH,LV,visa_required,
TH,LY,e_visa,
TH,MA,e_visa,
TH,MC,visa_required,
TH,MD,e_visa,
TH,ME,visa_required,
TH,MG,visa_on_arrival,
TH,MH,visa_on_arrival,
TH,MK,visa_required,
TH,ML,visa_required,
TH,MM,visa_free,14
TH,MN,visa_free,30
TH,MO,visa_free,30
TH,MR,visa_on_arrival,
TH,MT,visa_required,
TH,MU,visa_on_arrival,
TH,MV,visa_on_arrival,
TH,MW,visa_on_arrival,
TH,MX,visa_required,
TH,MY,visa_free,30
TH,MZ,visa_on_arrival,
TH,NA,visa_on_arrival,
TH,NE,visa_required,
TH,NG,e_visa,
TH,NI,visa_on_arrival,
TH,NL,visa_required,
TH,NO,visa_required,
TH,NP,visa_on_arrival,
TH,NR,visa_required,
TH,NZ,visa_required,
TH,OM,visa_on_arrival,
TH,PA,visa_free,90
TH,PE,visa_free,180
TH,PG,eta,
TH,PH,visa_free,30
TH,PK,eta,
TH,PL,visa_required,
TH,PS,visa_free,
TH,PT,visa_required,
TH,PW,visa_on_arrival,
TH,PY,visa_required,
TH,QA,visa_on_arrival,
TH,RO,visa_required,
TH,RS,visa_required,
TH,RU,visa_free,30
TH,RW,visa_on_arrival,
TH,SA,visa_on_arrival,
TH,SB,visa_on_arrival,
TH,SC,visa_free,90
TH,SD,visa_required,
TH,SE,visa_required,
TH,SG,visa_free,30
TH,SI,visa_required,
TH,SK,visa_required,
TH,SL,visa_on_arrival,
TH,SM,visa_required,
TH,SN,visa_on_arrival,
TH,SO,e_visa,
TH,SR,visa_required,
TH,SS,e_visa,
TH,ST,e_visa,
TH,SV,e_visa,
TH,SY,e_visa,
TH,SZ,visa_required,
TH,TD,visa_required,
TH,TG,e_visa,
TH,TJ,visa_free,30
TH,TL,visa_on_arrival,
TH,TM,visa_required,
TH,TN,visa_required,
TH,TO,visa_required,
TH,TR,visa_free,30
TH,TT,visa_required,
TH,TV,visa_on_arrival,
TH,TW,visa_free,14
TH,TZ,visa_on_arrival,
TH,UA,visa_required,
TH,UG,e_visa,
TH,US,visa_required,
TH,UY,visa_required,
TH,UZ,e_visa,
TH,VA,visa_required,
TH,VC,visa_free,90
TH,VE,visa_required,
TH,VN,visa_free,30
TH,VU,visa_free,120
TH,WS,visa_on_arrival,
TH,XK,visa_required,
TH,YE,visa_required,
TH,ZA,visa_free,30
TH,ZM,visa_on_arrival,
TH,ZW,e_visa,
TJ,AD,visa_required,
TJ,AE,e_visa,
TJ,AF,visa_required,
TJ,AG,visa_free,180
TJ,AL,e_visa,
TJ,AM,visa_free,180
TJ,AO,visa_required,
TJ,AR,visa_required,
TJ,AT,visa_required,
TJ,AU,e_visa,
TJ,AZ,visa_free,90
TJ,BA,visa_required,
TJ,BB,visa_free,28
TJ,BD,visa_on_arrival,
TJ,BE,visa_required,
TJ,BF,e_visa,
TJ,BG,visa_required,
TJ,BH,e_visa,
TJ,BI,visa_on_arrival,
TJ,BJ,e_visa,
TJ,BN,visa_required,
TJ,BO,visa_on_arrival,
TJ,BR,visa_required,
TJ,BS,e_visa,
TJ,BT,e_visa,
TJ,BW,e_visa,
TJ,BY,visa_free,
TJ,BZ,visa_required,
TJ,CA,visa_required,
TJ,CD,e_visa,
TJ,CF,visa_required,
TJ,CG,visa_required,
TJ,CH,visa_required,
TJ,CI,eta,
TJ,CL,visa_required,
TJ,CM,e_visa,
TJ,CN,visa_required,
TJ,CO,e_visa,
TJ,CR,visa_required,
TJ,CU,e_visa,
TJ,CV,visa_on_arrival,
TJ,CY,visa_required,
TJ,CZ,visa_required,
TJ,DE,visa_required,
TJ,DJ,visa_on_arrival,
TJ,DK,visa_required,
TJ,DM,visa_free,21
TJ,DO,visa_required,
TJ,DZ,visa_required,
TJ,EC,e_visa,
TJ,EE,visa_required,
TJ,EG,visa_required,
TJ,ER,visa_required,
TJ,ES,visa_required,
TJ,ET,e_visa,
TJ,FI,visa_required,
TJ,FJ,visa_required,
TJ,FM,visa_free,30
TJ,FR,visa_required,
TJ,GA,e_visa,
TJ,GB,visa_required,
TJ,GD,visa_free,
TJ,GE,visa_free,360
TJ,GH,visa_on_arrival,
TJ,GM,visa_free,90
TJ,GN,e_visa,
TJ,GQ,e_visa,
TJ,GR,visa_required,
TJ,GT,visa_required,
TJ,GW,visa_on_arrival,
TJ,GY,visa_required,
TJ,HK,e_visa,
TJ,HN,visa_required,
TJ,HR,visa_required,
TJ,HT,visa_free,90
TJ,HU,visa_required,
TJ,ID,e_visa,
TJ,IE,visa_required,
TJ,IL,visa_required,
TJ,IN,e_visa,
TJ,IQ,e_visa,
TJ,IR,visa_free,30
TJ,IS,visa_required,
TJ,IT,visa_required,
TJ,JM,visa_on_arrival,
TJ,JO,visa_on_arrival,
TJ,JP,visa_required,
TJ,KE,eta,
TJ,KG,no_admission,
TJ,KH,visa_on_arrival,
TJ,KI,visa_required,
TJ,KM,visa_on_arrival,
TJ,KN,e_visa,
TJ,KP,visa_required,
TJ,KR,e_visa,
TJ,KW,visa_required,
TJ,KZ,visa_free,30
TJ,LA,visa_on_arrival,
TJ,LB,visa_on_arrival,
TJ,LC,visa_required,
TJ,LI,visa_required,
TJ,LK,visa_on_arrival,
TJ,LR,visa_required,
TJ,LS,e_visa,
TJ,LT,visa_required,
TJ,LU,visa_required,
TJ,LV,visa_required,
TJ,LY,e_visa,
TJ,MA,visa_required,
TJ,MC,visa_required,
TJ,MD,visa_free,90
TJ,ME,visa_required,
TJ,MG,visa_on_arrival,
TJ,MH,visa_on_arrival,
TJ,MK,visa_required,
TJ,ML,visa_required,
TJ,MM,visa_required,
TJ,MN,visa_required,
TJ,MO,visa_on_arrival,
TJ,MR,visa_on_arrival,
TJ,MT,visa_required,
TJ,MU,visa_on_arrival,
TJ,MV,visa_on_arrival,
TJ,MW,e_visa,
TJ,MX,visa_required,
TJ,MY,visa_free,30
TJ,MZ,visa_on_arrival,
TJ,NA,visa_free,90
TJ,NE,visa_required,
TJ,NG,e_visa,
TJ,NI,visa_on_arrival,
TJ,NL,visa_required,
TJ,NO,visa_required,
TJ,NP,visa_on_arrival,
TJ,NR,visa_required,
TJ,NZ,visa_required,
TJ,OM,e_visa,
TJ,PA,visa_required,
TJ,PE,visa_required,
TJ,PG,e_visa,
TJ,PH,visa_free,30
TJ,PK,eta,
TJ,PL,visa_required,
TJ,PS,visa_free,
TJ,PT,visa_required,
TJ,PW,visa_on_arrival,
TJ,PY,visa_required,
TJ,QA,e_visa,
TJ,RO,visa_required,
TJ,RS,visa_required,
TJ,RU,visa_free,90
TJ,RW,visa_on_arrival,
TJ,SA,visa_on_arrival,
TJ,SB,visa_required,
TJ,SC,visa_free,90
TJ,SD,visa_required,
TJ,SE,visa_required,
TJ,SG,e_visa,
TJ,SI,visa_required,
TJ,SK,visa_required,
TJ,SL,visa_on_arrival,
TJ,SM,visa_required,
TJ,SN,visa_required,
TJ,SO,e_visa,
TJ,SR,visa_required,
TJ,SS,e_visa,
TJ,ST,e_visa,
TJ,SV,e_visa,
TJ,SY,visa_on_arrival,
TJ,SZ,visa_required,
TJ,TD,visa_required,
TJ,TG,e_visa,
TJ,TH,e_visa,
TJ,TL,visa_on_arrival,
TJ,TM,visa_required,
TJ,TN,visa_required,
TJ,TO,visa_required,
TJ,TR,visa_required,
TJ,TT,visa_required,
TJ,TV,visa_on_arrival,
TJ,TW,visa_required,
TJ,TZ,e_visa,
TJ,UA,visa_free,90
TJ,UG,e_visa,
TJ,US,visa_required,
TJ,UY,visa_required,
TJ,UZ,visa_free,30
TJ,VA,visa_required,
TJ,VC,visa_free,90
TJ,VE,visa_required,
TJ,VN,e_visa,
TJ,VU,visa_required,
TJ,WS,visa_on_arrival,
TJ,XK,visa_required,
TJ,YE,visa_required,
TJ,ZA,visa_required,
TJ,ZM,e_visa,
TJ,ZW,visa_on_arrival,
TL,AD,visa_free,90
TL,AE,e_visa,
TL,AF,visa_required,
TL,AG,e_visa,
TL,AL,e_visa,
TL,AM,e_visa,
TL,AO,visa_free,30
TL,AR,visa_required,
TL,AT,visa_free,90
TL,AU,e_visa,
TL,AZ,visa_required,
TL,BA,visa_free,90
TL,BB,visa_free,28
TL,BD,visa_on_arrival,
TL,BE,visa_free,90
TL,BF,e_visa,
TL,BG,visa_free,90
TL,BH,e_visa,
TL,BI,visa_on_arrival,
TL,BJ,e_visa,
TL,BN,visa_required,
TL,BO,visa_on_arrival,
TL,BR,visa_required,
TL,BS,e_visa,
TL,BT,e_visa,
TL,BW,e_visa,
TL,BY,visa_required,
TL,BZ,visa_required,
TL,CA,visa_required,
TL,CD,e_visa,
TL,CF,visa_required,
TL,CG,visa_required,
TL,CH,visa_free,90
TL,CI,eta,
TL,CL,visa_required,
TL,CM,e_visa,
TL,CN,e_visa,
TL,CO,e_visa,
TL,CR,visa_required,
TL,CU,e_visa,
TL,CV,visa_on_arrival,
TL,CY,visa_free,90
TL,CZ,visa_free,90
TL,DE,visa_free,90
TL,DJ,visa_on_arrival,
TL,DK,visa_free,90
TL,DM,visa_free,21
TL,DO,visa_required,
TL,DZ,visa_required,
TL,EC,visa_free,90
TL,EE,visa_free,90
TL,EG,visa_on_arrival,
TL,ER,visa_required,
TL,ES,visa_free,90
TL,ET,e_visa,
TL,FI,visa_free,90
TL,FJ,visa_required,
TL,FM,visa_free,30
TL,FR,visa_free,90
TL,GA,e_visa,
TL,GB,visa_required,
TL,GD,visa_required,
TL,GE,e_visa,
TL,GH,visa_on_arrival,
TL,GM,visa_free,90
TL,GN,e_visa,
TL,GQ,e_visa,
TL,GR,visa_free,90
TL,GT,visa_required,
TL,GW,visa_on_arrival,
TL,GY,visa_required,
TL,HK,visa_free,7
TL,HN,visa_required,
TL,HR,visa_free,90
TL,HT,visa_free,90
TL,HU,visa_free,90
TL,ID,visa_free,30
TL,IE,visa_required,
TL,IL,visa_required,
TL,IN,visa_required,
TL,IQ,e_visa,
TL,IR,visa_on_arrival,
TL,IS,visa_free,90
TL,IT,visa_free,90
TL,JM,visa_required,
TL,JO,visa_on_arrival,
TL,JP,visa_required,
TL,KE,eta,
TL,KG,e_visa,
TL,KH,visa_on_arrival,
TL,KI,visa_free,90
TL,KM,visa_on_arrival,
TL,KN,e_visa,
TL,KP,visa_required,
TL,KR,e_visa,
TL,KW,visa_required,
TL,KZ,visa_required,
TL,LA,visa_on_arrival,
TL,LB,visa_required,
TL,LC,visa_on_arrival,
TL,LI,visa_free,90
TL,LK,visa_on_arrival,
TL,LR,visa_required,
TL,LS,e_visa,
TL,LT,visa_free,90
TL,LU,visa_free,90
TL,LV,visa_free,90
TL,LY,e_visa,
TL,MA,visa_required,
TL,MC,visa_free,90
TL,MD,visa_free,90
TL,ME,visa_free,90
TL,MG,visa_on_arrival,
TL,MH,visa_on_arrival,
TL,MK,visa_required,
TL,ML,visa_required,
TL,MM,visa_required,
TL,MN,e_visa,
TL,MO,visa_on_arrival,
TL,MR,visa_on_arrival,
TL,MT,visa_free,90
TL,MU,visa_on_arrival,
TL,MV,visa_on_arrival,
TL,MW,visa_on_arrival,
TL,MX,visa_required,
TL,MY,visa_free,30
TL,MZ,visa_on_arrival,
TL,NA,visa_required,
TL,NE,visa_required,
TL,NG,e_visa,
TL,NI,visa_required,
TL,NL,visa_free,90
TL,NO,visa_free,90
TL,NP,visa_on_arrival,
TL,NR,visa_required,
TL,NZ,visa_required,
TL,OM,e_visa,
TL,PA,visa_required,
TL,PE,visa_required,
TL,PG,e_visa,
TL,PH,visa_required,
TL,PK,e_visa,
TL,PL,visa_free,90
TL,PS,visa_free,
TL,PT,visa_free,90
TL,PW,visa_on_arrival,
TL,PY,visa_required,
TL,QA,e_visa,
TL,RO,visa_free,90
TL,RS,visa_required,
TL,RU,visa_required,
TL,RW,visa_on_arrival,
TL,SA,visa_required,
TL,SB,visa_required,
TL,SC,visa_free,90
TL,SD,visa_required,
TL,SE,visa_free,90
TL,SG,visa_free,30
TL,SI,visa_free,90
TL,SK,visa_free,90
TL,SL,visa_on_arrival,
TL,SM,visa_free,90
TL,SN,visa_required,
TL,SO,e_visa,
TL,SR,visa_required,
TL,SS,e_visa,
TL,ST,visa_free,
TL,SV,e_visa,
TL,SY,e_visa,
TL,SZ,visa_free,30
TL,TD,visa_required,
TL,TG,e_visa,
TL,TH,visa_free,30
TL,TJ,e_visa,
TL,TM,visa_required,
TL,TN,visa_required,
TL,TO,visa_required,
TL,TR,e_visa,
TL,TT,visa_required,
TL,TV,visa_on_arrival,
TL,TW,visa_required,
TL,TZ,visa_on_arrival,
TL,UA,visa_required,
TL,UG,e_visa,
TL,US,visa_required,
TL,UY,visa_required,
TL,UZ,visa_required,
TL,VA,visa_free,90
TL,VC,visa_free,90
TL,VE,visa_required,
TL,VN,e_visa,
TL,VU,visa_required,
TL,WS,visa_on_arrival,
TL,XK,visa_free,90
TL,YE,visa_required,
TL,ZA,visa_required,
TL,ZM,e_visa,
TL,ZW,e_visa,
TM,AD,visa_required,
TM,AE,e_visa,
TM,AF,visa_required,
TM,AG,visa_free,180
TM,AL,e_visa,
TM,AM,e_visa,
TM,AO,visa_required,
TM,AR,visa_required,
TM,AT,visa_required,
TM,AU,e_visa,
TM,AZ,e_visa,
TM,BA,visa_required,
TM,BB,visa_free,28
TM,BD,visa_on_arrival,
TM,BE,visa_required,
TM,BF,e_visa,
TM,BG,visa_required,
TM,BH,e_visa,
TM,BI,visa_on_arrival,
TM,BJ,e_visa,
TM,BN,visa_required,
TM,BO,visa_on_arrival,
TM,BR,visa_required,
TM,BS,e_visa,
TM,BT,e_visa,
TM,BW,e_visa,
TM,BY,visa_required,
TM,BZ,visa_required,
TM,CA,visa_required,
TM,CD,e_visa,
TM,CF,visa_required,
TM,CG,visa_required,
TM,CH,visa_required,
TM,CI,eta,
TM,CL,visa_required,
TM,CM,e_visa,
TM,CN,e_visa,
TM,CO,e_visa,
TM,CR,visa_required,
TM,CU,e_visa,
TM,CV,visa_on_arrival,
TM,CY,visa_required,
TM,CZ,visa_required,
TM,DE,visa_required,
TM,DJ,visa_on_arrival,
TM,DK,visa_required,
TM,DM,visa_free,21
TM,DO,visa_required,
TM,DZ,visa_required,
TM,EC,visa_free,90
TM,EE,visa_required,
TM,EG,visa_required,
TM,ER,visa_required,
TM,ES,visa_required,
TM,ET,e_visa,
TM,FI,visa_required,
TM,FJ,visa_required,
TM,FM,visa_free,30
TM,FR,visa_required,
TM,GA,e_visa,
TM,GB,visa_required,
TM,GD,visa_free,
TM,GE,visa_free,360
TM,GH,visa_on_arrival,
TM,GM,visa_free,90
TM,GN,e_visa,
TM,GQ,e_visa,
TM,GR,visa_required,
TM,GT,visa_required,
TM,GW,visa_on_arrival,
TM,GY,visa_required,
TM,HK,e_visa,
TM,HN,visa_required,
TM,HR,visa_required,
TM,HT,visa_free,90
TM,HU,visa_required,
TM,ID,e_visa,
TM,IE,visa_required,
TM,IL,visa_required,
TM,IN,visa_required,
TM,IQ,e_visa,
TM,IR,visa_on_arrival,
TM,IS,visa_required,
TM,IT,visa_required,
TM,JM,visa_on_arrival,
TM,JO,visa_on_arrival,
TM,JP,visa_required,
TM,KE,eta,
TM,KG,e_visa,
TM,KH,visa_on_arrival,
TM,KI,visa_required,
TM,KM,visa_on_arrival,
TM,KN,e_visa,
TM,KP,visa_required,
TM,KR,e_visa,
TM,KW,visa_required,
TM,KZ,e_visa,
TM,LA,visa_on_arrival,
TM,LB,visa_on_arrival,
TM,LC,visa_required,
TM,LI,visa_required,
TM,LK,visa_on_arrival,
TM,LR,visa_required,
TM,LS,e_visa,
TM,LT,visa_required,
TM,LU,visa_required,
TM,LV,visa_required,
TM,LY,e_visa,
TM,MA,visa_required,
TM,MC,visa_required,
TM,MD,e_visa,
TM,ME,visa_required,
TM,MG,visa_on_arrival,
TM,MH,visa_on_arrival,
TM,MK,visa_required,
TM,ML,visa_required,
TM,MM,visa_required,
TM,MN,visa_required,
TM,MO,visa_on_arrival,
TM,MR,visa_on_arrival,
TM,MT,visa_required,
TM,MU,visa_on_arrival,
TM,MV,visa_on_arrival,
TM,MW,e_visa,
TM,MX,visa_required,
TM,MY,visa_free,90
TM,MZ,visa_on_arrival,
TM,NA,visa_free,90
TM,NE,visa_required,
TM,NG,e_visa,
TM,NI,visa_on_arrival,
TM,NL,visa_required,
TM,NO,visa_required,
TM,NP,visa_on_arrival,
TM,NR,visa_required,
TM,NZ,visa_required,
TM,OM,e_visa,
TM,PA,visa_required,
TM,PE,visa_required,
TM,PG,e_visa,
TM,PH,visa_free,30
TM,PK,e_visa,
TM,PL,visa_required,
TM,PS,visa_free,
TM,PT,visa_required,
TM,PW,visa_on_arrival,
TM,PY,visa_required,
TM,QA,e_visa,
TM,RO,visa_required,
TM,RS,visa_required,
TM,RU,e_visa,
TM,RW,visa_on_arrival,
TM,SA,visa_required,
TM,SB,visa_required,
TM,SC,visa_free,90
TM,SD,visa_required,
TM,SE,visa_required,
TM,SG,e_visa,
TM,SI,visa_required,
TM,SK,visa_required,
TM,SL,visa_on_arrival,
TM,SM,visa_required,
TM,SN,visa_required,
TM,SO,e_visa,
TM,SR,visa_required,
TM,SS,e_visa,
TM,ST,e_visa,
TM,SV,e_visa,
TM,SY,visa_on_arrival,
TM,SZ,visa_required,
TM,TD,visa_required,
TM,TG,e_visa,
TM,TH,visa_required,
TM,TJ,visa_on_arrival,
TM,TL,visa_on_arrival,
TM,TN,visa_required,
TM,TO,visa_required,
TM,TR,visa_required,
TM,TT,visa_required,
TM,TV,visa_on_arrival,
TM,TW,visa_required,
TM,TZ,e_visa,
TM,UA,visa_required,
TM,UG,e_visa,
TM,US,visa_required,
TM,UY,visa_required,
TM,UZ,visa_required,
TM,VA,visa_required,
TM,VC,visa_free,90
TM,VE,visa_required,
TM,VN,e_visa,
TM,VU,visa_required,
TM,WS,visa_on_arrival,
TM,XK,visa_required,
TM,YE,visa_required,
TM,ZA,visa_required,
TM,ZM,e_visa,
TM,ZW,visa_on_arrival,
TN,AD,visa_required,
TN,AE,e_visa,
TN,AF,visa_required,
TN,AG,e_visa,
TN,AL,e_visa,
TN,AM,e_visa,
TN,AO,visa_required,
TN,AR,visa_required,
TN,AT,visa_required,
TN,AU,e_visa,
TN,AZ,visa_required,
TN,BA,visa_required,
TN,BB,visa_free,180
TN,BD,visa_required,
TN,BE,visa_required,
TN,BF,visa_on_arrival,
TN,BG,visa_required,
TN,BH,e_visa,
TN,BI,visa_on_arrival,
TN,BJ,visa_free,90
TN,BN,visa_required,
TN,BO,visa_on_arrival,
TN,BR,visa_free,90
TN,BS,e_visa,
TN,BT,e_visa,
TN,BW,e_visa,
TN,BY,visa_required,
TN,BZ,visa_free,
TN,CA,visa_required,
TN,CD,e_visa,
TN,CF,visa_required,
TN,CG,visa_required,
TN,CH,visa_required,
TN,CI,visa_free,90
TN,CL,visa_required,
TN,CM,e_visa,
TN,CN,visa_required,
TN,CO,e_visa,
TN,CR,visa_required,
TN,CU,e_visa,
TN,CV,visa_on_arrival,
TN,CY,visa_required,
TN,CZ,visa_required,
TN,DE,visa_required,
TN,DJ,visa_on_arrival,
TN,DK,visa_required,
TN,DM,visa_free,21
TN,DO,visa_required,
TN,DZ,visa_free,90
TN,EC,visa_free,90
TN,EE,visa_required,
TN,EG,visa_required,
TN,ER,visa_required,
TN,ES,visa_required,
TN,ET,visa_on_arrival,
TN,FI,visa_required,
TN,FJ,visa_free,120
TN,FM,visa_free,30
TN,FR,visa_required,
TN,GA,visa_free,
TN,GB,visa_required,
TN,GD,visa_required,
TN,GE,e_visa,
TN,GH,visa_on_arrival,
TN,GM,visa_free,90
TN,GN,visa_free,
TN,GQ,visa_free,30
TN,GR,visa_required,
TN,GT,visa_required,
TN,GW,visa_on_arrival,
TN,GY,visa_required,
TN,HK,visa_free,30
TN,HN,visa_required,
TN,HR,visa_required,
TN,HT,visa_free,90
TN,HU,visa_required,
TN,ID,visa_on_arrival,
TN,IE,visa_required,
TN,IL,visa_required,
TN,IN,visa_required,
TN,IQ,e_visa,
TN,IR,visa_free,15
TN,IS,visa_required,
TN,IT,visa_required,
TN,JM,visa_required,
TN,JO,visa_on_arrival,
TN,JP,visa_free,90
TN,KE,eta,
TN,KG,e_visa,
TN,KH,visa_on_arrival,
TN,KI,visa_required,
TN,KM,visa_on_arrival,
TN,KN,e_visa,
TN,KP,visa_required,
TN,KR,eta,
TN,KW,visa_required,
TN,KZ,e_visa,
TN,LA,visa_on_arrival,
TN,LB,visa_on_arrival,
TN,LC,visa_required,
TN,LI,visa_required,
TN,LK,visa_on_arrival,
TN,LR,visa_required,
TN,LS,e_visa,
TN,LT,visa_required,
TN,LU,visa_required,
TN,LV,visa_required,
TN,LY,visa_free,
TN,MA,visa_free,90
TN,MC,visa_required,
TN,MD,e_visa,
TN,ME,visa_required,
TN,MG,visa_on_arrival,
TN,MH,visa_required,
TN,MK,visa_required,
TN,ML,visa_free,90
TN,MM,visa_required,
TN,MN,visa_required,
TN,MO,visa_on_arrival,
TN,MR,visa_free,90
TN,MT,visa_required,
TN,MU,visa_free,90
TN,MV,visa_on_arrival,
TN,MW,e_visa,
TN,MX,visa_required,
TN,MY,visa_free,90
TN,MZ,visa_on_arrival,
TN,NA,visa_on_arrival,
TN,NE,visa_free,90
TN,NG,visa_on_arrival,
TN,NI,visa_on_arrival,
TN,NL,visa_required,
TN,NO,visa_required,
TN,NP,visa_on_arrival,
TN,NR,visa_required,
TN,NZ,visa_required,
TN,OM,e_visa,
TN,PA,visa_required,
TN,PE,visa_required,
TN,PG,e_visa,
TN,PH,visa_free,30
TN,PK,eta,
TN,PL,visa_required,
TN,PS,visa_free,
TN,PT,visa_required,
TN,PW,visa_on_arrival,
TN,PY,visa_required,
TN,QA,e_visa,
TN,RO,visa_required,
TN,RS,visa_required,
TN,RU,visa_required,
TN,RW,visa_free,30
TN,SA,visa_required,
TN,SB,visa_required,
TN,SC,visa_free,90
TN,SD,visa_required,
TN,SE,visa_required,
TN,SG,e_visa,
TN,SI,visa_required,
TN,SK,visa_required,
TN,SL,e_visa,
TN,SM,visa_required,
TN,SN,visa_free,90
TN,SO,visa_on_arrival,
TN,SR,visa_free,90
TN,SS,e_visa,
TN,ST,e_visa,
TN,SV,e_visa,
TN,SY,visa_free,
TN,SZ,visa_required,
TN,TD,visa_required,
TN,TG,e_visa,
TN,TH,visa_on_arrival,
TN,TJ,visa_on_arrival,
TN,TL,visa_on_arrival,
TN,TM,visa_required,
TN,TO,visa_required,
TN,TR,visa_free,90
TN,TT,visa_required,
TN,TV,visa_on_arrival,
TN,TW,visa_required,
TN,TZ,visa_on_arrival,
TN,UA,visa_required,
TN,UG,e_visa,
TN,US,visa_required,
TN,UY,visa_required,
TN,UZ,e_visa,
TN,VA,visa_required,
TN,VC,visa_free,90
TN,VE,visa_required,
TN,VN,e_visa,
TN,VU,visa_free,120
TN,WS,visa_on_arrival,
TN,XK,visa_required,
TN,YE,visa_required,
TN,ZA,visa_free,90
TN,ZM,e_visa,
TN,ZW,e_visa,
TO,AD,visa_free,90
TO,AE,e_visa,
TO,AF,visa_required,
TO,AG,e_visa,
TO,AL,e_visa,
TO,AM,e_visa,
TO,AO,visa_free,30
TO,AR,visa_required,
TO,AT,visa_free,90
TO,AU,e_visa,
TO,AZ,visa_required,
TO,BA,visa_free,90
TO,BB,visa_free,180
TO,BD,visa_free,90
TO,BE,visa_free,90
TO,BF,e_visa,
TO,BG,visa_free,90
TO,BH,e_visa,
TO,BI,visa_on_arrival,
TO,BJ,e_visa,
TO,BN,visa_required,
TO,BO,visa_on_arrival,
TO,BR,visa_required,
TO,BS,visa_free,90
TO,BT,e_visa,
TO,BW,visa_free,90
TO,BY,visa_required,
TO,BZ,visa_free,
TO,CA,visa_required,
TO,CD,e_visa,
TO,CF,visa_required,
TO,CG,visa_required,
TO,CH,visa_free,90
TO,CI,eta,
TO,CL,visa_free,90
TO,CM,e_visa,
TO,CN,visa_free,30
TO,CO,e_visa,
TO,CR,visa_free,30
TO,CU,e_visa,
TO,CV,visa_on_arrival,
TO,CY,visa_free,90
TO,CZ,visa_free,90
TO,DE,visa_free,90
TO,DJ,visa_on_arrival,
TO,DK,visa_free,90
TO,DM,visa_free,180
TO,DO,visa_free,
TO,DZ,visa_required,
TO,EC,visa_free,90
TO,EE,visa_free,90
TO,EG,visa_on_arrival,
TO,ER,visa_required,
TO,ES,visa_free,90
TO,ET,e_visa,
TO,FI,visa_free,90
TO,FJ,visa_free,120
TO,FM,visa_free,30
TO,FR,visa_free,90
TO,GA,e_visa,
TO,GB,eta,
TO,GD,visa_free,90
TO,GE,e_visa,
TO,GH,visa_on_arrival,
TO,GM,visa_free,90
TO,GN,e_visa,
TO,GQ,e_visa,
TO,GR,visa_free,90
TO,GT,visa_required,
TO,GW,visa_on_arrival,
TO,GY,visa_required,
TO,HK,visa_free,90
TO,HN,visa_required,
TO,HR,visa_free,90
TO,HT,visa_free,90
TO,HU,visa_free,90
TO,ID,e_visa,
TO,IE,visa_free,90
TO,IL,visa_free,90
TO,IN,e_visa,
TO,IQ,e_visa,
TO,IR,visa_on_arrival,
TO,IS,visa_free,90
TO,IT,visa_free,90
TO,JM,visa_free,
TO,JO,visa_on_arrival,
TO,JP,visa_required,
TO,KE,eta,
TO,KG,e_visa,
TO,KH,visa_on_arrival,
TO,KI,visa_free,90
TO,KM,visa_on_arrival,
TO,KN,visa_free,90
TO,KP,visa_required,
TO,KR,visa_free,30
TO,KW,visa_required,
TO,KZ,e_visa,
TO,LA,visa_required,
TO,LB,visa_required,
TO,LC,visa_free,42
TO,LI,visa_free,90
TO,LK,visa_on_arrival,
TO,LR,visa_required,
TO,LS,visa_free,90
TO,LT,visa_free,
TO,LU,visa_free,90
TO,LV,visa_free,90
TO,LY,e_visa,
TO,MA,visa_required,
TO,MC,visa_free,90
TO,MD,visa_free,90
TO,ME,visa_free,90
TO,MG,visa_on_arrival,
TO,MH,visa_on_arrival,
TO,MK,visa_required,
TO,ML,visa_required,
TO,MM,visa_required,
TO,MN,e_visa,
TO,MO,visa_on_arrival,
TO,MR,visa_on_arrival,
TO,MT,visa_free,90
TO,MU,visa_free,90
TO,MV,visa_on_arrival,
TO,MW,visa_free,30
TO,MX,visa_required,
TO,MY,visa_free,30
TO,MZ,visa_on_arrival,
TO,NA,visa_required,
TO,NE,visa_required,
TO,NG,e_visa,
TO,NI,visa_on_arrival,
TO,NL,visa_free,90
TO,NO,visa_free,90
TO,NP,visa_on_arrival,
TO,NR,visa_on_arrival,
TO,NZ,visa_required,
TO,OM,e_visa,
TO,PA,visa_free,90
TO,PE,visa_free,180
TO,PG,visa_on_arrival,
TO,PH,visa_required,
TO,PK,eta,
TO,PL,visa_free,90
TO,PS,visa_free,
TO,PT,visa_free,90
TO,PW,visa_on_arrival,
TO,PY,visa_required,
TO,QA,e_visa,
TO,RO,visa_free,90
TO,RS,visa_required,
TO,RU,e_visa,
TO,RW,visa_free,30
TO,SA,visa_required,
TO,SB,visa_on_arrival,
TO,SC,visa_free,90
TO,SD,visa_required,
TO,SE,visa_free,90
TO,SG,visa_free,30
TO,SI,visa_free,90
TO,SK,visa_free,90
TO,SL,visa_on_arrival,
TO,SM,visa_free,90
TO,SN,visa_required,
TO,SO,e_visa,
TO,SR,visa_required,
TO,SS,e_visa,
TO,ST,e_visa,
TO,SV,e_visa,
TO,SY,e_visa,
TO,SZ,visa_free,30
TO,TD,visa_required,
TO,TG,e_visa,
TO,TH,visa_free,60
TO,TJ,e_visa,
TO,TL,visa_on_arrival,
TO,TM,visa_required,
TO,TN,visa_required,
TO,TR,visa_required,
TO,TT,visa_free,
TO,TV,visa_on_arrival,
TO,TW,visa_required,
TO,TZ,visa_free,90
TO,UA,visa_required,
TO,UG,visa_free,90
TO,US,visa_required,
TO,UY,visa_required,
TO,UZ,e_visa,
TO,VA,visa_free,90
TO,VC,visa_free,90
TO,VE,visa_required,
TO,VN,e_visa,
TO,VU,visa_free,120
TO,WS,visa_on_arrival,
TO,XK,visa_free,90
TO,YE,visa_required,
TO,ZA,visa_required,
TO,ZM,visa_free,90
TO,ZW,visa_free,90
TR,AD,visa_required,
TR,AE,e_visa,
TR,AF,visa_required,
TR,AG,visa_free,180
TR,AL,visa_free,
TR,AM,visa_on_arrival,
TR,AO,visa_free,30
TR,AR,visa_free,90
TR,AT,visa_required,
TR,AU,e_visa,
TR,AZ,visa_free,90
TR,BA,visa_free,90
TR,BB,visa_free,180
TR,BD,visa_on_arrival,
TR,BE,visa_required,
TR,BF,visa_on_arrival,
TR,BG,visa_required,
TR,BH,e_visa,
TR,BI,visa_on_arrival,
TR,BJ,e_visa,
TR,BN,visa_free,30
TR,BO,visa_free,90
TR,BR,visa_free,90
TR,BS,visa_free,240
TR,BT,e_visa,
TR,BW,visa_free,90
TR,BY,visa_free,30
TR,BZ,visa_free,90
TR,CA,visa_required,
TR,CD,e_visa,
TR,CF,visa_required,
TR,CG,visa_required,
TR,CH,visa_required,
TR,CI,eta,
TR,CL,visa_free,90
TR,CM,e_visa,
TR,CN,visa_required,
TR,CO,visa_free,90
TR,CR,visa_free,30
TR,CU,e_visa,
TR,CV,visa_on_arrival,
TR,CY,visa_required,
TR,CZ,visa_required,
TR,DE,visa_required,
TR,DJ,visa_on_arrival,
TR,DK,visa_required,
TR,DM,visa_free,21
TR,DO,visa_free,
TR,DZ,visa_required,
TR,EC,visa_free,90
TR,EE,visa_required,
TR,EG,visa_on_arrival,
TR,ER,visa_required,
TR,ES,visa_required,
TR,ET,visa_on_arrival,
TR,FI,visa_required,
TR,FJ,visa_free,120
TR,FM,visa_free,30
TR,FR,visa_required,
TR,GA,e_visa,
TR,GB,visa_required,
TR,GD,visa_required,
TR,GE,visa_free,360
TR,GH,visa_on_arrival,
TR,GM,visa_free,90
TR,GN,e_visa,
TR,GQ,visa_free,90
TR,GR,visa_required,
TR,GT,visa_free,90
TR,GW,visa_on_arrival,
TR,GY,visa_required,
TR,HK,visa_free,90
TR,HN,visa_free,90
TR,HR,visa_required,
TR,HT,visa_free,90
TR,HU,visa_required,
TR,ID,visa_on_arrival,
TR,IE,visa_required,
TR,IL,visa_required,
TR,IN,visa_required,
TR,IQ,e_visa,
TR,IR,visa_free,90
TR,IS,visa_required,
TR,IT,visa_required,
TR,JM,visa_free,90
TR,JO,visa_free,90
TR,JP,visa_free,90
TR,KE,eta,
TR,KG,visa_free,90
TR,KH,visa_on_arrival,
TR,KI,visa_required,
TR,KM,visa_on_arrival,
TR,KN,visa_free,90
TR,KP,visa_required,
TR,KR,eta,
TR,KW,visa_on_arrival,
TR,KZ,visa_free,30
TR,LA,visa_on_arrival,
TR,LB,visa_on_arrival,
TR,LC,visa_free,42
TR,LI,visa_required,
TR,LK,visa_on_arrival,
TR,LR,visa_required,
TR,LS,e_visa,
TR,LT,visa_required,
TR,LU,visa_required,
TR,LV,visa_required,
TR,LY,e_visa,
TR,MA,visa_free,90
TR,MC,visa_required,
TR,MD,visa_free,90
TR,ME,visa_free,90
TR,MG,visa_on_arrival,
TR,MH,visa_on_arrival,
TR,MK,visa_free,90
TR,ML,visa_required,
TR,MM,e_visa,
TR,MN,visa_free,30
TR,MO,visa_free,30
TR,MR,visa_on_arrival,
TR,MT,visa_required,
TR,MU,visa_free,90
TR,MV,visa_on_arrival,
TR,MW,e_visa,
TR,MX,eta,
TR,MY,visa_free,90
TR,MZ,visa_on_arrival,
TR,NA,visa_on_arrival,
TR,NE,visa_required,
TR,NG,e_visa,
TR,NI,visa_free,90
TR,NL,visa_required,
TR,NO,visa_required,
TR,NP,visa_on_arrival,
TR,NR,visa_required,
TR,NZ,visa_required,
TR,OM,visa_on_arrival,
TR,PA,visa_free,90
TR,PE,visa_free,180
TR,PG,e_visa,
TR,PH,visa_free,30
TR,PK,eta,
TR,PL,visa_required,
TR,PS,visa_free,
TR,PT,visa_required,
TR,PW,visa_on_arrival,
TR,PY,visa_free,90
TR,QA,visa_on_arrival,
TR,RO,visa_required,
TR,RS,visa_free,90
TR,RU,e_visa,
TR,RW,visa_on_arrival,
TR,SA,visa_on_arrival,
TR,SB,visa_required,
TR,SC,visa_free,90
TR,SD,visa_on_arrival,
TR,SE,visa_required,
TR,SG,visa_free,30
TR,SI,visa_required,
TR,SK,visa_required,
TR,SL,visa_on_arrival,
TR,SM,visa_required,
TR,SN,visa_on_arrival,
TR,SO,visa_on_arrival,
TR,SR,visa_required,
TR,SS,e_visa,
TR,ST,visa_free,15
TR,SV,visa_free,180
TR,SY,visa_free,90
TR,SZ,visa_free,30
TR,TD,visa_required,
TR,TG,e_visa,
TR,TH,visa_free,60
TR,TJ,e_visa,
TR,TL,visa_on_arrival,
TR,TM,visa_required,
TR,TN,visa_free,90
TR,TO,visa_on_arrival,
TR,TT,visa_free,90
TR,TV,visa_on_arrival,
TR,TW,visa_on_arrival,
TR,TZ,visa_on_arrival,
TR,UA,visa_free,90
TR,UG,e_visa,
TR,US,visa_required,
TR,UY,visa_free,90
TR,UZ,visa_free,30
TR,VA,visa_required,
TR,VC,visa_free,90
TR,VE,visa_free,90
TR,VN,e_visa,
TR,VU,visa_free,120
TR,WS,visa_on_arrival,
TR,XK,visa_free,90
TR,YE,visa_required,
TR,ZA,visa_free,30
TR,ZM,visa_on_arrival,
TR,ZW,visa_on_arrival,
TT,AD,visa_free,90
TT,AE,e_visa,
TT,AF,visa_required,
TT,AG,visa_free,180
TT,AL,visa_free,90
TT,AM,e_visa,
TT,AO,visa_free,30
TT,AR,visa_free,90
TT,AT,visa_free,90
TT,AU,e_visa,
TT,AZ,e_visa,
TT,BA,visa_free,90
TT,BB,visa_free,180
TT,BD,visa_on_arrival,
TT,BE,visa_free,90
TT,BF,e_visa,
TT,BG,visa_free,90
TT,BH,e_visa,
TT,BI,visa_on_arrival,
TT,BJ,e_visa,
TT,BN,visa_required,
TT,BO,visa_on_arrival,
TT,BR,visa_free,90
TT,BS,visa_free,90
TT,BT,e_visa,
TT,BW,visa_free,90
TT,BY,visa_required,
TT,BZ,visa_free,
TT,CA,visa_required,
TT,CD,e_visa,
TT,CF,visa_required,
TT,CG,visa_required,
TT,CH,visa_free,90
TT,CI,eta,
TT,CL,visa_free,90
TT,CM,e_visa,
TT,CN,visa_required,
TT,CO,visa_free,90
TT,CR,visa_free,180
TT,CU,e_visa,
TT,CV,visa_on_arrival,
TT,CY,visa_free,90
TT,CZ,visa_free,90
TT,DE,visa_free,90
TT,DJ,visa_on_arrival,
TT,DK,visa_free,90
TT,DM,visa_free,180
TT,DO,visa_free,
TT,DZ,visa_required,
TT,EC,visa_free,90
TT,EE,visa_free,90
TT,EG,visa_on_arrival,
TT,ER,visa_required,
TT,ES,visa_free,90
TT,ET,e_visa,
TT,FI,visa_free,90
TT,FJ,visa_free,120
TT,FM,visa_free,30
TT,FR,visa_free,90
TT,GA,e_visa,
TT,GB,eta,
TT,GD,visa_free,90
TT,GE,e_visa,
TT,GH,visa_free,60
TT,GM,visa_free,90
TT,GN,e_visa,
TT,GQ,e_visa,
TT,GR,visa_free,90
TT,GT,visa_free,90
TT,GW,visa_on_arrival,
TT,GY,visa_free,180
TT,HK,visa_free,90
TT,HN,visa_free,90
TT,HR,visa_free,90
TT,HT,visa_free,90
TT,HU,visa_free,90
TT,ID,e_visa,
TT,IE,visa_free,90
TT,IL,visa_free,90
TT,IN,e_visa,
TT,IQ,e_visa,
TT,IR,visa_on_arrival,
TT,IS,visa_free,90
TT,IT,visa_free,90
TT,JM,visa_free,
TT,JO,visa_on_arrival,
TT,JP,visa_required,
TT,KE,eta,
TT,KG,e_visa,
TT,KH,visa_on_arrival,
TT,KI,visa_free,90
TT,KM,visa_on_arrival,
TT,KN,visa_free,180
TT,KP,visa_required,
TT,KR,eta,
TT,KW,visa_required,
TT,KZ,e_visa,
TT,LA,visa_on_arrival,
TT,LB,visa_required,
TT,LC,visa_free,42
TT,LI,visa_free,90
TT,LK,visa_on_arrival,
TT,LR,visa_required,
TT,LS,visa_free,90
TT,LT,visa_free,
TT,LU,visa_free,90
TT,LV,visa_free,90
TT,LY,e_visa,
TT,MA,visa_required,
TT,MC,visa_free,90
TT,MD,visa_free,90
TT,ME,visa_free,90
TT,MG,visa_on_arrival,
TT,MH,visa_required,
TT,MK,visa_required,
TT,ML,visa_required,
TT,MM,visa_required,
TT,MN,e_visa,
TT,MO,visa_on_arrival,
TT,MR,visa_on_arrival,
TT,MT,visa_free,90
TT,MU,visa_free,90
TT,MV,visa_on_arrival,
TT,MW,visa_free,90
TT,MX,visa_free,180
TT,MY,visa_free,30
TT,MZ,visa_on_arrival,
TT,NA,visa_required,
TT,NE,visa_required,
TT,NG,e_visa,
TT,NI,visa_free,90
TT,NL,visa_free,90
TT,NO,visa_free,90
TT,NP,visa_on_arrival,
TT,NR,visa_required,
TT,NZ,visa_required,
TT,OM,e_visa,
TT,PA,visa_free,90
TT,PE,visa_free,180
TT,PG,eta,
TT,PH,visa_free,30
TT,PK,eta,
TT,PL,visa_free,90
TT,PS,visa_free,
TT,PT,visa_free,90
TT,PW,visa_on_arrival,
TT,PY,visa_required,
TT,QA,e_visa,
TT,RO,visa_free,90
TT,RS,visa_free,90
TT,RU,e_visa,
TT,RW,visa_free,30
TT,SA,visa_required,
TT,SB,visa_on_arrival,
TT,SC,visa_free,90
TT,SD,visa_required,
TT,SE,visa_free,90
TT,SG,visa_free,30
TT,SI,visa_free,90
TT,SK,visa_free,90
TT,SL,visa_on_arrival,
TT,SM,visa_free,90
TT,SN,visa_on_arrival,
TT,SO,e_visa,
TT,SR,visa_free,180
TT,SS,e_visa,
TT,ST,e_visa,
TT,SV,visa_free,180
TT,SY,visa_free,
TT,SZ,visa_free,30
TT,TD,visa_required,
TT,TG,e_visa,
TT,TH,visa_free,60
TT,TJ,e_visa,
TT,TL,visa_on_arrival,
TT,TM,visa_required,
TT,TN,visa_required,
TT,TO,visa_required,
TT,TR,visa_free,90
TT,TV,visa_on_arrival,
TT,TW,visa_required,
TT,TZ,visa_free,90
TT,UA,visa_required,
TT,UG,visa_free,90
TT,US,visa_required,
TT,UY,visa_free,90
TT,UZ,visa_free,30
TT,VA,visa_free,90
TT,VC,visa_free,180
TT,VE,visa_free,90
TT,VN,e_visa,
TT,VU,visa_free,120
TT,WS,visa_on_arrival,
TT,XK,visa_free,90
TT,YE,visa_required,
TT,ZA,visa_free,90
TT,ZM,visa_free,90
TT,ZW,visa_free,90
TV,AD,visa_free,90
TV,AE,e_visa,
TV,AF,visa_required,
TV,AG,visa_free,180
TV,AL,e_visa,
TV,AM,e_visa,
TV,AO,visa_free,30
TV,AR,visa_required,
TV,AT,visa_free,90
TV,AU,e_visa,
TV,AZ,visa_required,
TV,BA,visa_free,90
TV,BB,visa_free,180
TV,BD,visa_on_arrival,
TV,BE,visa_free,90
TV,BF,e_visa,
TV,BG,visa_free,90
TV,BH,e_visa,
TV,BI,visa_on_arrival,
TV,BJ,e_visa,
TV,BN,visa_required,
TV,BO,visa_on_arrival,
TV,BR,visa_required,
TV,BS,visa_free,90
TV,BT,e_visa,
TV,BW,visa_free,90
TV,BY,visa_required,
TV,BZ,visa_free,
TV,CA,visa_required,
TV,CD,e_visa,
TV,CF,visa_required,
TV,CG,visa_required,
TV,CH,visa_free,90
TV,CI,eta,
TV,CL,visa_required,
TV,CM,e_visa,
TV,CN,visa_required,
TV,CO,e_visa,
TV,CR,visa_free,30
TV,CU,e_visa,
TV,CV,visa_on_arrival,
TV,CY,visa_free,90
TV,CZ,visa_free,90
TV,DE,visa_free,90
TV,DJ,visa_on_arrival,
TV,DK,visa_free,90
TV,DM,visa_free,180
TV,DO,visa_free,
TV,DZ,visa_required,
TV,EC,visa_free,90
TV,EE,visa_free,90
TV,EG,visa_on_arrival,
TV,ER,visa_required,
TV,ES,visa_free,90
TV,ET,e_visa,
TV,FI,visa_free,90
TV,FJ,visa_free,120
TV,FM,visa_free,30
TV,FR,visa_free,
TV,GA,e_visa,
TV,GB,eta,
TV,GD,visa_free,90
TV,GE,e_visa,
TV,GH,visa_on_arrival,
TV,GM,visa_free,90
TV,GN,e_visa,
TV,GQ,e_visa,
TV,GR,visa_free,90
TV,GT,visa_free,90
TV,GW,visa_on_arrival,
TV,GY,visa_required,
TV,HK,visa_free,90
TV,HN,visa_free,90
TV,HR,visa_free,90
TV,HT,visa_free,90
TV,HU,visa_free,90
TV,ID,e_visa,
TV,IE,visa_free,90
TV,IL,visa_required,
TV,IN,e_visa,
TV,IQ,e_visa,
TV,IR,visa_on_arrival,
TV,IS,visa_free,90
TV,IT,visa_free,90
TV,JM,visa_free,
TV,JO,visa_on_arrival,
TV,JP,visa_required,
TV,KE,eta,
TV,KG,e_visa,
TV,KH,visa_on_arrival,
TV,KI,visa_free,90
TV,KM,visa_on_arrival,
TV,KN,visa_free,90
TV,KP,visa_required,
TV,KR,visa_free,30
TV,KW,visa_required,
TV,KZ,e_visa,
TV,LA,visa_on_arrival,
TV,LB,visa_required,
TV,LC,visa_free,42
TV,LI,visa_free,90
TV,LK,visa_on_arrival,
TV,LR,visa_required,
TV,LS,visa_free,90
TV,LT,visa_free,90
TV,LU,visa_free,90
TV,LV,visa_free,90
TV,LY,e_visa,
TV,MA,visa_required,
TV,MC,visa_free,90
TV,MD,visa_free,90
TV,ME,visa_free,90
TV,MG,visa_on_arrival,
TV,MH,visa_on_arrival,
TV,MK,visa_required,
TV,ML,visa_required,
TV,MM,visa_required,
TV,MN,e_visa,
TV,MO,visa_on_arrival,
TV,MR,visa_on_arrival,
TV,MT,visa_free,90
TV,MU,visa_free,90
TV,MV,visa_on_arrival,
TV,MW,visa_free,90
TV,MX,visa_required,
TV,MY,visa_free,30
TV,MZ,visa_on_arrival,
TV,NA,visa_required,
TV,NE,visa_required,
TV,NG,e_visa,
TV,NI,visa_free,90
TV,NL,visa_free,90
TV,NO,visa_free,90
TV,NP,visa_on_arrival,
TV,NR,visa_on_arrival,
TV,NZ,visa_required,
TV,OM,e_visa,
TV,PA,visa_free,90
TV,PE,visa_free,180
TV,PG,visa_on_arrival,
TV,PH,visa_free,30
TV,PK,e_visa,
TV,PL,visa_free,90
TV,PS,visa_free,
TV,PT,visa_free,90
TV,PW,visa_on_arrival,
TV,PY,visa_required,
TV,QA,e_visa,
TV,RO,visa_free,90
TV,RS,visa_required,
TV,RU,visa_required,
TV,RW,e_visa,
TV,SA,visa_required,
TV,SB,visa_on_arrival,
TV,SC,visa_free,90
TV,SD,visa_required,
TV,SE,visa_free,90
TV,SG,visa_free,30
TV,SI,visa_free,90
TV,SK,visa_free,90
TV,SL,visa_on_arrival,
TV,SM,visa_free,90
TV,SN,visa_on_arrival,
TV,SO,e_visa,
TV,SR,visa_required,
TV,SS,e_visa,
TV,ST,e_visa,
TV,SV,visa_free,180
TV,SY,e_visa,
TV,SZ,visa_free,30
TV,TD,visa_required,
TV,TG,e_visa,
TV,TH,e_visa,
TV,TJ,e_visa,
TV,TL,visa_on_arrival,
TV,TM,visa_required,
TV,TN,visa_required,
TV,TO,visa_on_arrival,
TV,TR,visa_required,
TV,TT,visa_free,
TV,TW,visa_free,90
TV,TZ,visa_free,90
TV,UA,visa_required,
TV,UG,e_visa,
TV,US,visa_required,
TV,UY,visa_required,
TV,UZ,visa_required,
TV,VA,visa_free,90
TV,VC,visa_free,90
TV,VE,visa_required,
TV,VN,e_visa,
TV,VU,visa_free,120
TV,WS,visa_on_arrival,
TV,XK,visa_free,90
TV,YE,visa_required,
TV,ZA,visa_required,
TV,ZM,visa_free,90
TV,ZW,visa_free,90
TW,AD,visa_free,90
TW,AE,e_visa,
TW,AF,visa_required,
TW,AG,visa_free,30
TW,AL,visa_free,90
TW,AM,e_visa,
TW,AO,visa_required,
TW,AR,visa_required,
TW,AT,visa_free,90
TW,AU,eta,
TW,AZ,visa_required,
TW,BA,visa_free,90
TW,BB,visa_required,
TW,BD,visa_on_arrival,
TW,BE,visa_free,90
TW,BF,visa_on_arrival,
TW,BG,visa_free,90
TW,BH,e_visa,
TW,BI,visa_on_arrival,
TW,BJ,e_visa,
TW,BN,visa_on_arrival,
TW,BO,visa_on_arrival,
TW,BR,visa_required,
TW,BS,e_visa,
TW,BT,e_visa,
TW,BW,e_visa,
TW,BY,visa_required,
TW,BZ,visa_free,90
TW,CA,eta,
TW,CD,e_visa,
TW,CF,visa_required,
TW,CG,visa_required,
TW,CH,visa_free,90
TW,CI,eta,
TW,CL,visa_free,90
TW,CM,e_visa,
TW,CN,visa_free,
TW,CO,e_visa,
TW,CR,visa_free,30
TW,CU,e_visa,
TW,CV,visa_on_arrival,
TW,CY,visa_free,90
TW,CZ,visa_free,90
TW,DE,visa_free,90
TW,DJ,visa_on_arrival,
TW,DK,visa_free,90
TW,DM,visa_free,180
TW,DO,visa_free,
TW,DZ,visa_required,
TW,EC,e_visa,
TW,EE,visa_free,90
TW,EG,visa_on_arrival,
TW,ER,visa_required,
TW,ES,visa_free,90
TW,ET,visa_on_arrival,
TW,FI,visa_free,90
TW,FJ,visa_free,120
TW,FM,visa_free,30
TW,FR,visa_free,90
TW,GA,e_visa,
TW,GB,eta,
TW,GD,visa_required,
TW,GE,no_admission,
TW,GH,visa_on_arrival,
TW,GM,visa_free,90
TW,GN,e_visa,
TW,GQ,e_visa,
TW,GR,visa_free,90
TW,GT,visa_free,90
TW,GW,visa_on_arrival,
TW,GY,visa_required,
TW,HK,visa_free,30
TW,HN,visa_free,90
TW,HR,visa_free,90
TW,HT,visa_free,90
TW,HU,visa_free,90
TW,ID,visa_on_arrival,
TW,IE,visa_free,90
TW,IL,visa_free,90
TW,IN,e_visa,
TW,IQ,e_visa,
TW,IR,visa_on_arrival,
TW,IS,visa_free,90
TW,IT,visa_free,90
TW,JM,visa_required,
TW,JO,visa_on_arrival,
TW,JP,visa_free,90
TW,KE,eta,
TW,KG,e_visa,
TW,KH,visa_on_arrival,
TW,KI,visa_required,
TW,KM,visa_on_arrival,
TW,KN,visa_free,90
TW,KP,visa_required,
TW,KR,visa_free,90
TW,KW,visa_required,
TW,KZ,visa_required,
TW,LA,visa_on_arrival,
TW,LB,visa_required,
TW,LC,visa_free,42
TW,LI,visa_free,90
TW,LK,visa_on_arrival,
TW,LR,visa_required,
TW,LS,e_visa,
TW,LT,visa_free,90
TW,LU,visa_free,90
TW,LV,visa_free,90
TW,LY,e_visa,
TW,MA,visa_required,
TW,MC,visa_free,90
TW,MD,e_visa,
TW,ME,visa_free,90
TW,MG,visa_on_arrival,
TW,MH,visa_free,90
TW,MK,visa_free,90
TW,ML,visa_required,
TW,MM,e_visa,
TW,MN,e_visa,
TW,MO,visa_free,
TW,MR,visa_on_arrival,
TW,MT,visa_free,90
TW,MU,visa_on_arrival,
TW,MV,visa_on_arrival,
TW,MW,visa_on_arrival,
TW,MX,visa_required,
TW,MY,visa_free,30
TW,MZ,visa_on_arrival,
TW,NA,visa_required,
TW,NE,visa_required,
TW,NG,e_visa,
TW,NI,visa_free,90
TW,NL,visa_free,90
TW,NO,visa_free,90
TW,NP,visa_on_arrival,
TW,NR,visa_required,
TW,NZ,eta,
TW,OM,visa_on_arrival,
TW,PA,visa_free,90
TW,PE,visa_free,180
TW,PG,eta,
TW,PH,visa_required,
TW,PK,visa_required,
TW,PL,visa_free,90
TW,PS,visa_free,
TW,PT,visa_free,90
TW,PW,visa_free,90
TW,PY,visa_free,90
TW,QA,visa_on_arrival,
TW,RO,visa_free,90
TW,RS,visa_required,
TW,RU,e_visa,
TW,RW,visa_on_arrival,
TW,SA,visa_on_arrival,
TW,SB,visa_on_arrival,
TW,SC,visa_free,90
TW,SD,visa_required,
TW,SE,visa_free,90
TW,SG,visa_free,30
TW,SI,visa_free,90
TW,SK,visa_free,90
TW,SL,e_visa,
TW,SM,visa_free,90
TW,SN,visa_required,
TW,SO,visa_on_arrival,
TW,SR,visa_required,
TW,SS,e_visa,
TW,ST,e_visa,
TW,SV,e_visa,
TW,SY,e_visa,
TW,SZ,visa_free,30
TW,TD,visa_required,
TW,TG,e_visa,
TW,TH,visa_free,60
TW,TJ,e_visa,
TW,TL,visa_on_arrival,
TW,TM,visa_required,
TW,TN,visa_required,
TW,TO,visa_required,
TW,TR,e_visa,
TW,TT,visa_required,
TW,TV,visa_free,90
TW,TZ,visa_on_arrival,
TW,UA,visa_required,
TW,UG,e_visa,
TW,US,eta,
TW,UY,visa_required,
TW,UZ,visa_required,
TW,VA,visa_free,90
TW,VC,visa_free,90
TW,VE,visa_required,
TW,VN,e_visa,
TW,VU,visa_free,120
TW,WS,visa_on_arrival,
TW,XK,visa_free,90
TW,YE,visa_required,
TW,ZA,visa_required,
TW,ZM,e_visa,
TW,ZW,e_visa,
TZ,AD,visa_required,
TZ,AE,e_visa,
TZ,AF,visa_required,
TZ,AG,visa_free,180
TZ,AL,e_visa,
TZ,AM,visa_required,
TZ,AO,visa_free,30
TZ,AR,visa_required,
TZ,AT,visa_required,
TZ,AU,e_visa,
TZ,AZ,visa_required,
TZ,BA,visa_required,
TZ,BB,visa_free,180
TZ,BD,visa_free,90
TZ,BE,visa_required,
TZ,BF,e_visa,
TZ,BG,visa_required,
TZ,BH,e_visa,
TZ,BI,visa_free,90
TZ,BJ,visa_free,90
TZ,BN,visa_required,
TZ,BO,visa_on_arrival,
TZ,BR,visa_required,
TZ,BS,visa_free,90
TZ,BT,e_visa,
TZ,BW,visa_free,90
TZ,BY,visa_required,
TZ,BZ,visa_free,
TZ,CA,visa_required,
TZ,CD,visa_on_arrival,
TZ,CF,visa_required,
TZ,CG,visa_required,
TZ,CH,visa_required,
TZ,CI,eta,
TZ,CL,visa_required,
TZ,CM,e_visa,
TZ,CN,visa_required,
TZ,CO,e_visa,
TZ,CR,visa_required,
TZ,CU,e_visa,
TZ,CV,visa_on_arrival,
TZ,CY,visa_required,
TZ,CZ,visa_required,
TZ,DE,visa_required,
TZ,DJ,visa_on_arrival,
TZ,DK,visa_required,
TZ,DM,visa_free,180
TZ,DO,visa_required,
TZ,DZ,visa_required,
TZ,EC,visa_free,90
TZ,EE,visa_required,
TZ,EG,visa_required,
TZ,ER,visa_required,
TZ,ES,visa_required,
TZ,ET,visa_on_arrival,
TZ,FI,visa_required,
TZ,FJ,visa_free,120
TZ,FM,visa_free,30
TZ,FR,visa_required,
TZ,GA,e_visa,
TZ,GB,visa_required,
TZ,GD,visa_free,90
TZ,GE,e_visa,
TZ,GH,visa_free,90
TZ,GM,visa_free,90
TZ,GN,e_visa,
TZ,GQ,e_visa,
TZ,GR,visa_required,
TZ,GT,visa_required,
TZ,GW,visa_on_arrival,
TZ,GY,visa_required,
TZ,HK,visa_free,90
TZ,HN,visa_required,
TZ,HR,visa_required,
TZ,HT,visa_free,90
TZ,HU,visa_required,
TZ,ID,visa_on_arrival,
TZ,IE,visa_required,
TZ,IL,visa_required,
TZ,IN,e_visa,
TZ,IQ,e_visa,
TZ,IR,visa_free,15
TZ,IS,visa_required,
TZ,IT,visa_required,
TZ,JM,visa_free,
TZ,JO,visa_required,
TZ,JP,visa_required,
TZ,KE,visa_free,
TZ,KG,e_visa,
TZ,KH,visa_on_arrival,
TZ,KI,visa_free,90
TZ,KM,visa_on_arrival,
TZ,KN,visa_free,90
TZ,KP,visa_required,
TZ,KR,e_visa,
TZ,KW,visa_required,
TZ,KZ,e_visa,
TZ,LA,visa_on_arrival,
TZ,LB,visa_required,
TZ,LC,visa_free,42
TZ,LI,visa_required,
TZ,LK,visa_on_arrival,
TZ,LR,visa_required,
TZ,LS,visa_free,90
TZ,LT,visa_required,
TZ,LU,visa_required,
TZ,LV,visa_required,
TZ,LY,e_visa,
TZ,MA,visa_required,
TZ,MC,visa_required,
TZ,MD,e_visa,
TZ,ME,visa_required,
TZ,MG,visa_on_arrival,
TZ,MH,visa_required,
TZ,MK,visa_required,
TZ,ML,visa_required,
TZ,MM,visa_required,
TZ,MN,e_visa,
TZ,MO,visa_free,90
TZ,MR,visa_on_arrival,
TZ,MT,visa_required,
TZ,MU,visa_free,90
TZ,MV,visa_on_arrival,
TZ,MW,visa_free,90
TZ,MX,visa_required,
TZ,MY,visa_free,30
TZ,MZ,visa_free,
TZ,NA,visa_free,90
TZ,NE,visa_required,
TZ,NG,visa_on_arrival,
TZ,NI,visa_on_arrival,
TZ,NL,visa_required,
TZ,NO,visa_required,
TZ,NP,visa_on_arrival,
TZ,NR,visa_required,
TZ,NZ,visa_required,
TZ,OM,e_visa,
TZ,PA,visa_required,
TZ,PE,visa_required,
TZ,PG,e_visa,
TZ,PH,visa_free,30
TZ,PK,eta,
TZ,PL,visa_required,
TZ,PS,visa_required,
TZ,PT,visa_required,
TZ,PW,visa_on_arrival,
TZ,PY,visa_required,
TZ,QA,e_visa,
TZ,RO,visa_required,
TZ,RS,visa_required,
TZ,RU,visa_required,
TZ,RW,visa_free,180
TZ,SA,visa_required,
TZ,SB,visa_required,
TZ,SC,visa_free,90
TZ,SD,visa_required,
TZ,SE,visa_required,
TZ,SG,visa_free,30
TZ,SI,visa_required,
TZ,SK,visa_required,
TZ,SL,visa_on_arrival,
TZ,SM,visa_required,
TZ,SN,visa_on_arrival,
TZ,SO,e_visa,
TZ,SR,visa_required,
TZ,SS,visa_free,
TZ,ST,e_visa,
TZ,SV,e_visa,
TZ,SY,e_visa,
TZ,SZ,visa_free,30
TZ,TD,visa_required,
TZ,TG,e_visa,
TZ,TH,visa_required,
TZ,TJ,e_visa,
TZ,TL,visa_on_arrival,
TZ,TM,visa_required,
TZ,TN,visa_required,
TZ,TO,visa_required,
TZ,TR,visa_required,
TZ,TT,visa_required,
TZ,TV,visa_on_arrival,
TZ,TW,visa_required,
TZ,UA,visa_required,
TZ,UG,visa_free,90
TZ,US,visa_required,
TZ,UY,visa_required,
TZ,UZ,visa_required,
TZ,VA,visa_required,
TZ,VC,visa_free,90
TZ,VE,visa_required,
TZ,VN,e_visa,
TZ,VU,visa_free,120
TZ,WS,visa_on_arrival,
TZ,XK,visa_required,
TZ,YE,visa_required,
TZ,ZA,visa_free,90
TZ,ZM,visa_free,90
TZ,ZW,visa_free,90
UA,AD,visa_free,90
UA,AE,visa_free,30
UA,AF,visa_required,
UA,AG,visa_free,180
UA,AL,visa_free,90
UA,AM,visa_free,
UA,AO,visa_required,
UA,AR,visa_free,90
UA,AT,visa_free,90
UA,AU,e_visa,
UA,AZ,visa_free,90
UA,BA,visa_free,30
UA,BB,visa_free,28
UA,BD,visa_on_arrival,
UA,BE,visa_free,90
UA,BF,e_visa,
UA,BG,visa_free,90
UA,BH,visa_on_arrival,
UA,BI,visa_on_arrival,
UA,BJ,e_visa,
UA,BN,visa_free,30
UA,BO,visa_on_arrival,
UA,BR,visa_free,90
UA,BS,e_visa,
UA,BT,e_visa,
UA,BW,e_visa,
UA,BY,visa_free,
UA,BZ,visa_required,
UA,CA,visa_required,
UA,CD,e_visa,
UA,CF,visa_required,
UA,CG,visa_required,
UA,CH,visa_free,90
UA,CI,eta,
UA,CL,visa_free,90
UA,CM,e_visa,
UA,CN,visa_required,
UA,CO,visa_free,90
UA,CR,visa_free,180
UA,CU,e_visa,
UA,CV,visa_on_arrival,
UA,CY,visa_free,90
UA,CZ,visa_free,90
UA,DE,visa_free,90
UA,DJ,visa_on_arrival,
UA,DK,visa_free,90
UA,DM,visa_free,90
UA,DO,visa_free,
UA,DZ,visa_required,
UA,EC,visa_free,90
UA,EE,visa_free,90
UA,EG,visa_on_arrival,
UA,ER,visa_required,
UA,ES,visa_free,90
UA,ET,visa_on_arrival,
UA,FI,visa_free,90
UA,FJ,visa_free,120
UA,FM,visa_free,30
UA,FR,visa_free,90
UA,GA,e_visa,
UA,GB,visa_required,
UA,GD,visa_free,90
UA,GE,visa_free,360
UA,GH,visa_on_arrival,
UA,GM,visa_free,90
UA,GN,e_visa,
UA,GQ,e_visa,
UA,GR,visa_free,90
UA,GT,visa_free,90
UA,GW,visa_on_arrival,
UA,GY,visa_required,
UA,HK,visa_free,14
UA,HN,visa_free,90
UA,HR,visa_free,90
UA,HT,visa_free,90
UA,HU,visa_free,90
UA,ID,visa_on_arrival,
UA,IE,visa_free,90
UA,IL,visa_free,90
UA,IN,e_visa,
UA,IQ,e_visa,
UA,IR,visa_on_arrival,
UA,IS,visa_free,90
UA,IT,visa_free,90
UA,JM,visa_free,30
UA,JO,visa_on_arrival,
UA,JP,visa_required,
UA,KE,eta,
UA,KG,visa_free,90
UA,KH,visa_on_arrival,
UA,KI,visa_free,90
UA,KM,visa_on_arrival,
UA,KN,visa_free,90
UA,KP,visa_required,
UA,KR,e_visa,
UA,KW,visa_on_arrival,
UA,KZ,visa_free,90
UA,LA,visa_on_arrival,
UA,LB,visa_on_arrival,
UA,LC,visa_required,
UA,LI,visa_free,90
UA,LK,visa_on_arrival,
UA,LR,visa_required,
UA,LS,e_visa,
UA,LT,visa_free,90
UA,LU,visa_free,90
UA,LV,visa_free,90
UA,LY,e_visa,
UA,MA,visa_required,
UA,MC,visa_free,90
UA,MD,visa_free,90
UA,ME,visa_free,90
UA,MG,visa_on_arrival,
UA,MH,visa_on_arrival,
UA,MK,visa_free,90
UA,ML,visa_required,
UA,MM,e_visa,
UA,MN,visa_required,
UA,MO,visa_on_arrival,
UA,MR,visa_on_arrival,
UA,MT,visa_free,90
UA,MU,visa_free,90
UA,MV,visa_on_arrival,
UA,MW,e_visa,
UA,MX,eta,
UA,MY,visa_free,30
UA,MZ,visa_free,30
UA,NA,visa_free,90
UA,NE,visa_required,
UA,NG,e_visa,
UA,NI,visa_free,90
UA,NL,visa_free,90
UA,NO,visa_free,90
UA,NP,visa_on_arrival,
UA,NR,visa_required,
UA,NZ,visa_required,
UA,OM,visa_on_arrival,
UA,PA,visa_free,90
UA,PE,visa_free,180
UA,PG,e_visa,
UA,PH,visa_required,
UA,PK,e_visa,
UA,PL,visa_free,90
UA,PS,visa_free,
UA,PT,visa_free,90
UA,PW,visa_on_arrival,
UA,PY,visa_free,90
UA,QA,visa_on_arrival,
UA,RO,visa_free,90
UA,RS,visa_free,90
UA,RU,visa_free,90
UA,RW,visa_on_arrival,
UA,SA,visa_on_arrival,
UA,SB,visa_required,
UA,SC,visa_free,90
UA,SD,visa_required,
UA,SE,visa_free,90
UA,SG,e_visa,
UA,SI,visa_free,90
UA,SK,visa_free,90
UA,SL,visa_on_arrival,
UA,SM,visa_free,90
UA,SN,visa_on_arrival,
UA,SO,e_visa,
UA,SR,visa_required,
UA,SS,e_visa,
UA,ST,e_visa,
UA,SV,visa_free,180
UA,SY,e_visa,
UA,SZ,visa_free,30
UA,TD,visa_required,
UA,TG,e_visa,
UA,TH,visa_free,60
UA,TJ,visa_free,90
UA,TL,visa_on_arrival,
UA,TM,visa_required,
UA,TN,visa_free,90
UA,TO,visa_on_arrival,
UA,TR,visa_free,90
UA,TT,visa_required,
UA,TV,visa_on_arrival,
UA,TW,visa_required,
UA,TZ,visa_on_arrival,
UA,UG,e_visa,
UA,US,visa_required,
UA,UY,visa_free,90
UA,UZ,visa_free,
UA,VA,visa_free,90
UA,VC,visa_free,90
UA,VE,visa_required,
UA,VN,e_visa,
UA,VU,visa_free,120
UA,WS,visa_on_arrival,
UA,XK,visa_free,90
UA,YE,visa_required,
UA,ZA,visa_required,
UA,ZM,visa_on_arrival,
UA,ZW,visa_on_arrival,
UG,AD,visa_required,
UG,AE,e_visa,
UG,AF,visa_required,
UG,AG,visa_free,180
UG,AL,e_visa,
UG,AM,visa_required,
UG,AO,visa_required,
UG,AR,visa_required,
UG,AT,visa_required,
UG,AU,e_visa,
UG,AZ,visa_required,
UG,BA,visa_required,
UG,BB,visa_free,180
UG,BD,visa_on_arrival,
UG,BE,visa_required,
UG,BF,e_visa,
UG,BG,visa_required,
UG,BH,e_visa,
UG,BI,visa_free,90
UG,BJ,visa_free,90
UG,BN,visa_required,
UG,BO,visa_on_arrival,
UG,BR,visa_required,
UG,BS,visa_free,90
UG,BT,e_visa,
UG,BW,visa_free,90
UG,BY,visa_required,
UG,BZ,visa_free,
UG,CA,visa_required,
UG,CD,e_visa,
UG,CF,visa_required,
UG,CG,visa_required,
UG,CH,visa_required,
UG,CI,eta,
UG,CL,visa_required,
UG,CM,e_visa,
UG,CN,visa_required,
UG,CO,e_visa,
UG,CR,visa_required,
UG,CU,e_visa,
UG,CV,visa_on_arrival,
UG,CY,visa_required,
UG,CZ,visa_required,
UG,DE,visa_required,
UG,DJ,visa_on_arrival,
UG,DK,visa_required,
UG,DM,visa_free,180
UG,DO,visa_required,
UG,DZ,visa_required,
UG,EC,visa_free,90
UG,EE,visa_required,
UG,EG,visa_required,
UG,ER,visa_free,
UG,ES,visa_required,
UG,ET,visa_on_arrival,
UG,FI,visa_required,
UG,FJ,visa_free,120
UG,FM,visa_free,30
UG,FR,visa_required,
UG,GA,e_visa,
UG,GB,visa_required,
UG,GD,visa_free,90
UG,GE,e_visa,
UG,GH,visa_free,90
UG,GM,visa_free,90
UG,GN,e_visa,
UG,GQ,e_visa,
UG,GR,visa_required,
UG,GT,visa_required,
UG,GW,visa_on_arrival,
UG,GY,visa_required,
UG,HK,visa_free,30
UG,HN,visa_required,
UG,HR,visa_required,
UG,HT,visa_free,90
UG,HU,visa_required,
UG,ID,e_visa,
UG,IE,visa_required,
UG,IL,visa_required,
UG,IN,e_visa,
UG,IQ,e_visa,
UG,IR,visa_on_arrival,
UG,IS,visa_required,
UG,IT,visa_required,
UG,JM,visa_free,
UG,JO,visa_required,
UG,JP,visa_required,
UG,KE,visa_free,
UG,KG,e_visa,
UG,KH,visa_on_arrival,
UG,KI,visa_free,90
UG,KM,visa_on_arrival,
UG,KN,visa_free,90
UG,KP,visa_required,
UG,KR,e_visa,
UG,KW,visa_required,
UG,KZ,e_visa,
UG,LA,visa_on_arrival,
UG,LB,visa_required,
UG,LC,visa_on_arrival,
UG,LI,visa_required,
UG,LK,visa_on_arrival,
UG,LR,visa_required,
UG,LS,visa_free,90
UG,LT,visa_required,
UG,LU,visa_required,
UG,LV,visa_required,
UG,LY,e_visa,
UG,MA,visa_required,
UG,MC,visa_required,
UG,MD,e_visa,
UG,ME,visa_required,
UG,MG,visa_on_arrival,
UG,MH,visa_required,
UG,MK,visa_required,
UG,ML,visa_required,
UG,MM,e_visa,
UG,MN,e_visa,
UG,MO,visa_on_arrival,
UG,MR,visa_on_arrival,
UG,MT,visa_required,
UG,MU,visa_required,
UG,MV,visa_on_arrival,
UG,MW,visa_free,90
UG,MX,visa_required,
UG,MY,visa_free,30
UG,MZ,visa_on_arrival,
UG,NA,visa_on_arrival,
UG,NE,visa_required,
UG,NG,visa_on_arrival,
UG,NI,visa_on_arrival,
UG,NL,visa_required,
UG,NO,visa_required,
UG,NP,visa_on_arrival,
UG,NR,visa_required,
UG,NZ,visa_required,
UG,OM,e_visa,
UG,PA,visa_required,
UG,PE,visa_required,
UG,PG,e_visa,
UG,PH,visa_free,30
UG,PK,e_visa,
UG,PL,visa_required,
UG,PS,visa_required,
UG,PT,visa_required,
UG,PW,visa_on_arrival,
UG,PY,visa_required,
UG,QA,e_visa,
UG,RO,visa_required,
UG,RS,visa_required,
UG,RU,visa_required,
UG,RW,visa_free,180
UG,SA,visa_required,
UG,SB,visa_required,
UG,SC,visa_free,90
UG,SD,visa_required,
UG,SE,visa_required,
UG,SG,visa_free,30
UG,SI,visa_required,
UG,SK,visa_required,
UG,SL,visa_on_arrival,
UG,SM,visa_required,
UG,SN,visa_on_arrival,
UG,SO,visa_on_arrival,
UG,SR,visa_required,
UG,SS,visa_free,
UG,ST,e_visa,
UG,SV,e_visa,
UG,SY,e_visa,
UG,SZ,visa_free,30
UG,TD,visa_required,
UG,TG,e_visa,
UG,TH,visa_required,
UG,TJ,e_visa,
UG,TL,visa_on_arrival,
UG,TM,visa_required,
UG,TN,visa_required,
UG,TO,visa_required,
UG,TR,visa_required,
UG,TT,visa_required,
UG,TV,visa_on_arrival,
UG,TW,visa_required,
UG,TZ,visa_free,90
UG,UA,visa_required,
UG,US,visa_required,
UG,UY,visa_required,
UG,UZ,visa_required,
UG,VA,visa_required,
UG,VC,visa_free,90
UG,VE,visa_required,
UG,VN,e_visa,
UG,VU,visa_free,120
UG,WS,visa_on_arrival,
UG,XK,visa_required,
UG,YE,visa_required,
UG,ZA,e_visa,
UG,ZM,visa_free,90
UG,ZW,visa_free,90
US,AD,visa_free,90
US,AE,visa_free,30
US,AF,visa_required,
US,AG,visa_free,180
US,AL,visa_free,360
US,AM,visa_free,180
US,AO,visa_free,30
US,AR,visa_free,90
US,AT,visa_free,90
US,AU,eta,
US,AZ,e_visa,
US,BA,visa_free,90
US,BB,visa_free,180
US,BD,visa_on_arrival,
US,BE,visa_free,90
US,BF,visa_on_arrival,
US,BG,visa_free,90
US,BH,visa_on_arrival,
US,BI,visa_on_arrival,
US,BJ,e_visa,
US,BN,visa_free,90
US,BO,visa_on_arrival,
US,BR,visa_free,90
US,BS,visa_free,240
US,BT,e_visa,
US,BW,visa_free,90
US,BY,visa_required,
US,BZ,visa_free,180
US,CA,visa_free,180
US,CD,e_visa,
US,CF,visa_required,
US,CG,visa_required,
US,CH,visa_free,90
US,CI,eta,
US,CL,visa_free,90
US,CM,e_visa,
US,CN,e_visa,
US,CO,visa_free,
US,CR,visa_free,180
US,CU,e_visa,
US,CV,visa_free,30
US,CY,visa_free,90
US,CZ,visa_free,90
US,DE,visa_free,90
US,DJ,visa_on_arrival,
US,DK,visa_free,90
US,DM,visa_free,180
US,DO,visa_free,
US,DZ,visa_required,
US,EC,visa_free,90
US,EE,visa_free,90
US,EG,visa_on_arrival,
US,ER,visa_required,
US,ES,visa_free,90
US,ET,visa_on_arrival,
US,FI,visa_free,90
US,FJ,visa_free,120
US,FM,visa_free,30
US,FR,visa_free,90
US,GA,e_visa,
US,GB,eta,
US,GD,visa_free,90
US,GE,visa_free,360
US,GH,visa_on_arrival,
US,GM,visa_on_arrival,
US,GN,e_visa,
US,GQ,e_visa,
US,GR,visa_free,90
US,GT,visa_free,90
US,GW,visa_on_arrival,
US,GY,visa_free,90
US,HK,visa_free,90
US,HN,visa_free,90
US,HR,visa_free,90
US,HT,visa_free,90
US,HU,visa_free,90
US,ID,visa_on_arrival,
US,IE,visa_free,90
US,IL,visa_free,90
US,IN,e_visa,
US,IQ,visa_on_arrival,
US,IR,visa_required,
US,IS,visa_free,90
US,IT,visa_free,90
US,JM,visa_free,180
US,JO,visa_on_arrival,
US,JP,visa_free,90
US,KE,eta,
US,KG,visa_free,60
US,KH,visa_on_arrival,
US,KI,visa_free,90
US,KM,visa_on_arrival,
US,KN,visa_free,180
US,KP,visa_required,
US,KR,visa_free,90
US,KW,visa_on_arrival,
US,KZ,visa_free,30
US,LA,visa_on_arrival,
US,LB,visa_on_arrival,
US,LC,visa_free,42
US,LI,visa_free,90
US,LK,visa_on_arrival,
US,LR,visa_required,
US,LS,visa_free,
US,LT,visa_free,90
US,LU,visa_free,90
US,LV,visa_free,90
US,LY,e_visa,
US,MA,visa_free,90
US,MC,visa_free,90
US,MD,visa_free,90
US,ME,visa_free,90
US,MG,visa_on_arrival,
US,MH,visa_free,
US,MK,visa_free,90
US,ML,visa_required,
US,MM,e_visa,
US,MN,visa_free,90
US,MO,visa_free,30
US,MR,visa_on_arrival,
US,MT,visa_free,90
US,MU,visa_free,90
US,MV,visa_on_arrival,
US,MW,visa_free,30
US,MX,visa_free,180
US,MY,visa_free,
US,MZ,visa_free,30
US,NA,visa_free,90
US,NE,visa_required,
US,NG,e_visa,
US,NI,visa_free,90
US,NL,visa_free,90
US,NO,visa_free,90
US,NP,visa_on_arrival,
US,NR,visa_required,
US,NZ,eta,
US,OM,visa_on_arrival,
US,PA,visa_free,180
US,PE,visa_free,180
US,PG,eta,
US,PH,visa_free,30
US,PK,eta,
US,PL,visa_free,90
US,PS,visa_free,
US,PT,visa_free,90
US,PW,visa_free,360
US,PY,visa_free,90
US,QA,visa_free,90
US,RO,visa_free,90
US,RS,visa_free,90
US,RU,visa_required,
US,RW,visa_on_arrival,
US,SA,visa_on_arrival,
US,SB,visa_on_arrival,
US,SC,visa_free,90
US,SD,visa_required,
US,SE,visa_free,90
US,SG,visa_free,
US,SI,visa_free,90
US,SK,visa_free,90
US,SL,visa_on_arrival,
US,SM,visa_free,90
US,SN,visa_free,90
US,SO,visa_on_arrival,
US,SR,visa_required,
US,SS,e_visa,
US,ST,visa_free,15
US,SV,visa_free,180
US,SY,e_visa,
US,SZ,visa_free,30
US,TD,visa_required,
US,TG,e_visa,
US,TH,visa_free,60
US,TJ,visa_free,30
US,TL,visa_on_arrival,
US,TM,visa_required,
US,TN,visa_free,120
US,TO,visa_on_arrival,
US,TR,visa_free,
US,TT,visa_free,90
US,TV,visa_on_arrival,
US,TW,visa_free,90
US,TZ,visa_on_arrival,
US,UA,visa_free,90
US,UG,e_visa,
US,UY,visa_free,90
US,UZ,e_visa,
US,VA,visa_free,90
US,VC,visa_free,180
US,VE,visa_required,
US,VN,e_visa,
US,VU,visa_free,120
US,WS,visa_on_arrival,
US,XK,visa_free,90
US,YE,visa_required,
US,ZA,visa_free,90
US,ZM,visa_free,90
US,ZW,visa_on_arrival,
UY,AD,visa_free,90
UY,AE,visa_free,90
UY,AF,visa_required,
UY,AG,e_visa,
UY,AL,visa_free,90
UY,AM,visa_free,180
UY,AO,visa_free,30
UY,AR,visa_free,90
UY,AT,visa_free,90
UY,AU,e_visa,
UY,AZ,visa_required,
UY,BA,visa_free,90
UY,BB,visa_free,90
UY,BD,visa_on_arrival,
UY,BE,visa_free,90
UY,BF,e_visa,
UY,BG,visa_free,90
UY,BH,visa_on_arrival,
UY,BI,visa_on_arrival,
UY,BJ,e_visa,
UY,BN,visa_required,
UY,BO,visa_free,90
UY,BR,visa_free,90
UY,BS,visa_free,90
UY,BT,e_visa,
UY,BW,visa_free,90
UY,BY,visa_free,30
UY,BZ,visa_free,
UY,CA,visa_required,
UY,CD,e_visa,
UY,CF,visa_required,
UY,CG,visa_required,
UY,CH,visa_free,90
UY,CI,eta,
UY,CL,visa_free,90
UY,CM,e_visa,
UY,CN,visa_required,
UY,CO,visa_free,90
UY,CR,visa_free,180
UY,CU,e_visa,
UY,CV,visa_on_arrival,
UY,CY,visa_free,90
UY,CZ,visa_free,
UY,DE,visa_free,90
UY,DJ,visa_on_arrival,
UY,DK,visa_free,90
UY,DM,visa_free,21
UY,DO,visa_free,
UY,DZ,visa_required,
UY,EC,visa_free,90
UY,EE,visa_free,90
UY,EG,visa_on_arrival,
UY,ER,visa_required,
UY,ES,visa_free,90
UY,ET,e_visa,
UY,FI,visa_free,90
UY,FJ,visa_free,120
UY,FM,visa_free,30
UY,FR,visa_free,90
UY,GA,e_visa,
UY,GB,eta,
UY,GD,visa_free,90
UY,GE,visa_free,90
UY,GH,visa_on_arrival,
UY,GM,visa_required,
UY,GN,e_visa,
UY,GQ,e_visa,
UY,GR,visa_free,90
UY,GT,visa_free,90
UY,GW,visa_on_arrival,
UY,GY,visa_free,90
UY,HK,visa_free,90
UY,HN,visa_free,90
UY,HR,visa_free,90
UY,HT,visa_free,90
UY,HU,visa_free,90
UY,ID,e_visa,
UY,IE,visa_free,90
UY,IL,visa_free,90
UY,IN,e_visa,
UY,IQ,e_visa,
UY,IR,visa_on_arrival,
UY,IS,visa_free,90
UY,IT,visa_free,90
UY,JM,visa_free,30
UY,JO,visa_on_arrival,
UY,JP,visa_free,90
UY,KE,eta,
UY,KG,e_visa,
UY,KH,visa_on_arrival,
UY,KI,visa_free,90
UY,KM,visa_on_arrival,
UY,KN,visa_free,90
UY,KP,visa_required,
UY,KR,eta,
UY,KW,visa_required,
UY,KZ,e_visa,
UY,LA,visa_on_arrival,
UY,LB,visa_on_arrival,
UY,LC,visa_free,42
UY,LI,visa_free,90
UY,LK,visa_on_arrival,
UY,LR,visa_required,
UY,LS,e_visa,
UY,LT,visa_free,90
UY,LU,visa_free,90
UY,LV,visa_free,90
UY,LY,e_visa,
UY,MA,visa_required,
UY,MC,visa_free,90
UY,MD,visa_free,90
UY,ME,visa_free,90
UY,MG,visa_on_arrival,
UY,MH,visa_on_arrival,
UY,MK,visa_free,90
UY,ML,visa_required,
UY,MM,e_visa,
UY,MN,visa_free,30
UY,MO,visa_free,90
UY,MR,visa_on_arrival,
UY,MT,visa_free,90
UY,MU,visa_on_arrival,
UY,MV,visa_on_arrival,
UY,MW,visa_on_arrival,
UY,MX,visa_free,180
UY,MY,visa_free,90
UY,MZ,visa_on_arrival,
UY,NA,visa_on_arrival,
UY,NE,visa_required,
UY,NG,e_visa,
UY,NI,visa_free,90
UY,NL,visa_free,90
UY,NO,visa_free,90
UY,NP,visa_on_arrival,
UY,NR,visa_required,
UY,NZ,eta,
UY,OM,visa_on_arrival,
UY,PA,visa_free,90
UY,PE,visa_free,180
UY,PG,eta,
UY,PH,visa_free,30
UY,PK,e_visa,
UY,PL,visa_free,90
UY,PS,visa_free,
UY,PT,visa_free,90
UY,PW,visa_on_arrival,
UY,PY,visa_free,90
UY,QA,visa_on_arrival,
UY,RO,visa_free,90
UY,RS,visa_free,90
UY,RU,visa_free,90
UY,RW,visa_on_arrival,
UY,SA,visa_required,
UY,SB,visa_required,
UY,SC,visa_free,90
UY,SD,visa_required,
UY,SE,visa_free,90
UY,SG,visa_free,30
UY,SI,visa_free,90
UY,SK,visa_free,90
UY,SL,e_visa,
UY,SM,visa_free,90
UY,SN,visa_required,
UY,SO,e_visa,
UY,SR,visa_required,
UY,SS,e_visa,
UY,ST,e_visa,
UY,SV,visa_free,180
UY,SY,e_visa,
UY,SZ,visa_free,30
UY,TD,visa_required,
UY,TG,e_visa,
UY,TH,visa_free,60
UY,TJ,e_visa,
UY,TL,visa_on_arrival,
UY,TM,visa_required,
UY,TN,visa_required,
UY,TO,visa_required,
UY,TR,visa_free,90
UY,TT,visa_free,90
UY,TV,visa_on_arrival,
UY,TW,visa_required,
UY,TZ,visa_on_arrival,
UY,UA,visa_free,90
UY,UG,e_visa,
UY,US,visa_required,
UY,UZ,e_visa,
UY,VA,visa_free,90
UY,VC,visa_free,90
UY,VE,visa_free,90
UY,VN,e_visa,
UY,VU,visa_free,120
UY,WS,visa_on_arrival,
UY,XK,visa_free,90
UY,YE,visa_required,
UY,ZA,visa_free,90
UY,ZM,visa_on_arrival,
UY,ZW,visa_on_arrival,
UZ,AD,visa_required,
UZ,AE,visa_free,30
UZ,AF,visa_required,
UZ,AG,visa_free,180
UZ,AL,e_visa,
UZ,AM,visa_free,180
UZ,AO,visa_required,
UZ,AR,visa_required,
UZ,AT,visa_required,
UZ,AU,e_visa,
UZ,AZ,visa_free,90
UZ,BA,visa_required,
UZ,BB,visa_free,28
UZ,BD,visa_required,
UZ,BE,visa_required,
UZ,BF,e_visa,
UZ,BG,visa_required,
UZ,BH,e_visa,
UZ,BI,visa_on_arrival,
UZ,BJ,e_visa,
UZ,BN,visa_required,
UZ,BO,visa_on_arrival,
UZ,BR,visa_required,
UZ,BS,e_visa,
UZ,BT,e_visa,
UZ,BW,e_visa,
UZ,BY,visa_free,
UZ,BZ,visa_required,
UZ,CA,visa_required,
UZ,CD,e_visa,
UZ,CF,visa_required,
UZ,CG,visa_required,
UZ,CH,visa_required,
UZ,CI,eta,
UZ,CL,visa_required,
UZ,CM,e_visa,
UZ,CN,visa_required,
UZ,CO,e_visa,
UZ,CR,visa_required,
UZ,CU,visa_required,
UZ,CV,visa_on_arrival,
UZ,CY,visa_required,
UZ,CZ,visa_required,
UZ,DE,visa_required,
UZ,DJ,visa_on_arrival,
UZ,DK,visa_required,
UZ,DM,visa_free,21
UZ,DO,visa_required,
UZ,DZ,visa_required,
UZ,EC,e_visa,
UZ,EE,visa_required,
UZ,EG,visa_required,
UZ,ER,visa_required,
UZ,ES,visa_required,
UZ,ET,e_visa,
UZ,FI,visa_required,
UZ,FJ,visa_required,
UZ,FM,visa_free,30
UZ,FR,visa_required,
UZ,GA,e_visa,
UZ,GB,visa_required,
UZ,GD,visa_free,
UZ,GE,visa_free,360
UZ,GH,visa_on_arrival,
UZ,GM,visa_free,90
UZ,GN,e_visa,
UZ,GQ,e_visa,
UZ,GR,visa_required,
UZ,GT,visa_required,
UZ,GW,visa_on_arrival,
UZ,GY,visa_required,
UZ,HK,e_visa,
UZ,HN,visa_required,
UZ,HR,visa_required,
UZ,HT,visa_free,90
UZ,HU,visa_required,
UZ,ID,visa_on_arrival,
UZ,IE,visa_required,
UZ,IL,visa_required,
UZ,IN,e_visa,
UZ,IQ,e_visa,
UZ,IR,visa_free,15
UZ,IS,visa_required,
UZ,IT,visa_required,
UZ,JM,visa_on_arrival,
UZ,JO,visa_on_arrival,
UZ,JP,visa_required,
UZ,KE,eta,
UZ,KG,visa_free,60
UZ,KH,visa_on_arrival,
UZ,KI,visa_required,
UZ,KM,visa_on_arrival,
UZ,KN,e_visa,
UZ,KP,visa_required,
UZ,KR,e_visa,
UZ,KW,visa_required,
UZ,KZ,visa_free,30
UZ,LA,visa_on_arrival,
UZ,LB,visa_on_arrival,
UZ,LC,visa_required,
UZ,LI,visa_required,
UZ,LK,visa_on_arrival,
UZ,LR,visa_required,
UZ,LS,e_visa,
UZ,LT,visa_required,
UZ,LU,visa_required,
UZ,LV,visa_required,
UZ,LY,e_visa,
UZ,MA,visa_required,
UZ,MC,visa_required,
UZ,MD,visa_free,90
UZ,ME,visa_required,
UZ,MG,visa_on_arrival,
UZ,MH,visa_required,
UZ,MK,visa_required,
UZ,ML,visa_required,
UZ,MM,e_visa,
UZ,MN,visa_free,30
UZ,MO,visa_on_arrival,
UZ,MR,visa_on_arrival,
UZ,MT,visa_required,
UZ,MU,visa_on_arrival,
UZ,MV,visa_on_arrival,
UZ,MW,e_visa,
UZ,MX,visa_required,
UZ,MY,visa_free,30
UZ,MZ,visa_on_arrival,
UZ,NA,visa_free,90
UZ,NE,visa_required,
UZ,NG,e_visa,
UZ,NI,visa_on_arrival,
UZ,NL,visa_required,
UZ,NO,visa_required,
UZ,NP,visa_on_arrival,
UZ,NR,visa_required,
UZ,NZ,visa_required,
UZ,OM,visa_free,14
UZ,PA,visa_required,
UZ,PE,visa_required,
UZ,PG,e_visa,
UZ,PH,visa_free,30
UZ,PK,e_visa,
UZ,PL,visa_required,
UZ,PS,visa_free,
UZ,PT,visa_required,
UZ,PW,visa_on_arrival,
UZ,PY,visa_required,
UZ,QA,visa_on_arrival,
UZ,RO,visa_required,
UZ,RS,visa_required,
UZ,RU,visa_free,90
UZ,RW,visa_on_arrival,
UZ,SA,visa_on_arrival,
UZ,SB,visa_required,
UZ,SC,visa_free,90
UZ,SD,visa_required,
UZ,SE,visa_required,
UZ,SG,e_visa,
UZ,SI,visa_required,
UZ,SK,visa_required,
UZ,SL,visa_on_arrival,
UZ,SM,visa_required,
UZ,SN,visa_required,
UZ,SO,e_visa,
UZ,SR,visa_required,
UZ,SS,e_visa,
UZ,ST,e_visa,
UZ,SV,e_visa,
UZ,SY,visa_on_arrival,
UZ,SZ,visa_required,
UZ,TD,visa_required,
UZ,TG,e_visa,
UZ,TH,visa_free,60
UZ,TJ,visa_free,30
UZ,TL,visa_on_arrival,
UZ,TM,visa_required,
UZ,TN,visa_required,
UZ,TO,visa_required,
UZ,TR,visa_free,90
UZ,TT,visa_required,
UZ,TV,visa_on_arrival,
UZ,TW,visa_required,
UZ,TZ,e_visa,
UZ,UA,visa_free,
UZ,UG,e_visa,
UZ,US,visa_required,
UZ,UY,visa_required,
UZ,VA,visa_required,
UZ,VC,visa_free,90
UZ,VE,visa_required,
UZ,VN,e_visa,
UZ,VU,visa_required,
UZ,WS,visa_on_arrival,
UZ,XK,visa_required,
UZ,YE,visa_required,
UZ,ZA,visa_required,
UZ,ZM,e_visa,
UZ,ZW,visa_on_arrival,
VA,AD,visa_free,90
VA,AE,visa_free,30
VA,AF,visa_required,
VA,AG,visa_free,180
VA,AL,visa_free,90
VA,AM,visa_free,180
VA,AO,visa_free,30
VA,AR,visa_free,90
VA,AT,visa_free,90
VA,AU,eta,
VA,AZ,e_visa,
VA,BA,visa_free,90
VA,BB,visa_required,
VA,BD,visa_on_arrival,
VA,BE,visa_free,90
VA,BF,e_visa,
VA,BG,visa_free,90
VA,BH,visa_on_arrival,
VA,BI,visa_on_arrival,
VA,BJ,e_visa,
VA,BN,visa_required,
VA,BO,visa_free,90
VA,BR,visa_free,90
VA,BS,visa_free,90
VA,BT,e_visa,
VA,BW,visa_free,90
VA,BY,visa_free,30
VA,BZ,visa_free,
VA,CA,eta,
VA,CD,e_visa,
VA,CF,visa_required,
VA,CG,visa_required,
VA,CH,visa_free,90
VA,CI,eta,
VA,CL,visa_free,90
VA,CM,e_visa,
VA,CN,visa_required,
VA,CO,visa_free,90
VA,CR,visa_free,180
VA,CU,e_visa,
VA,CV,visa_free,30
VA,CY,visa_free,90
VA,CZ,visa_free,90
VA,DE,visa_free,90
VA,DJ,visa_on_arrival,
VA,DK,visa_free,90
VA,DM,visa_free,21
VA,DO,visa_free,
VA,DZ,visa_required,
VA,EC,visa_free,90
VA,EE,visa_free,90
VA,EG,visa_on_arrival,
VA,ER,visa_required,
VA,ES,visa_free,90
VA,ET,e_visa,
VA,FI,visa_free,90
VA,FJ,visa_free,120
VA,FM,visa_free,30
VA,FR,visa_free,90
VA,GA,e_visa,
VA,GB,visa_free,180
VA,GD,visa_free,90
VA,GE,visa_free,360
VA,GH,visa_on_arrival,
VA,GM,visa_free,90
VA,GN,e_visa,
VA,GQ,e_visa,
VA,GR,visa_free,90
VA,GT,visa_free,90
VA,GW,visa_on_arrival,
VA,GY,visa_required,
VA,HK,visa_free,14
VA,HN,visa_free,90
VA,HR,visa_free,90
VA,HT,visa_free,90
VA,HU,visa_free,90
VA,ID,visa_on_arrival,
VA,IE,visa_free,90
VA,IL,visa_free,90
VA,IN,e_visa,
VA,IQ,e_visa,
VA,IR,visa_on_arrival,
VA,IS,visa_free,90
VA,IT,visa_free,90
VA,JM,visa_required,
VA,JO,visa_on_arrival,
VA,JP,visa_required,
VA,KE,eta,
VA,KG,visa_free,60
VA,KH,visa_on_arrival,
VA,KI,visa_required,
VA,KM,visa_on_arrival,
VA,KN,visa_free,90
VA,KP,visa_required,
VA,KR,visa_free,30
VA,KW,visa_on_arrival,
VA,KZ,visa_free,30
VA,LA,visa_on_arrival,
VA,LB,visa_required,
VA,LC,visa_required,
VA,LI,visa_free,90
VA,LK,visa_on_arrival,
VA,LR,visa_required,
VA,LS,e_visa,
VA,LT,visa_free,90
VA,LU,visa_free,90
VA,LV,visa_free,90
VA,LY,e_visa,
VA,MA,visa_required,
VA,MC,visa_free,90
VA,MD,visa_free,90
VA,ME,visa_free,90
VA,MG,visa_on_arrival,
VA,MH,visa_on_arrival,
VA,MK,visa_free,90
VA,ML,visa_required,
VA,MM,visa_required,
VA,MN,e_visa,
VA,MO,visa_on_arrival,
VA,MR,visa_on_arrival,
VA,MT,visa_free,90
VA,MU,visa_free,90
VA,MV,visa_on_arrival,
VA,MW,visa_on_arrival,
VA,MX,visa_required,
VA,MY,visa_free,30
VA,MZ,visa_on_arrival,
VA,NA,visa_on_arrival,
VA,NE,visa_required,
VA,NG,e_visa,
VA,NI,visa_free,
VA,NL,visa_free,90
VA,NO,visa_free,90
VA,NP,visa_on_arrival,
VA,NR,visa_required,
VA,NZ,eta,
VA,OM,visa_on_arrival,
VA,PA,visa_free,90
VA,PE,visa_free,180
VA,PG,eta,
VA,PH,visa_free,30
VA,PK,e_visa,
VA,PL,visa_free,90
VA,PS,visa_free,
VA,PT,visa_free,90
VA,PW,visa_on_arrival,
VA,PY,visa_required,
VA,QA,visa_on_arrival,
VA,RO,visa_free,90
VA,RS,visa_free,90
VA,RU,e_visa,
VA,RW,visa_on_arrival,
VA,SA,visa_required,
VA,SB,visa_required,
VA,SC,visa_free,90
VA,SD,visa_required,
VA,SE,visa_free,90
VA,SG,visa_free,30
VA,SI,visa_free,90
VA,SK,visa_free,90
VA,SL,e_visa,
VA,SM,visa_free,90
VA,SN,visa_on_arrival,
VA,SO,e_visa,
VA,SR,visa_required,
VA,SS,e_visa,
VA,ST,visa_free,15
VA,SV,visa_free,180
VA,SY,e_visa,
VA,SZ,visa_free,30
VA,TD,visa_required,
VA,TG,e_visa,
VA,TH,e_visa,
VA,TJ,visa_free,30
VA,TL,visa_on_arrival,
VA,TM,visa_required,
VA,TN,visa_free,90
VA,TO,visa_required,
VA,TR,visa_free,90
VA,TT,visa_required,
VA,TV,visa_on_arrival,
VA,TW,visa_free,90
VA,TZ,visa_on_arrival,
VA,UA,visa_free,90
VA,UG,e_visa,
VA,US,visa_required,
VA,UY,visa_free,90
VA,UZ,visa_free,30
VA,VC,visa_free,90
VA,VE,visa_required,
VA,VN,e_visa,
VA,VU,visa_free,120
VA,WS,visa_on_arrival,
VA,XK,visa_free,90
VA,YE,visa_required,
VA,ZA,visa_required,
VA,ZM,e_visa,
VA,ZW,visa_on_arrival,
VC,AD,visa_free,90
VC,AE,visa_free,90
VC,AF,visa_required,
VC,AG,visa_free,
VC,AL,e_visa,
VC,AM,visa_on_arrival,
VC,AO,visa_free,30
VC,AR,visa_free,90
VC,AT,visa_free,90
VC,AU,e_visa,
VC,AZ,visa_required,
VC,BA,visa_free,90
VC,BB,visa_free,180
VC,BD,visa_on_arrival,
VC,BE,visa_free,90
VC,BF,e_visa,
VC,BG,visa_free,90
VC,BH,e_visa,
VC,BI,visa_on_arrival,
VC,BJ,e_visa,
VC,BN,visa_required,
VC,BO,visa_on_arrival,
VC,BR,visa_free,90
VC,BS,visa_free,90
VC,BT,e_visa,
VC,BW,visa_free,90
VC,BY,visa_free,30
VC,BZ,visa_free,
VC,CA,visa_required,
VC,CD,e_visa,
VC,CF,visa_required,
VC,CG,visa_required,
VC,CH,visa_free,90
VC,CI,eta,
VC,CL,visa_free,90
VC,CM,e_visa,
VC,CN,visa_required,
VC,CO,visa_free,90
VC,CR,visa_free,30
VC,CU,visa_free,60
VC,CV,visa_on_arrival,
VC,CY,visa_free,90
VC,CZ,visa_free,90
VC,DE,visa_free,90
VC,DJ,visa_on_arrival,
VC,DK,visa_free,90
VC,DM,visa_free,
VC,DO,visa_free,
VC,DZ,visa_required,
VC,EC,visa_free,90
VC,EE,visa_free,90
VC,EG,visa_on_arrival,
VC,ER,visa_required,
VC,ES,visa_free,90
VC,ET,e_visa,
VC,FI,visa_free,90
VC,FJ,visa_free,120
VC,FM,visa_free,30
VC,FR,visa_free,90
VC,GA,e_visa,
VC,GB,eta,
VC,GD,visa_free,
VC,GE,visa_free,360
VC,GH,visa_free,90
VC,GM,visa_free,90
VC,GN,e_visa,
VC,GQ,e_visa,
VC,GR,visa_free,90
VC,GT,visa_free,90
VC,GW,visa_on_arrival,
VC,GY,visa_free,180
VC,HK,visa_free,90
VC,HN,visa_free,90
VC,HR,visa_free,90
VC,HT,visa_free,90
VC,HU,visa_free,90
VC,ID,e_visa,
VC,IE,visa_free,90
VC,IL,visa_free,90
VC,IN,e_visa,
VC,IQ,e_visa,
VC,IR,visa_on_arrival,
VC,IS,visa_free,90
VC,IT,visa_free,90
VC,JM,visa_free,
VC,JO,visa_on_arrival,
VC,JP,visa_required,
VC,KE,eta,
VC,KG,e_visa,
VC,KH,visa_on_arrival,
VC,KI,visa_free,90
VC,KM,visa_on_arrival,
VC,KN,visa_free,
VC,KP,visa_required,
VC,KR,eta,
VC,KW,visa_required,
VC,KZ,e_visa,
VC,LA,visa_on_arrival,
VC,LB,visa_required,
VC,LC,visa_free,
VC,LI,visa_free,90
VC,LK,visa_on_arrival,
VC,LR,visa_required,
VC,LS,visa_free,90
VC,LT,visa_free,90
VC,LU,visa_free,90
VC,LV,visa_free,90
VC,LY,e_visa,
VC,MA,visa_required,
VC,MC,visa_free,90
VC,MD,visa_free,90
VC,ME,visa_free,90
VC,MG,visa_on_arrival,
VC,MH,visa_on_arrival,
VC,MK,visa_required,
VC,ML,visa_required,
VC,MM,visa_required,
VC,MN,e_visa,
VC,MO,visa_on_arrival,
VC,MR,visa_on_arrival,
VC,MT,visa_free,90
VC,MU,visa_free,90
VC,MV,visa_on_arrival,
VC,MW,visa_free,90
VC,MX,visa_required,
VC,MY,visa_free,30
VC,MZ,visa_on_arrival,
VC,NA,visa_required,
VC,NE,visa_required,
VC,NG,e_visa,
VC,NI,visa_free,90
VC,NL,visa_free,90
VC,NO,visa_free,90
VC,NP,visa_on_arrival,
VC,NR,visa_required,
VC,NZ,visa_required,
VC,OM,e_visa,
VC,PA,visa_free,90
VC,PE,visa_free,180
VC,PG,eta,
VC,PH,visa_free,30
VC,PK,e_visa,
VC,PL,visa_free,90
VC,PS,visa_free,
VC,PT,visa_free,90
VC,PW,visa_on_arrival,
VC,PY,visa_required,
VC,QA,e_visa,
VC,RO,visa_free,90
VC,RS,visa_free,30
VC,RU,visa_free,90
VC,RW,visa_free,30
VC,SA,visa_required,
VC,SB,visa_on_arrival,
VC,SC,visa_free,90
VC,SD,visa_required,
VC,SE,visa_free,90
VC,SG,visa_free,30
VC,SI,visa_free,90
VC,SK,visa_free,90
VC,SL,visa_on_arrival,
VC,SM,visa_free,90
VC,SN,visa_on_arrival,
VC,SO,e_visa,
VC,SR,visa_free,180
VC,SS,e_visa,
VC,ST,e_visa,
VC,SV,visa_free,180
VC,SY,visa_free,
VC,SZ,visa_required,
VC,TD,visa_required,
VC,TG,e_visa,
VC,TH,e_visa,
VC,TJ,visa_free,30
VC,TL,visa_on_arrival,
VC,TM,visa_required,
VC,TN,visa_required,
VC,TO,visa_on_arrival,
VC,TR,visa_on_arrival,
VC,TT,visa_free,
VC,TV,visa_on_arrival,
VC,TW,visa_free,30
VC,TZ,visa_free,90
VC,UA,visa_free,90
VC,UG,visa_free,90
VC,US,visa_required,
VC,UY,visa_free,90
VC,UZ,visa_free,30
VC,VA,visa_free,90
VC,VE,visa_free,90
VC,VN,e_visa,
VC,VU,visa_free,120
VC,WS,visa_on_arrival,
VC,XK,visa_free,90
VC,YE,visa_required,
VC,ZA,visa_free,90
VC,ZM,visa_free,90
VC,ZW,visa_free,90
VE,AD,visa_free,90
VE,AE,e_visa,
VE,AF,visa_required,
VE,AG,visa_free,180
VE,AL,visa_free,90
VE,AM,e_visa,
VE,AO,e_visa,
VE,AR,visa_free,90
VE,AT,visa_free,90
VE,AU,e_visa,
VE,AZ,visa_required,
VE,BA,visa_free,90
VE,BB,visa_free,28
VE,BD,visa_on_arrival,
VE,BE,visa_free,90
VE,BF,visa_on_arrival,
VE,BG,visa_free,90
VE,BH,visa_on_arrival,
VE,BI,visa_on_arrival,
VE,BJ,e_visa,
VE,BN,visa_required,
VE,BO,visa_free,90
VE,BR,visa_free,60
VE,BS,visa_free,90
VE,BT,e_visa,
VE,BW,visa_free,90
VE,BY,visa_free,90
VE,BZ,visa_required,
VE,CA,visa_required,
VE,CD,e_visa,
VE,CF,visa_required,
VE,CG,visa_required,
VE,CH,visa_free,90
VE,CI,eta,
VE,CL,visa_required,
VE,CM,e_visa,
VE,CN,visa_required,
VE,CO,visa_free,90
VE,CR,visa_required,
VE,CU,e_visa,
VE,CV,visa_on_arrival,
VE,CY,visa_free,90
VE,CZ,visa_free,90
VE,DE,visa_free,90
VE,DJ,visa_on_arrival,
VE,DK,visa_free,90
VE,DM,visa_free,180
VE,DO,visa_required,
VE,DZ,visa_required,
VE,EC,e_visa,
VE,EE,visa_free,90
VE,EG,visa_on_arrival,
VE,ER,visa_required,
VE,ES,visa_free,90
VE,ET,e_visa,
VE,FI,visa_free,90
VE,FJ,visa_free,120
VE,FM,visa_free,30
VE,FR,visa_free,90
VE,GA,e_visa,
VE,GB,visa_required,
VE,GD,visa_free,90
VE,GE,e_visa,
VE,GH,visa_on_arrival,
VE,GM,visa_free,90
VE,GN,e_visa,
VE,GQ,e_visa,
VE,GR,visa_free,90
VE,GT,visa_required,
VE,GW,visa_on_arrival,
VE,GY,visa_required,
VE,HK,visa_free,90
VE,HN,visa_required,
VE,HR,visa_free,90
VE,HT,visa_free,90
VE,HU,visa_free,90
VE,ID,visa_on_arrival,
VE,IE,visa_required,
VE,IL,visa_required,
VE,IN,e_visa,
VE,IQ,e_visa,
VE,IR,visa_free,15
VE,IS,visa_free,90
VE,IT,visa_free,90
VE,JM,visa_free,30
VE,JO,visa_on_arrival,
VE,JP,visa_required,
VE,KE,eta,
VE,KG,visa_on_arrival,
VE,KH,visa_on_arrival,
VE,KI,visa_free,90
VE,KM,visa_on_arrival,
VE,KN,visa_free,90
VE,KP,visa_required,
VE,KR,eta,
VE,KW,visa_required,
VE,KZ,e_visa,
VE,LA,visa_on_arrival,
VE,LB,visa_on_arrival,
VE,LC,visa_required,
VE,LI,visa_free,90
VE,LK,visa_on_arrival,
VE,LR,visa_required,
VE,LS,e_visa,
VE,LT,visa_free,90
VE,LU,visa_free,90
VE,LV,visa_free,90
VE,LY,e_visa,
VE,MA,visa_required,
VE,MC,visa_free,90
VE,MD,visa_free,90
VE,ME,visa_free,90
VE,MG,visa_on_arrival,
VE,MH,visa_required,
VE,MK,visa_free,90
VE,ML,visa_required,
VE,MM,e_visa,
VE,MN,e_visa,
VE,MO,visa_on_arrival,
VE,MR,visa_on_arrival,
VE,MT,visa_free,90
VE,MU,visa_on_arrival,
VE,MV,visa_on_arrival,
VE,MW,visa_on_arrival,
VE,MX,visa_required,
VE,MY,visa_free,30
VE,MZ,visa_on_arrival,
VE,NA,visa_on_arrival,
VE,NE,visa_required,
VE,NG,e_visa,
VE,NI,visa_required,
VE,NL,visa_free,90
VE,NO,visa_free,90
VE,NP,visa_on_arrival,
VE,NR,visa_required,
VE,NZ,visa_required,
VE,OM,visa_on_arrival,
VE,PA,visa_required,
VE,PE,visa_required,
VE,PG,e_visa,
VE,PH,visa_free,30
VE,PK,e_visa,
VE,PL,visa_free,90
VE,PS,visa_free,
VE,PT,visa_free,90
VE,PW,visa_on_arrival,
VE,PY,visa_free,90
VE,QA,visa_on_arrival,
VE,RO,visa_free,90
VE,RS,visa_required,
VE,RU,visa_free,90
VE,RW,visa_on_arrival,
VE,SA,visa_required,
VE,SB,visa_required,
VE,SC,visa_free,90
VE,SD,visa_required,
VE,SE,visa_free,90
VE,SG,visa_free,30
VE,SI,visa_free,90
VE,SK,visa_free,90
VE,SL,e_visa,
VE,SM,visa_free,90
VE,SN,visa_required,
VE,SO,e_visa,
VE,SR,e_visa,
VE,SS,e_visa,
VE,ST,e_visa,
VE,SV,e_visa,
VE,SY,e_visa,
VE,SZ,visa_required,
VE,TD,visa_required,
VE,TG,e_visa,
VE,TH,visa_on_arrival,
VE,TJ,visa_on_arrival,
VE,TL,visa_on_arrival,
VE,TM,visa_required,
VE,TN,visa_required,
VE,TO,visa_required,
VE,TR,visa_free,90
VE,TT,visa_required,
VE,TV,visa_on_arrival,
VE,TW,visa_required,
VE,TZ,visa_on_arrival,
VE,UA,visa_required,
VE,UG,e_visa,
VE,US,visa_required,
VE,UY,visa_free,90
VE,UZ,e_visa,
VE,VA,visa_free,90
VE,VC,visa_free,90
VE,VN,e_visa,
VE,VU,visa_required,
VE,WS,visa_on_arrival,
VE,XK,visa_free,90
VE,YE,visa_required,
VE,ZA,visa_free,90
VE,ZM,visa_on_arrival,
VE,ZW,visa_on_arrival,
VN,AD,visa_required,
VN,AE,e_visa,
VN,AF,visa_required,
VN,AG,e_visa,
VN,AL,e_visa,
VN,AM,e_visa,
VN,AO,visa_required,
VN,AR,visa_required,
VN,AT,visa_required,
VN,AU,e_visa,
VN,AZ,e_visa,
VN,BA,visa_required,
VN,BB,visa_free,90
VN,BD,visa_required,
VN,BE,visa_required,
VN,BF,e_visa,
VN,BG,visa_required,
VN,BH,e_visa,
VN,BI,visa_on_arrival,
VN,BJ,e_visa,
VN,BN,visa_free,14
VN,BO,visa_on_arrival,
VN,BR,visa_required,
VN,BS,e_visa,
VN,BT,e_visa,
VN,BW,e_visa,
VN,BY,visa_required,
VN,BZ,visa_required,
VN,CA,visa_required,
VN,CD,e_visa,
VN,CF,visa_required,
VN,CG,visa_required,
VN,CH,visa_required,
VN,CI,eta,
VN,CL,visa_free,90
VN,CM,e_visa,
VN,CN,visa_required,
VN,CO,e_visa,
VN,CR,visa_required,
VN,CU,e_visa,
VN,CV,visa_on_arrival,
VN,CY,visa_required,
VN,CZ,visa_required,
VN,DE,visa_required,
VN,DJ,visa_on_arrival,
VN,DK,visa_required,
VN,DM,visa_free,21
VN,DO,visa_required,
VN,DZ,visa_required,
VN,EC,e_visa,
VN,EE,visa_required,
VN,EG,visa_required,
VN,ER,visa_required,
VN,ES,visa_required,
VN,ET,e_visa,
VN,FI,visa_required,
VN,FJ,visa_required,
VN,FM,visa_free,30
VN,FR,visa_required,
VN,GA,e_visa,
VN,GB,visa_required,
VN,GD,visa_required,
VN,GE,e_visa,
VN,GH,visa_on_arrival,
VN,GM,visa_required,
VN,GN,e_visa,
VN,GQ,e_visa,
VN,GR,visa_required,
VN,GT,visa_required,
VN,GW,visa_on_arrival,
VN,GY,visa_required,
VN,HK,e_visa,
VN,HN,visa_required,
VN,HR,visa_required,
VN,HT,visa_free,90
VN,HU,visa_required,
VN,ID,visa_free,30
VN,IE,visa_required,
VN,IL,visa_required,
VN,IN,e_visa,
VN,IQ,e_visa,
VN,IR,visa_free,15
VN,IS,visa_required,
VN,IT,visa_required,
VN,JM,visa_required,
VN,JO,visa_required,
VN,JP,e_visa,
VN,KE,eta,
VN,KG,visa_free,60
VN,KH,visa_free,30
VN,KI,visa_required,
VN,KM,visa_on_arrival,
VN,KN,e_visa,
VN,KP,visa_required,
VN,KR,e_visa,
VN,KW,visa_required,
VN,KZ,visa_free,30
VN,LA,visa_free,30
VN,LB,visa_required,
VN,LC,visa_on_arrival,
VN,LI,visa_required,
VN,LK,visa_on_arrival,
VN,LR,visa_required,
VN,LS,e_visa,
VN,LT,visa_required,
VN,LU,visa_required,
VN,LV,visa_required,
VN,LY,e_visa,
VN,MA,visa_required,
VN,MC,visa_required,
VN,MD,e_visa,
VN,ME,visa_required,
VN,MG,visa_on_arrival,
VN,MH,visa_on_arrival,
VN,MK,visa_required,
VN,ML,visa_required,
VN,MM,visa_free,14
VN,MN,visa_free,30
VN,MO,visa_required,
VN,MR,visa_on_arrival,
VN,MT,visa_required,
VN,MU,visa_on_arrival,
VN,MV,visa_on_arrival,
VN,MW,visa_on_arrival,
VN,MX,visa_required,
VN,MY,visa_free,30
VN,MZ,visa_on_arrival,
VN,NA,visa_on_arrival,
VN,NE,visa_required,
VN,NG,e_visa,
VN,NI,visa_required,
VN,NL,visa_required,
VN,NO,visa_required,
VN,NP,visa_on_arrival,
VN,NR,visa_required,
VN,NZ,visa_required,
VN,OM,e_visa,
VN,PA,visa_free,90
VN,PE,visa_required,
VN,PG,eta,
VN,PH,visa_free,30
VN,PK,e_visa,
VN,PL,visa_required,
VN,PS,visa_free,
VN,PT,visa_required,
VN,PW,visa_on_arrival,
VN,PY,visa_required,
VN,QA,e_visa,
VN,RO,visa_required,
VN,RS,visa_required,
VN,RU,e_visa,
VN,RW,visa_free,30
VN,SA,visa_required,
VN,SB,visa_required,
VN,SC,visa_free,90
VN,SD,visa_required,
VN,SE,visa_required,
VN,SG,visa_free,30
VN,SI,visa_required,
VN,SK,visa_required,
VN,SL,visa_on_arrival,
VN,SM,visa_required,
VN,SN,visa_required,
VN,SO,e_visa,
VN,SR,visa_required,
VN,SS,e_visa,
VN,ST,e_visa,
VN,SV,e_visa,
VN,SY,e_visa,
VN,SZ,visa_required,
VN,TD,visa_required,
VN,TG,e_visa,
VN,TH,visa_free,60
VN,TJ,visa_on_arrival,
VN,TL,visa_on_arrival,
VN,TM,visa_required,
VN,TN,visa_required,
VN,TO,visa_required,
VN,TR,visa_required,
VN,TT,visa_required,
VN,TV,visa_on_arrival,
VN,TW,eta,
VN,TZ,visa_on_arrival,
VN,UA,visa_required,
VN,UG,e_visa,
VN,US,visa_required,
VN,UY,visa_required,
VN,UZ,e_visa,
VN,VA,visa_required,
VN,VC,visa_free,90
VN,VE,visa_required,
VN,VU,visa_required,
VN,WS,visa_on_arrival,
VN,XK,visa_required,
VN,YE,visa_required,
VN,ZA,visa_required,
VN,ZM,e_visa,
VN,ZW,e_visa,
VU,AD,visa_required,
VU,AE,e_visa,
VU,AF,visa_required,
VU,AG,visa_free,180
VU,AL,e_visa,
VU,AM,e_visa,
VU,AO,visa_free,30
VU,AR,visa_required,
VU,AT,visa_required,
VU,AU,e_visa,
VU,AZ,visa_required,
VU,BA,visa_free,90
VU,BB,visa_free,180
VU,BD,visa_on_arrival,
VU,BE,visa_required,
VU,BF,e_visa,
VU,BG,visa_required,
VU,BH,e_visa,
VU,BI,visa_on_arrival,
VU,BJ,e_visa,
VU,BN,visa_required,
VU,BO,visa_on_arrival,
VU,BR,visa_required,
VU,BS,visa_free,90
VU,BT,e_visa,
VU,BW,visa_free,90
VU,BY,visa_free,30
VU,BZ,visa_free,
VU,CA,visa_required,
VU,CD,e_visa,
VU,CF,visa_required,
VU,CG,visa_required,
VU,CH,visa_required,
VU,CI,eta,
VU,CL,visa_required,
VU,CM,e_visa,
VU,CN,visa_required,
VU,CO,e_visa,
VU,CR,visa_free,30
VU,CU,e_visa,
VU,CV,visa_on_arrival,
VU,CY,visa_required,
VU,CZ,visa_required,
VU,DE,visa_required,
VU,DJ,visa_on_arrival,
VU,DK,visa_required,
VU,DM,visa_free,180
VU,DO,visa_free,
VU,DZ,visa_required,
VU,EC,visa_free,90
VU,EE,visa_required,
VU,EG,visa_on_arrival,
VU,ER,visa_required,
VU,ES,visa_required,
VU,ET,e_visa,
VU,FI,visa_required,
VU,FJ,visa_free,120
VU,FM,visa_free,30
VU,FR,visa_required,
VU,GA,e_visa,
VU,GB,visa_required,
VU,GD,visa_free,90
VU,GE,e_visa,
VU,GH,visa_on_arrival,
VU,GM,visa_free,90
VU,GN,e_visa,
VU,GQ,e_visa,
VU,GR,visa_required,
VU,GT,visa_free,90
VU,GW,visa_on_arrival,
VU,GY,visa_required,
VU,HK,visa_free,90
VU,HN,visa_free,90
VU,HR,visa_required,
VU,HT,visa_free,90
VU,HU,visa_required,
VU,ID,e_visa,
VU,IE,visa_required,
VU,IL,visa_free,90
VU,IN,e_visa,
VU,IQ,e_visa,
VU,IR,visa_on_arrival,
VU,IS,visa_required,
VU,IT,visa_required,
VU,JM,visa_free,
VU,JO,visa_on_arrival,
VU,JP,visa_required,
VU,KE,eta,
VU,KG,e_visa,
VU,KH,visa_on_arrival,
VU,KI,visa_free,90
VU,KM,visa_on_arrival,
VU,KN,visa_free,90
VU,KP,visa_required,
VU,KR,e_visa,
VU,KW,visa_required,
VU,KZ,e_visa,
VU,LA,visa_on_arrival,
VU,LB,visa_required,
VU,LC,visa_free,42
VU,LI,visa_required,
VU,LK,visa_on_arrival,
VU,LR,visa_required,
VU,LS,visa_free,90
VU,LT,visa_required,
VU,LU,visa_required,
VU,LV,visa_required,
VU,LY,e_visa,
VU,MA,visa_required,
VU,MC,visa_required,
VU,MD,visa_free,90
VU,ME,visa_free,90
VU,MG,visa_on_arrival,
VU,MH,visa_on_arrival,
VU,MK,visa_required,
VU,ML,visa_required,
VU,MM,visa_required,
VU,MN,e_visa,
VU,MO,visa_on_arrival,
VU,MR,visa_on_arrival,
VU,MT,visa_required,
VU,MU,visa_free,90
VU,MV,visa_on_arrival,
VU,MW,visa_on_arrival,
VU,MX,visa_required,
VU,MY,visa_free,30
VU,MZ,visa_on_arrival,
VU,NA,visa_required,
VU,NE,visa_required,
VU,NG,e_visa,
VU,NI,visa_free,90
VU,NL,visa_required,
VU,NO,visa_required,
VU,NP,visa_on_arrival,
VU,NR,visa_on_arrival,
VU,NZ,visa_required,
VU,OM,e_visa,
VU,PA,visa_free,90
VU,PE,visa_free,180
VU,PG,eta,
VU,PH,visa_free,30
VU,PK,e_visa,
VU,PL,visa_required,
VU,PS,visa_free,
VU,PT,visa_required,
VU,PW,visa_on_arrival,
VU,PY,visa_required,
VU,QA,e_visa,
VU,RO,visa_required,
VU,RS,visa_required,
VU,RU,visa_free,90
VU,RW,visa_free,30
VU,SA,visa_required,
VU,SB,visa_on_arrival,
VU,SC,visa_free,90
VU,SD,visa_required,
VU,SE,visa_required,
VU,SG,visa_free,30
VU,SI,visa_required,
VU,SK,visa_required,
VU,SL,visa_on_arrival,
VU,SM,visa_required,
VU,SN,visa_on_arrival,
VU,SO,e_visa,
VU,SR,visa_required,
VU,SS,e_visa,
VU,ST,e_visa,
VU,SV,visa_free,180
VU,SY,e_visa,
VU,SZ,visa_free,30
VU,TD,visa_required,
VU,TG,e_visa,
VU,TH,visa_on_arrival,
VU,TJ,e_visa,
VU,TL,visa_on_arrival,
VU,TM,visa_required,
VU,TN,visa_required,
VU,TO,visa_on_arrival,
VU,TR,visa_required,
VU,TT,visa_free,
VU,TV,visa_on_arrival,
VU,TW,visa_required,
VU,TZ,visa_free,90
VU,UA,visa_required,
VU,UG,visa_free,90
VU,US,visa_required,
VU,UY,visa_required,
VU,UZ,e_visa,
VU,VA,visa_required,
VU,VC,visa_free,90
VU,VE,visa_required,
VU,VN,e_visa,
VU,WS,visa_on_arrival,
VU,XK,visa_free,90
VU,YE,visa_required,
VU,ZA,visa_required,
VU,ZM,visa_free,90
VU,ZW,visa_free,90
WS,AD,visa_free,90
WS,AE,e_visa,
WS,AF,visa_required,
WS,AG,visa_free,180
WS,AL,e_visa,
WS,AM,e_visa,
WS,AO,e_visa,
WS,AR,visa_required,
WS,AT,visa_free,90
WS,AU,e_visa,
WS,AZ,visa_required,
WS,BA,visa_free,90
WS,BB,visa_free,180
WS,BD,visa_free,90
WS,BE,visa_free,90
WS,BF,e_visa,
WS,BG,visa_free,90
WS,BH,e_visa,
WS,BI,visa_on_arrival,
WS,BJ,e_visa,
WS,BN,visa_required,
WS,BO,visa_on_arrival,
WS,BR,visa_required,
WS,BS,visa_free,90
WS,BT,e_visa,
WS,BW,visa_free,90
WS,BY,visa_required,
WS,BZ,visa_free,
WS,CA,eta,
WS,CD,e_visa,
WS,CF,visa_required,
WS,CG,visa_required,
WS,CH,visa_free,90
WS,CI,eta,
WS,CL,visa_required,
WS,CM,e_visa,
WS,CN,visa_required,
WS,CO,visa_free,90
WS,CR,visa_free,30
WS,CU,e_visa,
WS,CV,visa_on_arrival,
WS,CY,visa_free,90
WS,CZ,visa_free,90
WS,DE,visa_free,90
WS,DJ,visa_on_arrival,
WS,DK,visa_free,90
WS,DM,visa_free,180
WS,DO,visa_required,
WS,DZ,visa_required,
WS,EC,visa_free,90
WS,EE,visa_free,90
WS,EG,visa_on_arrival,
WS,ER,visa_required,
WS,ES,visa_free,90
WS,ET,e_visa,
WS,FI,visa_free,90
WS,FJ,visa_free,120
WS,FM,visa_free,30
WS,FR,visa_free,90
WS,GA,e_visa,
WS,GB,eta,
WS,GD,visa_free,90
WS,GE,e_visa,
WS,GH,visa_on_arrival,
WS,GM,visa_free,90
WS,GN,e_visa,
WS,GQ,e_visa,
WS,GR,visa_free,90
WS,GT,visa_required,
WS,GW,visa_on_arrival,
WS,GY,visa_required,
WS,HK,visa_free,30
WS,HN,visa_required,
WS,HR,visa_free,90
WS,HT,visa_free,90
WS,HU,visa_free,90
WS,ID,e_visa,
WS,IE,visa_free,90
WS,IL,visa_free,90
WS,IN,e_visa,
WS,IQ,e_visa,
WS,IR,visa_on_arrival,
WS,IS,visa_free,90
WS,IT,visa_free,90
WS,JM,visa_free,
WS,JO,visa_on_arrival,
WS,JP,visa_required,
WS,KE,eta,
WS,KG,e_visa,
WS,KH,visa_on_arrival,
WS,KI,visa_free,90
WS,KM,visa_on_arrival,
WS,KN,e_visa,
WS,KP,visa_required,
WS,KR,visa_free,30
WS,KW,visa_required,
WS,KZ,e_visa,
WS,LA,visa_on_arrival,
WS,LB,visa_on_arrival,
WS,LC,visa_free,42
WS,LI,visa_free,90
WS,LK,visa_on_arrival,
WS,LR,visa_required,
WS,LS,visa_free,90
WS,LT,visa_free,90
WS,LU,visa_free,90
WS,LV,visa_free,90
WS,LY,e_visa,
WS,MA,visa_required,
WS,MC,visa_free,90
WS,MD,visa_free,90
WS,ME,visa_free,90
WS,MG,visa_on_arrival,
WS,MH,visa_on_arrival,
WS,MK,visa_required,
WS,ML,visa_required,
WS,MM,visa_required,
WS,MN,e_visa,
WS,MO,visa_free,30
WS,MR,visa_on_arrival,
WS,MT,visa_free,90
WS,MU,visa_free,90
WS,MV,visa_on_arrival,
WS,MW,visa_free,90
WS,MX,visa_required,
WS,MY,visa_free,30
WS,MZ,visa_on_arrival,
WS,NA,visa_required,
WS,NE,visa_required,
WS,NG,e_visa,
WS,NI,visa_on_arrival,
WS,NL,visa_free,90
WS,NO,visa_free,90
WS,NP,visa_on_arrival,
WS,NR,visa_on_arrival,
WS,NZ,visa_required,
WS,OM,e_visa,
WS,PA,visa_free,90
WS,PE,visa_free,180
WS,PG,visa_on_arrival,
WS,PH,visa_free,30
WS,PK,visa_free,30
WS,PL,visa_free,90
WS,PS,visa_free,
WS,PT,visa_free,90
WS,PW,visa_on_arrival,
WS,PY,visa_required,
WS,QA,e_visa,
WS,RO,visa_free,90
WS,RS,visa_required,
WS,RU,visa_free,60
WS,RW,visa_free,30
WS,SA,visa_required,
WS,SB,visa_on_arrival,
WS,SC,visa_free,90
WS,SD,visa_required,
WS,SE,visa_free,90
WS,SG,visa_free,30
WS,SI,visa_free,90
WS,SK,visa_free,90
WS,SL,visa_on_arrival,
WS,SM,visa_free,90
WS,SN,visa_on_arrival,
WS,SO,e_visa,
WS,SR,visa_required,
WS,SS,e_visa,
WS,ST,e_visa,
WS,SV,e_visa,
WS,SY,e_visa,
WS,SZ,visa_free,30
WS,TD,visa_required,
WS,TG,e_visa,
WS,TH,e_visa,
WS,TJ,e_visa,
WS,TL,visa_on_arrival,
WS,TM,visa_required,
WS,TN,visa_required,
WS,TO,visa_on_arrival,
WS,TR,visa_required,
WS,TT,visa_free,
WS,TV,visa_on_arrival,
WS,TW,visa_required,
WS,TZ,visa_free,90
WS,UA,visa_required,
WS,UG,e_visa,
WS,US,visa_required,
WS,UY,visa_required,
WS,UZ,e_visa,
WS,VA,visa_free,90
WS,VC,visa_free,90
WS,VE,visa_required,
WS,VN,e_visa,
WS,VU,visa_free,120
WS,XK,visa_free,90
WS,YE,visa_required,
WS,ZA,visa_required,
WS,ZM,visa_free,90
WS,ZW,visa_free,90
XK,AD,visa_free,90
XK,AE,visa_free,90
XK,AF,visa_required,
XK,AG,visa_free,90
XK,AL,visa_free,90
XK,AM,no_admission,
XK,AO,visa_required,
XK,AR,visa_required,
XK,AT,visa_free,90
XK,AU,e_visa,
XK,AZ,visa_required,
XK,BA,visa_required,
XK,BB,visa_required,
XK,BD,visa_on_arrival,
XK,BE,visa_free,90
XK,BF,e_visa,
XK,BG,visa_free,90
XK,BH,e_visa,
XK,BI,visa_on_arrival,
XK,BJ,e_visa,
XK,BN,visa_required,
XK,BO,visa_on_arrival,
XK,BR,visa_required,
XK,BS,e_visa,
XK,BT,e_visa,
XK,BW,visa_required,
XK,BY,visa_required,
XK,BZ,visa_required,
XK,CA,visa_required,
XK,CD,e_visa,
XK,CF,visa_required,
XK,CG,visa_required,
XK,CH,visa_free,90
XK,CI,eta,
XK,CL,visa_required,
XK,CM,e_visa,
XK,CN,visa_required,
XK,CO,e_visa,
XK,CR,visa_required,
XK,CU,no_admission,
XK,CV,visa_on_arrival,
XK,CY,visa_free,90
XK,CZ,visa_free,90
XK,DE,visa_free,90
XK,DJ,visa_on_arrival,
XK,DK,visa_free,90
XK,DM,visa_free,21
XK,DO,visa_required,
XK,DZ,visa_required,
XK,EC,visa_free,90
XK,EE,visa_free,90
XK,EG,e_visa,
XK,ER,visa_required,
XK,ES,visa_free,90
XK,ET,visa_on_arrival,
XK,FI,visa_free,90
XK,FJ,visa_required,
XK,FM,visa_free,30
XK,FR,visa_free,90
XK,GA,e_visa,
XK,GB,visa_required,
XK,GD,visa_required,
XK,GE,visa_required,
XK,GH,visa_on_arrival,
XK,GM,visa_free,90
XK,GN,e_visa,
XK,GQ,e_visa,
XK,GR,visa_free,90
XK,GT,visa_required,
XK,GW,visa_on_arrival,
XK,GY,visa_required,
XK,HK,no_admission,
XK,HN,visa_required,
XK,HR,visa_free,90
XK,HT,visa_free,90
XK,HU,visa_free,90
XK,ID,e_visa,
XK,IE,visa_required,
XK,IL,visa_required,
XK,IN,visa_required,
XK,IQ,e_visa,
XK,IR,visa_on_arrival,
XK,IS,visa_free,90
XK,IT,visa_free,90
XK,JM,visa_on_arrival,
XK,JO,visa_on_arrival,
XK,JP,visa_required,
XK,KE,eta,
XK,KG,visa_required,
XK,KH,no_admission,
XK,KI,visa_required,
XK,KM,visa_on_arrival,
XK,KN,e_visa,
XK,KP,visa_required,
XK,KR,e_visa,
XK,KW,visa_required,
XK,KZ,visa_required,
XK,LA,visa_on_arrival,
XK,LB,visa_required,
XK,LC,visa_required,
XK,LI,visa_free,90
XK,LK,visa_on_arrival,
XK,LR,visa_required,
XK,LS,e_visa,
XK,LT,visa_free,90
XK,LU,visa_free,90
XK,LV,visa_free,90
XK,LY,e_visa,
XK,MA,visa_required,
XK,MC,visa_free,90
XK,MD,e_visa,
XK,ME,visa_free,30
XK,MG,visa_on_arrival,
XK,MH,visa_on_arrival,
XK,MK,visa_free,90
XK,ML,visa_required,
XK,MM,visa_required,
XK,MN,visa_required,
XK,MO,visa_on_arrival,
XK,MR,visa_on_arrival,
XK,MT,visa_free,90
XK,MU,visa_required,
XK,MV,visa_on_arrival,
XK,MW,e_visa,
XK,MX,visa_required,
XK,MY,e_visa,
XK,MZ,visa_on_arrival,
XK,NA,visa_required,
XK,NE,visa_required,
XK,NG,e_visa,
XK,NI,visa_required,
XK,NL,visa_free,90
XK,NO,visa_free,90
XK,NP,visa_on_arrival,
XK,NR,visa_required,
XK,NZ,visa_required,
XK,OM,e_visa,
XK,PA,visa_required,
XK,PE,visa_required,
XK,PG,e_visa,
XK,PH,visa_required,
XK,PK,e_visa,
XK,PL,visa_free,90
XK,PS,visa_free,
XK,PT,visa_free,90
XK,PW,visa_on_arrival,
XK,PY,visa_required,
XK,QA,e_visa,
XK,RO,visa_free,90
XK,RS,visa_free,
XK,RU,visa_required,
XK,RW,visa_on_arrival,
XK,SA,visa_required,
XK,SB,visa_required,
XK,SC,no_admission,
XK,SD,visa_required,
XK,SE,visa_free,90
XK,SG,e_visa,
XK,SI,visa_free,90
XK,SK,visa_free,90
XK,SL,e_visa,
XK,SM,visa_free,90
XK,SN,visa_required,
XK,SO,e_visa,
XK,SR,visa_required,
XK,SS,e_visa,
XK,ST,e_visa,
XK,SV,e_visa,
XK,SY,e_visa,
XK,SZ,visa_required,
XK,TD,visa_required,
XK,TG,e_visa,
XK,TH,visa_free,60
XK,TJ,visa_required,
XK,TL,visa_on_arrival,
XK,TM,visa_required,
XK,TN,visa_required,
XK,TO,visa_required,
XK,TR,visa_free,90
XK,TT,visa_required,
XK,TV,visa_on_arrival,
XK,TW,visa_free,90
XK,TZ,visa_on_arrival,
XK,UA,visa_required,
XK,UG,e_visa,
XK,US,visa_required,
XK,UY,visa_required,
XK,UZ,visa_required,
XK,VA,visa_free,90
XK,VC,visa_free,90
XK,VE,visa_required,
XK,VN,e_visa,
XK,VU,visa_required,
XK,WS,visa_on_arrival,
XK,YE,visa_required,
XK,ZA,visa_required,
XK,ZM,e_visa,
XK,ZW,e_visa,
YE,AD,visa_required,
YE,AE,e_visa,
YE,AF,visa_required,
YE,AG,e_visa,
YE,AL,e_visa,
YE,AM,visa_required,
YE,AO,visa_required,
YE,AR,visa_required,
YE,AT,visa_required,
YE,AU,e_visa,
YE,AZ,visa_required,
YE,BA,visa_required,
YE,BB,visa_required,
YE,BD,visa_required,
YE,BE,visa_required,
YE,BF,e_visa,
YE,BG,visa_required,
YE,BH,e_visa,
YE,BI,visa_on_arrival,
YE,BJ,e_visa,
YE,BN,visa_required,
YE,BO,visa_on_arrival,
YE,BR,visa_required,
YE,BS,e_visa,
YE,BT,e_visa,
YE,BW,e_visa,
YE,BY,visa_required,
YE,BZ,visa_required,
YE,CA,visa_required,
YE,CD,e_visa,
YE,CF,visa_required,
YE,CG,visa_required,
YE,CH,visa_required,
YE,CI,eta,
YE,CL,visa_required,
YE,CM,e_visa,
YE,CN,visa_required,
YE,CO,e_visa,
YE,CR,visa_required,
YE,CU,visa_required,
YE,CV,visa_on_arrival,
YE,CY,visa_required,
YE,CZ,visa_required,
YE,DE,visa_required,
YE,DJ,visa_on_arrival,
YE,DK,visa_required,
YE,DM,visa_free,21
YE,DO,visa_required,
YE,DZ,visa_required,
YE,EC,e_visa,
YE,EE,visa_required,
YE,EG,visa_required,
YE,ER,visa_required,
YE,ES,visa_required,
YE,ET,e_visa,
YE,FI,visa_required,
YE,FJ,visa_required,
YE,FM,visa_free,30
YE,FR,visa_required,
YE,GA,e_visa,
YE,GB,visa_required,
YE,GD,visa_required,
YE,GE,e_visa,
YE,GH,visa_on_arrival,
YE,GM,visa_required,
YE,GN,e_visa,
YE,GQ,e_visa,
YE,GR,visa_required,
YE,GT,visa_required,
YE,GW,visa_on_arrival,
YE,GY,visa_required,
YE,HK,e_visa,
YE,HN,visa_required,
YE,HR,visa_required,
YE,HT,visa_free,90
YE,HU,visa_required,
YE,ID,e_visa,
YE,IE,visa_required,
YE,IL,visa_required,
YE,IN,visa_required,
YE,IQ,e_visa,
YE,IR,visa_on_arrival,
YE,IS,visa_required,
YE,IT,visa_required,
YE,JM,visa_required,
YE,JO,visa_required,
YE,JP,visa_required,
YE,KE,eta,
YE,KG,e_visa,
YE,KH,visa_on_arrival,
YE,KI,visa_required,
YE,KM,visa_on_arrival,
YE,KN,e_visa,
YE,KP,visa_required,
YE,KR,e_visa,
YE,KW,visa_required,
YE,KZ,visa_required,
YE,LA,visa_on_arrival,
YE,LB,visa_on_arrival,
YE,LC,visa_required,
YE,LI,visa_required,
YE,LK,visa_on_arrival,
YE,LR,visa_required,
YE,LS,e_visa,
YE,LT,visa_required,
YE,LU,visa_required,
YE,LV,visa_required,
YE,LY,no_admission,
YE,MA,visa_required,
YE,MC,visa_required,
YE,MD,e_visa,
YE,ME,visa_required,
YE,MG,visa_on_arrival,
YE,MH,visa_required,
YE,MK,visa_required,
YE,ML,visa_required,
YE,MM,visa_required,
YE,MN,visa_required,
YE,MO,visa_on_arrival,
YE,MR,visa_on_arrival,
YE,MT,visa_required,
YE,MU,visa_required,
YE,MV,visa_on_arrival,
YE,MW,e_visa,
YE,MX,visa_required,
YE,MY,visa_free,90
YE,MZ,visa_on_arrival,
YE,NA,visa_required,
YE,NE,visa_required,
YE,NG,e_visa,
YE,NI,visa_required,
YE,NL,visa_required,
YE,NO,visa_required,
YE,NP,visa_on_arrival,
YE,NR,visa_required,
YE,NZ,visa_required,
YE,OM,e_visa,
YE,PA,visa_required,
YE,PE,visa_required,
YE,PG,e_visa,
YE,PH,visa_required,
YE,PK,e_visa,
YE,PL,visa_required,
YE,PS,visa_free,
YE,PT,visa_required,
YE,PW,visa_on_arrival,
YE,PY,visa_required,
YE,QA,e_visa,
YE,RO,visa_required,
YE,RS,visa_required,
YE,RU,visa_required,
YE,RW,visa_on_arrival,
YE,SA,visa_required,
YE,SB,visa_required,
YE,SC,visa_free,90
YE,SD,visa_free,30
YE,SE,visa_required,
YE,SG,e_visa,
YE,SI,visa_required,
YE,SK,visa_required,
YE,SL,e_visa,
YE,SM,visa_required,
YE,SN,visa_required,
YE,SO,e_visa,
YE,SR,visa_required,
YE,SS,e_visa,
YE,ST,e_visa,
YE,SV,e_visa,
YE,SY,visa_free,
YE,SZ,visa_required,
YE,TD,visa_required,
YE,TG,e_visa,
YE,TH,visa_required,
YE,TJ,visa_on_arrival,
YE,TL,visa_on_arrival,
YE,TM,visa_required,
YE,TN,visa_required,
YE,TO,visa_required,
YE,TR,visa_required,
YE,TT,visa_required,
YE,TV,visa_on_arrival,
YE,TW,visa_required,
YE,TZ,e_visa,
YE,UA,visa_required,
YE,UG,e_visa,
YE,US,visa_required,
YE,UY,visa_required,
YE,UZ,visa_required,
YE,VA,visa_required,
YE,VC,visa_free,90
YE,VE,visa_required,
YE,VN,e_visa,
YE,VU,visa_required,
YE,WS,visa_on_arrival,
YE,XK,visa_required,
YE,ZA,visa_required,
YE,ZM,e_visa,
YE,ZW,e_visa,
ZA,AD,visa_required,
ZA,AE,e_visa,
ZA,AF,visa_required,
ZA,AG,visa_free,180
ZA,AL,e_visa,
ZA,AM,visa_on_arrival,
ZA,AO,visa_free,30
ZA,AR,visa_free,90
ZA,AT,visa_required,
ZA,AU,e_visa,
ZA,AZ,e_visa,
ZA,BA,visa_required,
ZA,BB,visa_free,180
ZA,BD,visa_required,
ZA,BE,visa_required,
ZA,BF,e_visa,
ZA,BG,visa_required,
ZA,BH,e_visa,
ZA,BI,visa_on_arrival,
ZA,BJ,visa_free,90
ZA,BN,visa_required,
ZA,BO,visa_on_arrival,
ZA,BR,visa_free,90
ZA,BS,visa_free,90
ZA,BT,e_visa,
ZA,BW,visa_free,90
ZA,BY,visa_required,
ZA,BZ,visa_free,
ZA,CA,visa_required,
ZA,CD,e_visa,
ZA,CF,visa_required,
ZA,CG,visa_required,
ZA,CH,visa_required,
ZA,CI,eta,
ZA,CL,visa_free,90
ZA,CM,e_visa,
ZA,CN,visa_required,
ZA,CO,e_visa,
ZA,CR,visa_free,180
ZA,CU,e_visa,
ZA,CV,visa_on_arrival,
ZA,CY,visa_required,
ZA,CZ,visa_required,
ZA,DE,visa_required,
ZA,DJ,visa_on_arrival,
ZA,DK,visa_required,
ZA,DM,visa_free,180
ZA,DO,visa_free,
ZA,DZ,visa_required,
ZA,EC,visa_free,90
ZA,EE,visa_required,
ZA,EG,visa_on_arrival,
ZA,ER,visa_required,
ZA,ES,visa_required,
ZA,ET,visa_on_arrival,
ZA,FI,visa_required,
ZA,FJ,visa_free,120
ZA,FM,visa_free,30
ZA,FR,visa_required,
ZA,GA,visa_free,30
ZA,GB,visa_required,
ZA,GD,visa_free,90
ZA,GE,visa_free,360
ZA,GH,visa_free,90
ZA,GM,visa_free,90
ZA,GN,e_visa,
ZA,GQ,e_visa,
ZA,GR,visa_required,
ZA,GT,visa_free,90
ZA,GW,visa_on_arrival,
ZA,GY,visa_free,30
ZA,HK,visa_free,30
ZA,HN,visa_free,90
ZA,HR,visa_required,
ZA,HT,visa_free,90
ZA,HU,visa_required,
ZA,ID,visa_on_arrival,
ZA,IE,visa_required,
ZA,IL,visa_free,90
ZA,IN,e_visa,
ZA,IQ,e_visa,
ZA,IR,visa_on_arrival,
ZA,IS,visa_required,
ZA,IT,visa_required,
ZA,JM,visa_free,
ZA,JO,visa_on_arrival,
ZA,JP,e_visa,
ZA,KE,eta,
ZA,KG,visa_on_arrival,
ZA,KH,visa_on_arrival,
ZA,KI,visa_free,90
ZA,KM,visa_on_arrival,
ZA,KN,visa_free,90
ZA,KP,visa_required,
ZA,KR,eta,
ZA,KW,visa_required,
ZA,KZ,e_visa,
ZA,LA,visa_on_arrival,
ZA,LB,visa_required,
ZA,LC,visa_free,42
ZA,LI,visa_required,
ZA,LK,visa_on_arrival,
ZA,LR,visa_required,
ZA,LS,visa_free,
ZA,LT,visa_required,
ZA,LU,visa_required,
ZA,LV,visa_required,
ZA,LY,e_visa,
ZA,MA,visa_required,
ZA,MC,visa_required,
ZA,MD,e_visa,
ZA,ME,visa_required,
ZA,MG,visa_on_arrival,
ZA,MH,visa_on_arrival,
ZA,MK,visa_required,
ZA,ML,visa_required,
ZA,MM,e_visa,
ZA,MN,e_visa,
ZA,MO,visa_free,30
ZA,MR,visa_on_arrival,
ZA,MT,visa_required,
ZA,MU,visa_free,90
ZA,MV,visa_on_arrival,
ZA,MW,visa_free,90
ZA,MX,visa_required,
ZA,MY,visa_free,90
ZA,MZ,visa_free,
ZA,NA,visa_free,90
ZA,NE,visa_required,
ZA,NG,visa_on_arrival,
ZA,NI,visa_free,90
ZA,NL,visa_required,
ZA,NO,visa_required,
ZA,NP,visa_on_arrival,
ZA,NR,visa_required,
ZA,NZ,visa_required,
ZA,OM,visa_on_arrival,
ZA,PA,visa_free,90
ZA,PE,visa_free,180
ZA,PG,eta,
ZA,PH,visa_free,30
ZA,PK,eta,
ZA,PL,visa_required,
ZA,PS,visa_free,
ZA,PT,visa_required,
ZA,PW,visa_on_arrival,
ZA,PY,visa_free,90
ZA,QA,visa_on_arrival,
ZA,RO,visa_required,
ZA,RS,visa_required,
ZA,RU,visa_free,90
ZA,RW,visa_free,30
ZA,SA,visa_on_arrival,
ZA,SB,visa_required,
ZA,SC,visa_free,90
ZA,SD,visa_required,
ZA,SE,visa_required,
ZA,SG,visa_free,30
ZA,SI,visa_required,
ZA,SK,visa_required,
ZA,SL,visa_on_arrival,
ZA,SM,visa_required,
ZA,SN,visa_on_arrival,
ZA,SO,visa_on_arrival,
ZA,SR,e_visa,
ZA,SS,e_visa,
ZA,ST,e_visa,
ZA,SV,visa_free,180
ZA,SY,e_visa,
ZA,SZ,visa_free,30
ZA,TD,visa_required,
ZA,TG,e_visa,
ZA,TH,visa_free,60
ZA,TJ,visa_on_arrival,
ZA,TL,visa_on_arrival,
ZA,TM,visa_required,
ZA,TN,visa_free,90
ZA,TO,visa_required,
ZA,TR,e_visa,
ZA,TT,visa_free,90
ZA,TV,visa_on_arrival,
ZA,TW,visa_required,
ZA,TZ,visa_free,90
ZA,UA,visa_required,
ZA,UG,e_visa,
ZA,US,visa_required,
ZA,UY,visa_free,90
ZA,UZ,visa_required,
ZA,VA,visa_required,
ZA,VC,visa_free,90
ZA,VE,visa_free,90
ZA,VN,e_visa,
ZA,VU,visa_free,120
ZA,WS,visa_on_arrival,
ZA,XK,visa_required,
ZA,YE,visa_required,
ZA,ZM,visa_free,90
ZA,ZW,visa_free,90
ZM,AD,visa_required,
ZM,AE,e_visa,
ZM,AF,visa_required,
ZM,AG,visa_free,180
ZM,AL,e_visa,
ZM,AM,visa_required,
ZM,AO,visa_free,30
ZM,AR,visa_required,
ZM,AT,visa_required,
ZM,AU,e_visa,
ZM,AZ,visa_required,
ZM,BA,visa_required,
ZM,BB,visa_free,180
ZM,BD,visa_free,90
ZM,BE,visa_required,
ZM,BF,e_visa,
ZM,BG,visa_required,
ZM,BH,e_visa,
ZM,BI,visa_on_arrival,
ZM,BJ,visa_free,90
ZM,BN,visa_required,
ZM,BO,visa_on_arrival,
ZM,BR,visa_required,
ZM,BS,visa_free,90
ZM,BT,e_visa,
ZM,BW,visa_free,90
ZM,BY,visa_required,
ZM,BZ,visa_free,
ZM,CA,visa_required,
ZM,CD,e_visa,
ZM,CF,visa_required,
ZM,CG,visa_required,
ZM,CH,visa_required,
ZM,CI,eta,
ZM,CL,visa_required,
ZM,CM,e_visa,
ZM,CN,visa_required,
ZM,CO,e_visa,
ZM,CR,visa_required,
ZM,CU,e_visa,
ZM,CV,visa_on_arrival,
ZM,CY,visa_required,
ZM,CZ,visa_required,
ZM,DE,visa_required,
ZM,DJ,visa_on_arrival,
ZM,DK,visa_required,
ZM,DM,visa_free,180
ZM,DO,visa_required,
ZM,DZ,visa_required,
ZM,EC,visa_free,90
ZM,EE,visa_required,
ZM,EG,visa_required,
ZM,ER,visa_required,
ZM,ES,visa_required,
ZM,ET,visa_on_arrival,
ZM,FI,visa_required,
ZM,FJ,visa_free,120
ZM,FM,visa_free,30
ZM,FR,visa_required,
ZM,GA,e_visa,
ZM,GB,visa_required,
ZM,GD,visa_free,90
ZM,GE,e_visa,
ZM,GH,visa_on_arrival,
ZM,GM,visa_free,90
ZM,GN,e_visa,
ZM,GQ,e_visa,
ZM,GR,visa_required,
ZM,GT,visa_required,
ZM,GW,visa_on_arrival,
ZM,GY,visa_required,
ZM,HK,visa_free,90
ZM,HN,visa_required,
ZM,HR,visa_required,
ZM,HT,visa_free,90
ZM,HU,visa_required,
ZM,ID,e_visa,
ZM,IE,visa_required,
ZM,IL,visa_required,
ZM,IN,e_visa,
ZM,IQ,e_visa,
ZM,IR,visa_on_arrival,
ZM,IS,visa_required,
ZM,IT,visa_required,
ZM,JM,visa_free,
ZM,JO,visa_required,
ZM,JP,visa_required,
ZM,KE,eta,
ZM,KG,e_visa,
ZM,KH,visa_on_arrival,
ZM,KI,visa_free,90
ZM,KM,visa_on_arrival,
ZM,KN,visa_free,90
ZM,KP,visa_required,
ZM,KR,e_visa,
ZM,KW,visa_required,
ZM,KZ,e_visa,
ZM,LA,visa_required,
ZM,LB,visa_required,
ZM,LC,visa_free,42
ZM,LI,visa_required,
ZM,LK,visa_on_arrival,
ZM,LR,visa_required,
ZM,LS,visa_free,90
ZM,LT,visa_required,
ZM,LU,visa_required,
ZM,LV,visa_required,
ZM,LY,e_visa,
ZM,MA,visa_required,
ZM,MC,visa_required,
ZM,MD,visa_required,
ZM,ME,visa_required,
ZM,MG,visa_on_arrival,
ZM,MH,visa_required,
ZM,MK,visa_required,
ZM,ML,visa_required,
ZM,MM,visa_required,
ZM,MN,e_visa,
ZM,MO,visa_on_arrival,
ZM,MR,visa_on_arrival,
ZM,MT,visa_required,
ZM,MU,visa_free,90
ZM,MV,visa_on_arrival,
ZM,MW,visa_free,90
ZM,MX,visa_required,
ZM,MY,visa_free,30
ZM,MZ,visa_free,
ZM,NA,visa_free,90
ZM,NE,visa_required,
ZM,NG,visa_on_arrival,
ZM,NI,visa_on_arrival,
ZM,NL,visa_required,
ZM,NO,visa_required,
ZM,NP,visa_on_arrival,
ZM,NR,visa_required,
ZM,NZ,visa_required,
ZM,OM,e_visa,
ZM,PA,visa_required,
ZM,PE,visa_required,
ZM,PG,eta,
ZM,PH,visa_free,30
ZM,PK,eta,
ZM,PL,visa_required,
ZM,PS,visa_required,
ZM,PT,visa_required,
ZM,PW,visa_on_arrival,
ZM,PY,visa_required,
ZM,QA,e_visa,
ZM,RO,visa_required,
ZM,RS,visa_required,
ZM,RU,visa_required,
ZM,RW,visa_free,30
ZM,SA,visa_required,
ZM,SB,visa_required,
ZM,SC,visa_free,90
ZM,SD,visa_required,
ZM,SE,visa_required,
ZM,SG,visa_free,30
ZM,SI,visa_required,
ZM,SK,visa_required,
ZM,SL,visa_on_arrival,
ZM,SM,visa_required,
ZM,SN,visa_on_arrival,
ZM,SO,e_visa,
ZM,SR,e_visa,
ZM,SS,e_visa,
ZM,ST,e_visa,
ZM,SV,e_visa,
ZM,SY,e_visa,
ZM,SZ,visa_free,30
ZM,TD,visa_required,
ZM,TG,e_visa,
ZM,TH,visa_required,
ZM,TJ,e_visa,
ZM,TL,visa_on_arrival,
ZM,TM,visa_required,
ZM,TN,visa_required,
ZM,TO,visa_required,
ZM,TR,visa_required,
ZM,TT,visa_free,
ZM,TV,visa_on_arrival,
ZM,TW,visa_required,
ZM,TZ,visa_free,90
ZM,UA,visa_required,
ZM,UG,visa_free,90
ZM,US,visa_required,
ZM,UY,visa_required,
ZM,UZ,visa_required,
ZM,VA,visa_required,
ZM,VC,visa_free,90
ZM,VE,visa_required,
ZM,VN,e_visa,
ZM,VU,visa_free,120
ZM,WS,visa_on_arrival,
ZM,XK,visa_required,
ZM,YE,visa_required,
ZM,ZA,visa_free,90
ZM,ZW,visa_free,90
ZW,AD,visa_required,
ZW,AE,e_visa,
ZW,AF,visa_required,
ZW,AG,e_visa,
ZW,AL,e_visa,
ZW,AM,visa_required,
ZW,AO,visa_free,30
ZW,AR,visa_required,
ZW,AT,visa_required,
ZW,AU,e_visa,
ZW,AZ,visa_required,
ZW,BA,visa_required,
ZW,BB,visa_free,180
ZW,BD,visa_on_arrival,
ZW,BE,visa_required,
ZW,BF,e_visa,
ZW,BG,visa_required,
ZW,BH,e_visa,
ZW,BI,visa_on_arrival,
ZW,BJ,visa_free,90
ZW,BN,visa_required,
ZW,BO,visa_on_arrival,
ZW,BR,visa_required,
ZW,BS,visa_free,90
ZW,BT,e_visa,
ZW,BW,visa_free,90
ZW,BY,visa_required,
ZW,BZ,visa_free,
ZW,CA,visa_required,
ZW,CD,visa_free,90
ZW,CF,visa_required,
ZW,CG,visa_required,
ZW,CH,visa_required,
ZW,CI,eta,
ZW,CL,visa_required,
ZW,CM,e_visa,
ZW,CN,visa_required,
ZW,CO,e_visa,
ZW,CR,visa_required,
ZW,CU,e_visa,
ZW,CV,visa_on_arrival,
ZW,CY,visa_required,
ZW,CZ,visa_required,
ZW,DE,visa_required,
ZW,DJ,visa_on_arrival,
ZW,DK,visa_required,
ZW,DM,visa_free,21
ZW,DO,visa_required,
ZW,DZ,visa_required,
ZW,EC,visa_free,90
ZW,EE,visa_required,
ZW,EG,visa_required,
ZW,ER,visa_required,
ZW,ES,visa_required,
ZW,ET,visa_on_arrival,
ZW,FI,visa_required,
ZW,FJ,visa_free,120
ZW,FM,visa_free,30
ZW,FR,visa_required,
ZW,GA,e_visa,
ZW,GB,visa_required,
ZW,GD,visa_required,
ZW,GE,e_visa,
ZW,GH,visa_free,60
ZW,GM,visa_free,90
ZW,GN,e_visa,
ZW,GQ,e_visa,
ZW,GR,visa_required,
ZW,GT,visa_required,
ZW,GW,visa_on_arrival,
ZW,GY,visa_required,
ZW,HK,visa_free,90
ZW,HN,visa_required,
ZW,HR,visa_required,
ZW,HT,visa_free,90
ZW,HU,visa_required,
ZW,ID,e_visa,
ZW,IE,visa_required,
ZW,IL,visa_required,
ZW,IN,e_visa,
ZW,IQ,e_visa,
ZW,IR,visa_free,15
ZW,IS,visa_required,
ZW,IT,visa_required,
ZW,JM,visa_required,
ZW,JO,visa_on_arrival,
ZW,JP,visa_required,
ZW,KE,eta,
ZW,KG,e_visa,
ZW,KH,visa_on_arrival,
ZW,KI,visa_required,
ZW,KM,visa_on_arrival,
ZW,KN,visa_free,90
ZW,KP,visa_required,
ZW,KR,e_visa,
ZW,KW,visa_required,
ZW,KZ,e_visa,
ZW,LA,visa_required,
ZW,LB,visa_required,
ZW,LC,visa_on_arrival,
ZW,LI,visa_required,
ZW,LK,visa_on_arrival,
ZW,LR,visa_required,
ZW,LS,visa_free,
ZW,LT,visa_required,
ZW,LU,visa_required,
ZW,LV,visa_required,
ZW,LY,e_visa,
ZW,MA,visa_required,
ZW,MC,visa_required,
ZW,MD,visa_required,
ZW,ME,visa_required,
ZW,MG,visa_on_arrival,
ZW,MH,visa_required,
ZW,MK,visa_required,
ZW,ML,visa_required,
ZW,MM,visa_required,
ZW,MN,e_visa,
ZW,MO,visa_on_arrival,
ZW,MR,visa_on_arrival,
ZW,MT,visa_required,
ZW,MU,visa_free,90
ZW,MV,visa_on_arrival,
ZW,MW,visa_free,90
ZW,MX,visa_required,
ZW,MY,visa_free,30
ZW,MZ,visa_free,
ZW,NA,visa_free,90
ZW,NE,visa_required,
ZW,NG,visa_on_arrival,
ZW,NI,visa_on_arrival,
ZW,NL,visa_required,
ZW,NO,visa_required,
ZW,NP,visa_required,
ZW,NR,visa_required,
ZW,NZ,visa_required,
ZW,OM,e_visa,
ZW,PA,visa_required,
ZW,PE,visa_required,
ZW,PG,e_visa,
ZW,PH,visa_free,30
ZW,PK,e_visa,
ZW,PL,visa_required,
ZW,PS,visa_free,
ZW,PT,visa_required,
ZW,PW,visa_on_arrival,
ZW,PY,visa_required,
ZW,QA,e_visa,
ZW,RO,visa_required,
ZW,RS,visa_required,
ZW,RU,e_visa,
ZW,RW,visa_free,30
ZW,SA,visa_required,
ZW,SB,visa_required,
ZW,SC,visa_free,90
ZW,SD,visa_required,
ZW,SE,visa_required,
ZW,SG,visa_free,30
ZW,SI,visa_required,
ZW,SK,visa_required,
ZW,SL,e_visa,
ZW,SM,visa_required,
ZW,SN,visa_on_arrival,
ZW,SO,e_visa,
ZW,SR,visa_required,
ZW,SS,e_visa,
ZW,ST,e_visa,
ZW,SV,e_visa,
ZW,SY,e_visa,
ZW,SZ,visa_free,30
ZW,TD,visa_required,
ZW,TG,e_visa,
ZW,TH,visa_required,
ZW,TJ,e_visa,
ZW,TL,visa_on_arrival,
ZW,TM,visa_required,
ZW,TN,visa_required,
ZW,TO,visa_required,
ZW,TR,visa_required,
ZW,TT,visa_free,
ZW,TV,visa_on_arrival,
ZW,TW,visa_required,
ZW,TZ,visa_free,90
ZW,UA,visa_required,
ZW,UG,visa_free,90
ZW,US,visa_required,
ZW,UY,visa_required,
ZW,UZ,visa_required,
ZW,VA,visa_required,
ZW,VC,visa_free,90
ZW,VE,visa_required,
ZW,VN,e_visa,
ZW,VU,visa_free,120
ZW,WS,visa_on_arrival,
ZW,XK,visa_required,
ZW,YE,visa_required,
ZW,ZA,visa_free,90
ZW,ZM,visa_free,90
